[tick=0] [HOST_A] TX bit=0
[tick=0] [HOST_B] RX bit=0
[tick=100] [HOST_A] TX bit=1
[tick=100] [HOST_B] RX bit=1
[tick=200] [HOST_A] TX bit=0
[tick=200] [HOST_B] RX bit=0
[tick=300] [HOST_A] TX bit=0
[tick=300] [HOST_B] RX bit=0
[tick=400] [HOST_A] TX bit=1
[tick=400] [HOST_B] RX bit=1
[tick=500] [HOST_A] TX bit=0
[tick=500] [HOST_B] RX bit=0
[tick=600] [HOST_A] TX bit=0
[tick=600] [HOST_B] RX bit=0
[tick=700] [HOST_A] TX bit=0
[tick=700] [HOST_B] RX bit=0
[tick=800] [HOST_A] TX bit=0
[tick=800] [HOST_B] RX bit=0
[tick=900] [HOST_A] TX bit=0
[tick=900] [HOST_B] RX bit=0
[tick=1000] [HOST_A] TX bit=1
[tick=1000] [HOST_B] RX bit=1
[tick=1100] [HOST_A] TX bit=0
[tick=1100] [HOST_B] RX bit=0
[tick=1200] [HOST_A] TX bit=1
[tick=1200] [HOST_B] RX bit=1
[tick=1300] [HOST_A] TX bit=0
[tick=1300] [HOST_B] RX bit=0
[tick=1400] [HOST_A] TX bit=1
[tick=1400] [HOST_B] RX bit=1
[tick=1500] [HOST_A] TX bit=0
[tick=1500] [HOST_B] RX bit=0
[tick=1500] [HOST_B] RX complete frame=0101010000010010
[tick=1600] [HOST_B] TX bit=0
[tick=1600] [HOST_A] RX bit=0
[tick=1700] [HOST_B] TX bit=1
[tick=1700] [HOST_A] RX bit=1
[tick=1800] [HOST_B] TX bit=0
[tick=1800] [HOST_A] RX bit=0
[tick=1900] [HOST_B] TX bit=1
[tick=1900] [HOST_A] RX bit=1
[tick=2000] [HOST_B] TX bit=1
[tick=2000] [HOST_A] RX bit=1
[tick=2100] [HOST_B] TX bit=0
[tick=2100] [HOST_A] RX bit=0
[tick=2200] [HOST_B] TX bit=0
[tick=2200] [HOST_A] RX bit=0
[tick=2300] [HOST_B] TX bit=0
[tick=2300] [HOST_A] RX bit=0
[tick=2400] [HOST_B] TX bit=0
[tick=2400] [HOST_A] RX bit=0
[tick=2500] [HOST_B] TX bit=0
[tick=2500] [HOST_A] RX bit=0
[tick=2600] [HOST_B] TX bit=0
[tick=2600] [HOST_A] RX bit=True
[tick=2700] [HOST_B] TX bit=0
[tick=2700] [HOST_A] RX bit=0
[tick=2800] [HOST_B] TX bit=1
[tick=2800] [HOST_A] RX bit=False
[tick=2900] [HOST_B] TX bit=0
[tick=2900] [HOST_A] RX bit=0
[tick=3000] [HOST_B] TX bit=1
[tick=3000] [HOST_A] RX bit=1
[tick=3100] [HOST_B] TX bit=0
[tick=3100] [HOST_A] RX bit=0
[tick=3100] [HOST_A] RX complete frame=0100010000011010
[tick=3200] [HOST_A] TX bit=0
[tick=3200] [HOST_B] RX bit=0
[tick=3300] [HOST_A] TX bit=1
[tick=3300] [HOST_B] RX bit=1
[tick=3400] [HOST_A] TX bit=0
[tick=3400] [HOST_B] RX bit=0
[tick=3500] [HOST_A] TX bit=0
[tick=3500] [HOST_B] RX bit=0
[tick=3600] [HOST_A] TX bit=1
[tick=3600] [HOST_B] RX bit=1
[tick=3700] [HOST_A] TX bit=0
[tick=3700] [HOST_B] RX bit=0
[tick=3800] [HOST_A] TX bit=0
[tick=3800] [HOST_B] RX bit=0
[tick=3900] [HOST_A] TX bit=0
[tick=3900] [HOST_B] RX bit=0
[tick=4000] [HOST_A] TX bit=0
[tick=4000] [HOST_B] RX bit=True
[tick=4100] [HOST_A] TX bit=0
[tick=4100] [HOST_B] RX bit=0
[tick=4200] [HOST_A] TX bit=1
[tick=4200] [HOST_B] RX bit=1
[tick=4300] [HOST_A] TX bit=0
[tick=4300] [HOST_B] RX bit=0
[tick=4400] [HOST_A] TX bit=1
[tick=4400] [HOST_B] RX bit=1
[tick=4500] [HOST_A] TX bit=0
[tick=4500] [HOST_B] RX bit=0
[tick=4600] [HOST_A] TX bit=1
[tick=4600] [HOST_B] RX bit=False
[tick=4700] [HOST_A] TX bit=0
[tick=4700] [HOST_B] RX bit=True
[tick=4700] [HOST_B] RX complete frame=1001010100010010
[tick=4800] [HOST_B] TX bit=0
[tick=4800] [HOST_A] RX bit=0
[tick=4900] [HOST_B] TX bit=1
[tick=4900] [HOST_A] RX bit=1
[tick=5000] [HOST_B] TX bit=0
[tick=5000] [HOST_A] RX bit=0
[tick=5100] [HOST_B] TX bit=1
[tick=5100] [HOST_A] RX bit=1
[tick=5200] [HOST_B] TX bit=0
[tick=5200] [HOST_A] RX bit=0
[tick=5300] [HOST_B] TX bit=1
[tick=5300] [HOST_A] RX bit=1
[tick=5400] [HOST_B] TX bit=0
[tick=5400] [HOST_A] RX bit=0
[tick=5500] [HOST_B] TX bit=0
[tick=5500] [HOST_A] RX bit=0
[tick=5600] [HOST_B] TX bit=0
[tick=5600] [HOST_A] RX bit=0
[tick=5700] [HOST_B] TX bit=0
[tick=5700] [HOST_A] RX bit=0
[tick=5800] [HOST_B] TX bit=0
[tick=5800] [HOST_A] RX bit=0
[tick=5900] [HOST_B] TX bit=0
[tick=5900] [HOST_A] RX bit=0
[tick=6000] [HOST_B] TX bit=1
[tick=6000] [HOST_A] RX bit=1
[tick=6100] [HOST_B] TX bit=0
[tick=6100] [HOST_A] RX bit=0
[tick=6200] [HOST_B] TX bit=1
[tick=6200] [HOST_A] RX bit=False
[tick=6300] [HOST_B] TX bit=0
[tick=6300] [HOST_A] RX bit=0
[tick=6300] [HOST_A] RX complete frame=0001000000101010
[tick=6400] [HOST_A] TX bit=0
[tick=6400] [HOST_B] RX bit=0
[tick=6500] [HOST_A] TX bit=1
[tick=6500] [HOST_B] RX bit=1
[tick=6600] [HOST_A] TX bit=0
[tick=6600] [HOST_B] RX bit=0
[tick=6700] [HOST_A] TX bit=0
[tick=6700] [HOST_B] RX bit=0
[tick=6800] [HOST_A] TX bit=1
[tick=6800] [HOST_B] RX bit=1
[tick=6900] [HOST_A] TX bit=0
[tick=6900] [HOST_B] RX bit=0
[tick=7000] [HOST_A] TX bit=0
[tick=7000] [HOST_B] RX bit=0
[tick=7100] [HOST_A] TX bit=0
[tick=7100] [HOST_B] RX bit=0
[tick=7200] [HOST_A] TX bit=0
[tick=7200] [HOST_B] RX bit=0
[tick=7300] [HOST_A] TX bit=0
[tick=7300] [HOST_B] RX bit=0
[tick=7400] [HOST_A] TX bit=1
[tick=7400] [HOST_B] RX bit=1
[tick=7500] [HOST_A] TX bit=0
[tick=7500] [HOST_B] RX bit=0
[tick=7600] [HOST_A] TX bit=1
[tick=7600] [HOST_B] RX bit=1
[tick=7700] [HOST_A] TX bit=0
[tick=7700] [HOST_B] RX bit=0
[tick=7800] [HOST_A] TX bit=1
[tick=7800] [HOST_B] RX bit=1
[tick=7900] [HOST_A] TX bit=0
[tick=7900] [HOST_B] RX bit=0
[tick=7900] [HOST_B] RX complete frame=0101010000010010
[tick=8000] [HOST_B] TX bit=0
[tick=8000] [HOST_A] RX bit=0
[tick=8100] [HOST_B] TX bit=1
[tick=8100] [HOST_A] RX bit=1
[tick=8200] [HOST_B] TX bit=0
[tick=8200] [HOST_A] RX bit=0
[tick=8300] [HOST_B] TX bit=1
[tick=8300] [HOST_A] RX bit=1
[tick=8400] [HOST_B] TX bit=1
[tick=8400] [HOST_A] RX bit=1
[tick=8500] [HOST_B] TX bit=0
[tick=8500] [HOST_A] RX bit=0
[tick=8600] [HOST_B] TX bit=0
[tick=8600] [HOST_A] RX bit=0
[tick=8700] [HOST_B] TX bit=0
[tick=8700] [HOST_A] RX bit=0
[tick=8800] [HOST_B] TX bit=0
[tick=8800] [HOST_A] RX bit=0
[tick=8900] [HOST_B] TX bit=0
[tick=8900] [HOST_A] RX bit=0
[tick=9000] [HOST_B] TX bit=0
[tick=9000] [HOST_A] RX bit=0
[tick=9100] [HOST_B] TX bit=0
[tick=9100] [HOST_A] RX bit=0
[tick=9200] [HOST_B] TX bit=1
[tick=9200] [HOST_A] RX bit=1
[tick=9300] [HOST_B] TX bit=0
[tick=9300] [HOST_A] RX bit=0
[tick=9400] [HOST_B] TX bit=1
[tick=9400] [HOST_A] RX bit=1
[tick=9500] [HOST_B] TX bit=0
[tick=9500] [HOST_A] RX bit=0
[tick=9500] [HOST_A] RX complete frame=0101000000011010
[tick=9600] [HOST_A] TX bit=0
[tick=9600] [HOST_B] RX bit=0
[tick=9700] [HOST_A] TX bit=1
[tick=9700] [HOST_B] RX bit=1
[tick=9800] [HOST_A] TX bit=0
[tick=9800] [HOST_B] RX bit=0
[tick=9900] [HOST_A] TX bit=1
[tick=9900] [HOST_B] RX bit=1
[tick=10000] [HOST_A] TX bit=0
[tick=10000] [HOST_B] RX bit=0
[tick=10100] [HOST_A] TX bit=1
[tick=10100] [HOST_B] RX bit=1
[tick=10200] [HOST_A] TX bit=1
[tick=10200] [HOST_B] RX bit=1
[tick=10300] [HOST_A] TX bit=1
[tick=10300] [HOST_B] RX bit=1
[tick=10400] [HOST_A] TX bit=0
[tick=10400] [HOST_B] RX bit=0
[tick=10500] [HOST_A] TX bit=1
[tick=10500] [HOST_B] RX bit=1
[tick=10600] [HOST_A] TX bit=1
[tick=10600] [HOST_B] RX bit=1
[tick=10700] [HOST_A] TX bit=0
[tick=10700] [HOST_B] RX bit=0
[tick=10800] [HOST_A] TX bit=1
[tick=10800] [HOST_B] RX bit=1
[tick=10900] [HOST_A] TX bit=0
[tick=10900] [HOST_B] RX bit=0
[tick=11000] [HOST_A] TX bit=1
[tick=11000] [HOST_B] RX bit=1
[tick=11100] [HOST_A] TX bit=0
[tick=11100] [HOST_B] RX bit=0
[tick=11100] [HOST_B] RX complete frame=0101011011101010
[tick=11200] [HOST_B] TX bit=0
[tick=11200] [HOST_A] RX bit=0
[tick=11300] [HOST_B] TX bit=1
[tick=11300] [HOST_A] RX bit=False
[tick=11400] [HOST_B] TX bit=0
[tick=11400] [HOST_A] RX bit=0
[tick=11500] [HOST_B] TX bit=1
[tick=11500] [HOST_A] RX bit=1
[tick=11600] [HOST_B] TX bit=1
[tick=11600] [HOST_A] RX bit=1
[tick=11700] [HOST_B] TX bit=0
[tick=11700] [HOST_A] RX bit=0
[tick=11800] [HOST_B] TX bit=0
[tick=11800] [HOST_A] RX bit=0
[tick=11900] [HOST_B] TX bit=0
[tick=11900] [HOST_A] RX bit=0
[tick=12000] [HOST_B] TX bit=0
[tick=12000] [HOST_A] RX bit=0
[tick=12100] [HOST_B] TX bit=0
[tick=12100] [HOST_A] RX bit=0
[tick=12200] [HOST_B] TX bit=0
[tick=12200] [HOST_A] RX bit=0
[tick=12300] [HOST_B] TX bit=0
[tick=12300] [HOST_A] RX bit=0
[tick=12400] [HOST_B] TX bit=1
[tick=12400] [HOST_A] RX bit=1
[tick=12500] [HOST_B] TX bit=0
[tick=12500] [HOST_A] RX bit=0
[tick=12600] [HOST_B] TX bit=1
[tick=12600] [HOST_A] RX bit=1
[tick=12700] [HOST_B] TX bit=0
[tick=12700] [HOST_A] RX bit=0
[tick=12700] [HOST_A] RX complete frame=0101000000011000
[tick=12800] [HOST_A] TX bit=0
[tick=12800] [HOST_B] RX bit=0
[tick=12900] [HOST_A] TX bit=1
[tick=12900] [HOST_B] RX bit=1
[tick=13000] [HOST_A] TX bit=0
[tick=13000] [HOST_B] RX bit=0
[tick=13100] [HOST_A] TX bit=1
[tick=13100] [HOST_B] RX bit=1
[tick=13200] [HOST_A] TX bit=0
[tick=13200] [HOST_B] RX bit=0
[tick=13300] [HOST_A] TX bit=1
[tick=13300] [HOST_B] RX bit=1
[tick=13400] [HOST_A] TX bit=1
[tick=13400] [HOST_B] RX bit=1
[tick=13500] [HOST_A] TX bit=1
[tick=13500] [HOST_B] RX bit=1
[tick=13600] [HOST_A] TX bit=0
[tick=13600] [HOST_B] RX bit=0
[tick=13700] [HOST_A] TX bit=1
[tick=13700] [HOST_B] RX bit=1
[tick=13800] [HOST_A] TX bit=1
[tick=13800] [HOST_B] RX bit=1
[tick=13900] [HOST_A] TX bit=0
[tick=13900] [HOST_B] RX bit=0
[tick=14000] [HOST_A] TX bit=1
[tick=14000] [HOST_B] RX bit=1
[tick=14100] [HOST_A] TX bit=0
[tick=14100] [HOST_B] RX bit=0
[tick=14200] [HOST_A] TX bit=1
[tick=14200] [HOST_B] RX bit=1
[tick=14300] [HOST_A] TX bit=0
[tick=14300] [HOST_B] RX bit=0
[tick=14300] [HOST_B] RX complete frame=0101011011101010
[tick=14400] [HOST_B] TX bit=0
[tick=14400] [HOST_A] RX bit=0
[tick=14500] [HOST_B] TX bit=1
[tick=14500] [HOST_A] RX bit=1
[tick=14600] [HOST_B] TX bit=0
[tick=14600] [HOST_A] RX bit=0
[tick=14700] [HOST_B] TX bit=1
[tick=14700] [HOST_A] RX bit=1
[tick=14800] [HOST_B] TX bit=1
[tick=14800] [HOST_A] RX bit=1
[tick=14900] [HOST_B] TX bit=0
[tick=14900] [HOST_A] RX bit=0
[tick=15000] [HOST_B] TX bit=0
[tick=15000] [HOST_A] RX bit=0
[tick=15100] [HOST_B] TX bit=0
[tick=15100] [HOST_A] RX bit=0
[tick=15200] [HOST_B] TX bit=0
[tick=15200] [HOST_A] RX bit=0
[tick=15300] [HOST_B] TX bit=0
[tick=15300] [HOST_A] RX bit=0
[tick=15400] [HOST_B] TX bit=0
[tick=15400] [HOST_A] RX bit=0
[tick=15500] [HOST_B] TX bit=0
[tick=15500] [HOST_A] RX bit=0
[tick=15600] [HOST_B] TX bit=1
[tick=15600] [HOST_A] RX bit=1
[tick=15700] [HOST_B] TX bit=0
[tick=15700] [HOST_A] RX bit=0
[tick=15800] [HOST_B] TX bit=1
[tick=15800] [HOST_A] RX bit=1
[tick=15900] [HOST_B] TX bit=0
[tick=15900] [HOST_A] RX bit=0
[tick=15900] [HOST_A] RX complete frame=0101000000011010
[tick=16000] [HOST_A] TX bit=0
[tick=16000] [HOST_B] RX bit=0
[tick=16100] [HOST_A] TX bit=1
[tick=16100] [HOST_B] RX bit=1
[tick=16200] [HOST_A] TX bit=0
[tick=16200] [HOST_B] RX bit=0
[tick=16300] [HOST_A] TX bit=0
[tick=16300] [HOST_B] RX bit=0
[tick=16400] [HOST_A] TX bit=1
[tick=16400] [HOST_B] RX bit=False
[tick=16500] [HOST_A] TX bit=0
[tick=16500] [HOST_B] RX bit=0
[tick=16600] [HOST_A] TX bit=1
[tick=16600] [HOST_B] RX bit=1
[tick=16700] [HOST_A] TX bit=1
[tick=16700] [HOST_B] RX bit=1
[tick=16800] [HOST_A] TX bit=0
[tick=16800] [HOST_B] RX bit=0
[tick=16900] [HOST_A] TX bit=1
[tick=16900] [HOST_B] RX bit=1
[tick=17000] [HOST_A] TX bit=0
[tick=17000] [HOST_B] RX bit=0
[tick=17100] [HOST_A] TX bit=0
[tick=17100] [HOST_B] RX bit=0
[tick=17200] [HOST_A] TX bit=1
[tick=17200] [HOST_B] RX bit=1
[tick=17300] [HOST_A] TX bit=0
[tick=17300] [HOST_B] RX bit=0
[tick=17400] [HOST_A] TX bit=1
[tick=17400] [HOST_B] RX bit=1
[tick=17500] [HOST_A] TX bit=0
[tick=17500] [HOST_B] RX bit=0
[tick=17500] [HOST_B] RX complete frame=0101001011000010
[tick=17600] [HOST_B] TX bit=0
[tick=17600] [HOST_A] RX bit=0
[tick=17700] [HOST_B] TX bit=1
[tick=17700] [HOST_A] RX bit=1
[tick=17800] [HOST_B] TX bit=0
[tick=17800] [HOST_A] RX bit=0
[tick=17900] [HOST_B] TX bit=1
[tick=17900] [HOST_A] RX bit=1
[tick=18000] [HOST_B] TX bit=0
[tick=18000] [HOST_A] RX bit=0
[tick=18100] [HOST_B] TX bit=1
[tick=18100] [HOST_A] RX bit=1
[tick=18200] [HOST_B] TX bit=0
[tick=18200] [HOST_A] RX bit=0
[tick=18300] [HOST_B] TX bit=0
[tick=18300] [HOST_A] RX bit=0
[tick=18400] [HOST_B] TX bit=0
[tick=18400] [HOST_A] RX bit=0
[tick=18500] [HOST_B] TX bit=0
[tick=18500] [HOST_A] RX bit=0
[tick=18600] [HOST_B] TX bit=0
[tick=18600] [HOST_A] RX bit=0
[tick=18700] [HOST_B] TX bit=0
[tick=18700] [HOST_A] RX bit=0
[tick=18800] [HOST_B] TX bit=1
[tick=18800] [HOST_A] RX bit=1
[tick=18900] [HOST_B] TX bit=0
[tick=18900] [HOST_A] RX bit=0
[tick=19000] [HOST_B] TX bit=1
[tick=19000] [HOST_A] RX bit=1
[tick=19100] [HOST_B] TX bit=0
[tick=19100] [HOST_A] RX bit=0
[tick=19100] [HOST_A] RX complete frame=0101000000101010
[tick=19200] [HOST_A] TX bit=0
[tick=19200] [HOST_B] RX bit=0
[tick=19300] [HOST_A] TX bit=1
[tick=19300] [HOST_B] RX bit=1
[tick=19400] [HOST_A] TX bit=0
[tick=19400] [HOST_B] RX bit=0
[tick=19500] [HOST_A] TX bit=0
[tick=19500] [HOST_B] RX bit=0
[tick=19600] [HOST_A] TX bit=1
[tick=19600] [HOST_B] RX bit=1
[tick=19700] [HOST_A] TX bit=0
[tick=19700] [HOST_B] RX bit=0
[tick=19800] [HOST_A] TX bit=1
[tick=19800] [HOST_B] RX bit=1
[tick=19900] [HOST_A] TX bit=1
[tick=19900] [HOST_B] RX bit=1
[tick=20000] [HOST_A] TX bit=0
[tick=20000] [HOST_B] RX bit=0
[tick=20100] [HOST_A] TX bit=1
[tick=20100] [HOST_B] RX bit=1
[tick=20200] [HOST_A] TX bit=0
[tick=20200] [HOST_B] RX bit=0
[tick=20300] [HOST_A] TX bit=0
[tick=20300] [HOST_B] RX bit=0
[tick=20400] [HOST_A] TX bit=1
[tick=20400] [HOST_B] RX bit=1
[tick=20500] [HOST_A] TX bit=0
[tick=20500] [HOST_B] RX bit=True
[tick=20600] [HOST_A] TX bit=1
[tick=20600] [HOST_B] RX bit=1
[tick=20700] [HOST_A] TX bit=0
[tick=20700] [HOST_B] RX bit=0
[tick=20700] [HOST_B] RX complete frame=0111001011010010
[tick=20800] [HOST_B] TX bit=0
[tick=20800] [HOST_A] RX bit=0
[tick=20900] [HOST_B] TX bit=1
[tick=20900] [HOST_A] RX bit=1
[tick=21000] [HOST_B] TX bit=0
[tick=21000] [HOST_A] RX bit=0
[tick=21100] [HOST_B] TX bit=1
[tick=21100] [HOST_A] RX bit=1
[tick=21200] [HOST_B] TX bit=0
[tick=21200] [HOST_A] RX bit=0
[tick=21300] [HOST_B] TX bit=1
[tick=21300] [HOST_A] RX bit=1
[tick=21400] [HOST_B] TX bit=0
[tick=21400] [HOST_A] RX bit=0
[tick=21500] [HOST_B] TX bit=0
[tick=21500] [HOST_A] RX bit=0
[tick=21600] [HOST_B] TX bit=0
[tick=21600] [HOST_A] RX bit=0
[tick=21700] [HOST_B] TX bit=0
[tick=21700] [HOST_A] RX bit=0
[tick=21800] [HOST_B] TX bit=0
[tick=21800] [HOST_A] RX bit=0
[tick=21900] [HOST_B] TX bit=0
[tick=21900] [HOST_A] RX bit=0
[tick=22000] [HOST_B] TX bit=1
[tick=22000] [HOST_A] RX bit=1
[tick=22100] [HOST_B] TX bit=0
[tick=22100] [HOST_A] RX bit=0
[tick=22200] [HOST_B] TX bit=1
[tick=22200] [HOST_A] RX bit=1
[tick=22300] [HOST_B] TX bit=0
[tick=22300] [HOST_A] RX bit=0
[tick=22300] [HOST_A] RX complete frame=0101000000101010
[tick=22400] [HOST_A] TX bit=0
[tick=22400] [HOST_B] RX bit=0
[tick=22500] [HOST_A] TX bit=1
[tick=22500] [HOST_B] RX bit=1
[tick=22600] [HOST_A] TX bit=0
[tick=22600] [HOST_B] RX bit=0
[tick=22700] [HOST_A] TX bit=0
[tick=22700] [HOST_B] RX bit=0
[tick=22800] [HOST_A] TX bit=1
[tick=22800] [HOST_B] RX bit=1
[tick=22900] [HOST_A] TX bit=0
[tick=22900] [HOST_B] RX bit=0
[tick=23000] [HOST_A] TX bit=1
[tick=23000] [HOST_B] RX bit=1
[tick=23100] [HOST_A] TX bit=1
[tick=23100] [HOST_B] RX bit=1
[tick=23200] [HOST_A] TX bit=0
[tick=23200] [HOST_B] RX bit=0
[tick=23300] [HOST_A] TX bit=1
[tick=23300] [HOST_B] RX bit=1
[tick=23400] [HOST_A] TX bit=0
[tick=23400] [HOST_B] RX bit=0
[tick=23500] [HOST_A] TX bit=0
[tick=23500] [HOST_B] RX bit=0
[tick=23600] [HOST_A] TX bit=1
[tick=23600] [HOST_B] RX bit=1
[tick=23700] [HOST_A] TX bit=0
[tick=23700] [HOST_B] RX bit=0
[tick=23800] [HOST_A] TX bit=1
[tick=23800] [HOST_B] RX bit=1
[tick=23900] [HOST_A] TX bit=0
[tick=23900] [HOST_B] RX bit=0
[tick=23900] [HOST_B] RX complete frame=0101001011010010
[tick=24000] [HOST_B] TX bit=0
[tick=24000] [HOST_A] RX bit=0
[tick=24100] [HOST_B] TX bit=1
[tick=24100] [HOST_A] RX bit=1
[tick=24200] [HOST_B] TX bit=0
[tick=24200] [HOST_A] RX bit=0
[tick=24300] [HOST_B] TX bit=1
[tick=24300] [HOST_A] RX bit=1
[tick=24400] [HOST_B] TX bit=1
[tick=24400] [HOST_A] RX bit=1
[tick=24500] [HOST_B] TX bit=0
[tick=24500] [HOST_A] RX bit=0
[tick=24600] [HOST_B] TX bit=0
[tick=24600] [HOST_A] RX bit=0
[tick=24700] [HOST_B] TX bit=0
[tick=24700] [HOST_A] RX bit=0
[tick=24800] [HOST_B] TX bit=0
[tick=24800] [HOST_A] RX bit=0
[tick=24900] [HOST_B] TX bit=0
[tick=24900] [HOST_A] RX bit=0
[tick=25000] [HOST_B] TX bit=0
[tick=25000] [HOST_A] RX bit=0
[tick=25100] [HOST_B] TX bit=0
[tick=25100] [HOST_A] RX bit=0
[tick=25200] [HOST_B] TX bit=1
[tick=25200] [HOST_A] RX bit=1
[tick=25300] [HOST_B] TX bit=0
[tick=25300] [HOST_A] RX bit=0
[tick=25400] [HOST_B] TX bit=1
[tick=25400] [HOST_A] RX bit=1
[tick=25500] [HOST_B] TX bit=0
[tick=25500] [HOST_A] RX bit=0
[tick=25500] [HOST_A] RX complete frame=0101000000011010
[tick=25600] [HOST_A] TX bit=0
[tick=25600] [HOST_B] RX bit=0
[tick=25700] [HOST_A] TX bit=1
[tick=25700] [HOST_B] RX bit=1
[tick=25800] [HOST_A] TX bit=0
[tick=25800] [HOST_B] RX bit=0
[tick=25900] [HOST_A] TX bit=0
[tick=25900] [HOST_B] RX bit=0
[tick=26000] [HOST_A] TX bit=1
[tick=26000] [HOST_B] RX bit=1
[tick=26100] [HOST_A] TX bit=0
[tick=26100] [HOST_B] RX bit=0
[tick=26200] [HOST_A] TX bit=0
[tick=26200] [HOST_B] RX bit=0
[tick=26300] [HOST_A] TX bit=0
[tick=26300] [HOST_B] RX bit=0
[tick=26400] [HOST_A] TX bit=0
[tick=26400] [HOST_B] RX bit=0
[tick=26500] [HOST_A] TX bit=0
[tick=26500] [HOST_B] RX bit=0
[tick=26600] [HOST_A] TX bit=1
[tick=26600] [HOST_B] RX bit=1
[tick=26700] [HOST_A] TX bit=0
[tick=26700] [HOST_B] RX bit=0
[tick=26800] [HOST_A] TX bit=1
[tick=26800] [HOST_B] RX bit=1
[tick=26900] [HOST_A] TX bit=0
[tick=26900] [HOST_B] RX bit=0
[tick=27000] [HOST_A] TX bit=1
[tick=27000] [HOST_B] RX bit=1
[tick=27100] [HOST_A] TX bit=0
[tick=27100] [HOST_B] RX bit=0
[tick=27100] [HOST_B] RX complete frame=0101010000010010
[tick=27200] [HOST_B] TX bit=0
[tick=27200] [HOST_A] RX bit=0
[tick=27300] [HOST_B] TX bit=1
[tick=27300] [HOST_A] RX bit=1
[tick=27400] [HOST_B] TX bit=0
[tick=27400] [HOST_A] RX bit=0
[tick=27500] [HOST_B] TX bit=1
[tick=27500] [HOST_A] RX bit=False
[tick=27600] [HOST_B] TX bit=1
[tick=27600] [HOST_A] RX bit=1
[tick=27700] [HOST_B] TX bit=0
[tick=27700] [HOST_A] RX bit=0
[tick=27800] [HOST_B] TX bit=0
[tick=27800] [HOST_A] RX bit=0
[tick=27900] [HOST_B] TX bit=0
[tick=27900] [HOST_A] RX bit=0
[tick=28000] [HOST_B] TX bit=0
[tick=28000] [HOST_A] RX bit=0
[tick=28100] [HOST_B] TX bit=0
[tick=28100] [HOST_A] RX bit=0
[tick=28200] [HOST_B] TX bit=0
[tick=28200] [HOST_A] RX bit=0
[tick=28300] [HOST_B] TX bit=0
[tick=28300] [HOST_A] RX bit=0
[tick=28400] [HOST_B] TX bit=1
[tick=28400] [HOST_A] RX bit=1
[tick=28500] [HOST_B] TX bit=0
[tick=28500] [HOST_A] RX bit=0
[tick=28600] [HOST_B] TX bit=1
[tick=28600] [HOST_A] RX bit=1
[tick=28700] [HOST_B] TX bit=0
[tick=28700] [HOST_A] RX bit=0
[tick=28700] [HOST_A] RX complete frame=0101000000010010
[tick=28800] [HOST_A] TX bit=0
[tick=28800] [HOST_B] RX bit=0
[tick=28900] [HOST_A] TX bit=1
[tick=28900] [HOST_B] RX bit=1
[tick=29000] [HOST_A] TX bit=0
[tick=29000] [HOST_B] RX bit=0
[tick=29100] [HOST_A] TX bit=0
[tick=29100] [HOST_B] RX bit=0
[tick=29200] [HOST_A] TX bit=1
[tick=29200] [HOST_B] RX bit=1
[tick=29300] [HOST_A] TX bit=0
[tick=29300] [HOST_B] RX bit=0
[tick=29400] [HOST_A] TX bit=0
[tick=29400] [HOST_B] RX bit=0
[tick=29500] [HOST_A] TX bit=0
[tick=29500] [HOST_B] RX bit=0
[tick=29600] [HOST_A] TX bit=0
[tick=29600] [HOST_B] RX bit=0
[tick=29700] [HOST_A] TX bit=0
[tick=29700] [HOST_B] RX bit=0
[tick=29800] [HOST_A] TX bit=1
[tick=29800] [HOST_B] RX bit=False
[tick=29900] [HOST_A] TX bit=0
[tick=29900] [HOST_B] RX bit=0
[tick=30000] [HOST_A] TX bit=1
[tick=30000] [HOST_B] RX bit=1
[tick=30100] [HOST_A] TX bit=0
[tick=30100] [HOST_B] RX bit=0
[tick=30200] [HOST_A] TX bit=1
[tick=30200] [HOST_B] RX bit=1
[tick=30300] [HOST_A] TX bit=0
[tick=30300] [HOST_B] RX bit=0
[tick=30300] [HOST_B] RX complete frame=0101000000010010
[tick=30400] [HOST_B] TX bit=0
[tick=30400] [HOST_A] RX bit=0
[tick=30500] [HOST_B] TX bit=1
[tick=30500] [HOST_A] RX bit=1
[tick=30600] [HOST_B] TX bit=0
[tick=30600] [HOST_A] RX bit=0
[tick=30700] [HOST_B] TX bit=1
[tick=30700] [HOST_A] RX bit=1
[tick=30800] [HOST_B] TX bit=0
[tick=30800] [HOST_A] RX bit=0
[tick=30900] [HOST_B] TX bit=1
[tick=30900] [HOST_A] RX bit=1
[tick=31000] [HOST_B] TX bit=0
[tick=31000] [HOST_A] RX bit=0
[tick=31100] [HOST_B] TX bit=0
[tick=31100] [HOST_A] RX bit=0
[tick=31200] [HOST_B] TX bit=0
[tick=31200] [HOST_A] RX bit=0
[tick=31300] [HOST_B] TX bit=0
[tick=31300] [HOST_A] RX bit=0
[tick=31400] [HOST_B] TX bit=0
[tick=31400] [HOST_A] RX bit=0
[tick=31500] [HOST_B] TX bit=0
[tick=31500] [HOST_A] RX bit=0
[tick=31600] [HOST_B] TX bit=1
[tick=31600] [HOST_A] RX bit=1
[tick=31700] [HOST_B] TX bit=0
[tick=31700] [HOST_A] RX bit=0
[tick=31800] [HOST_B] TX bit=1
[tick=31800] [HOST_A] RX bit=1
[tick=31900] [HOST_B] TX bit=0
[tick=31900] [HOST_A] RX bit=0
[tick=31900] [HOST_A] RX complete frame=0101000000101010
[tick=32000] [HOST_A] TX bit=0
[tick=32000] [HOST_B] RX bit=0
[tick=32100] [HOST_A] TX bit=1
[tick=32100] [HOST_B] RX bit=1
[tick=32200] [HOST_A] TX bit=0
[tick=32200] [HOST_B] RX bit=0
[tick=32300] [HOST_A] TX bit=0
[tick=32300] [HOST_B] RX bit=0
[tick=32400] [HOST_A] TX bit=1
[tick=32400] [HOST_B] RX bit=1
[tick=32500] [HOST_A] TX bit=0
[tick=32500] [HOST_B] RX bit=0
[tick=32600] [HOST_A] TX bit=0
[tick=32600] [HOST_B] RX bit=0
[tick=32700] [HOST_A] TX bit=0
[tick=32700] [HOST_B] RX bit=0
[tick=32800] [HOST_A] TX bit=0
[tick=32800] [HOST_B] RX bit=0
[tick=32900] [HOST_A] TX bit=0
[tick=32900] [HOST_B] RX bit=0
[tick=33000] [HOST_A] TX bit=1
[tick=33000] [HOST_B] RX bit=1
[tick=33100] [HOST_A] TX bit=0
[tick=33100] [HOST_B] RX bit=0
[tick=33200] [HOST_A] TX bit=1
[tick=33200] [HOST_B] RX bit=1
[tick=33300] [HOST_A] TX bit=0
[tick=33300] [HOST_B] RX bit=0
[tick=33400] [HOST_A] TX bit=1
[tick=33400] [HOST_B] RX bit=1
[tick=33500] [HOST_A] TX bit=0
[tick=33500] [HOST_B] RX bit=0
[tick=33500] [HOST_B] RX complete frame=0101010000010010
[tick=33600] [HOST_B] TX bit=0
[tick=33600] [HOST_A] RX bit=0
[tick=33700] [HOST_B] TX bit=1
[tick=33700] [HOST_A] RX bit=1
[tick=33800] [HOST_B] TX bit=0
[tick=33800] [HOST_A] RX bit=0
[tick=33900] [HOST_B] TX bit=1
[tick=33900] [HOST_A] RX bit=1
[tick=34000] [HOST_B] TX bit=1
[tick=34000] [HOST_A] RX bit=1
[tick=34100] [HOST_B] TX bit=0
[tick=34100] [HOST_A] RX bit=0
[tick=34200] [HOST_B] TX bit=0
[tick=34200] [HOST_A] RX bit=0
[tick=34300] [HOST_B] TX bit=0
[tick=34300] [HOST_A] RX bit=0
[tick=34400] [HOST_B] TX bit=0
[tick=34400] [HOST_A] RX bit=0
[tick=34500] [HOST_B] TX bit=0
[tick=34500] [HOST_A] RX bit=0
[tick=34600] [HOST_B] TX bit=0
[tick=34600] [HOST_A] RX bit=0
[tick=34700] [HOST_B] TX bit=0
[tick=34700] [HOST_A] RX bit=0
[tick=34800] [HOST_B] TX bit=1
[tick=34800] [HOST_A] RX bit=1
[tick=34900] [HOST_B] TX bit=0
[tick=34900] [HOST_A] RX bit=0
[tick=35000] [HOST_B] TX bit=1
[tick=35000] [HOST_A] RX bit=False
[tick=35100] [HOST_B] TX bit=0
[tick=35100] [HOST_A] RX bit=0
[tick=35100] [HOST_A] RX complete frame=0001000000011010
[tick=35200] [HOST_A] TX bit=0
[tick=35200] [HOST_B] RX bit=0
[tick=35300] [HOST_A] TX bit=1
[tick=35300] [HOST_B] RX bit=1
[tick=35400] [HOST_A] TX bit=0
[tick=35400] [HOST_B] RX bit=0
[tick=35500] [HOST_A] TX bit=0
[tick=35500] [HOST_B] RX bit=0
[tick=35600] [HOST_A] TX bit=1
[tick=35600] [HOST_B] RX bit=1
[tick=35700] [HOST_A] TX bit=0
[tick=35700] [HOST_B] RX bit=0
[tick=35800] [HOST_A] TX bit=0
[tick=35800] [HOST_B] RX bit=0
[tick=35900] [HOST_A] TX bit=0
[tick=35900] [HOST_B] RX bit=0
[tick=36000] [HOST_A] TX bit=0
[tick=36000] [HOST_B] RX bit=0
[tick=36100] [HOST_A] TX bit=0
[tick=36100] [HOST_B] RX bit=0
[tick=36200] [HOST_A] TX bit=1
[tick=36200] [HOST_B] RX bit=1
[tick=36300] [HOST_A] TX bit=0
[tick=36300] [HOST_B] RX bit=0
[tick=36400] [HOST_A] TX bit=1
[tick=36400] [HOST_B] RX bit=1
[tick=36500] [HOST_A] TX bit=0
[tick=36500] [HOST_B] RX bit=0
[tick=36600] [HOST_A] TX bit=1
[tick=36600] [HOST_B] RX bit=1
[tick=36700] [HOST_A] TX bit=0
[tick=36700] [HOST_B] RX bit=0
[tick=36700] [HOST_B] RX complete frame=0101010000010010
[tick=36800] [HOST_B] TX bit=0
[tick=36800] [HOST_A] RX bit=0
[tick=36900] [HOST_B] TX bit=1
[tick=36900] [HOST_A] RX bit=1
[tick=37000] [HOST_B] TX bit=0
[tick=37000] [HOST_A] RX bit=0
[tick=37100] [HOST_B] TX bit=1
[tick=37100] [HOST_A] RX bit=1
[tick=37200] [HOST_B] TX bit=1
[tick=37200] [HOST_A] RX bit=1
[tick=37300] [HOST_B] TX bit=0
[tick=37300] [HOST_A] RX bit=0
[tick=37400] [HOST_B] TX bit=0
[tick=37400] [HOST_A] RX bit=0
[tick=37500] [HOST_B] TX bit=0
[tick=37500] [HOST_A] RX bit=0
[tick=37600] [HOST_B] TX bit=0
[tick=37600] [HOST_A] RX bit=0
[tick=37700] [HOST_B] TX bit=0
[tick=37700] [HOST_A] RX bit=0
[tick=37800] [HOST_B] TX bit=0
[tick=37800] [HOST_A] RX bit=0
[tick=37900] [HOST_B] TX bit=0
[tick=37900] [HOST_A] RX bit=0
[tick=38000] [HOST_B] TX bit=1
[tick=38000] [HOST_A] RX bit=1
[tick=38100] [HOST_B] TX bit=0
[tick=38100] [HOST_A] RX bit=0
[tick=38200] [HOST_B] TX bit=1
[tick=38200] [HOST_A] RX bit=1
[tick=38300] [HOST_B] TX bit=0
[tick=38300] [HOST_A] RX bit=0
[tick=38300] [HOST_A] RX complete frame=0101000000011010
[tick=38400] [HOST_A] TX bit=0
[tick=38400] [HOST_B] RX bit=0
[tick=38500] [HOST_A] TX bit=1
[tick=38500] [HOST_B] RX bit=1
[tick=38600] [HOST_A] TX bit=0
[tick=38600] [HOST_B] RX bit=0
[tick=38700] [HOST_A] TX bit=1
[tick=38700] [HOST_B] RX bit=1
[tick=38800] [HOST_A] TX bit=0
[tick=38800] [HOST_B] RX bit=True
[tick=38900] [HOST_A] TX bit=1
[tick=38900] [HOST_B] RX bit=1
[tick=39000] [HOST_A] TX bit=1
[tick=39000] [HOST_B] RX bit=1
[tick=39100] [HOST_A] TX bit=1
[tick=39100] [HOST_B] RX bit=1
[tick=39200] [HOST_A] TX bit=0
[tick=39200] [HOST_B] RX bit=True
[tick=39300] [HOST_A] TX bit=1
[tick=39300] [HOST_B] RX bit=1
[tick=39400] [HOST_A] TX bit=1
[tick=39400] [HOST_B] RX bit=1
[tick=39500] [HOST_A] TX bit=0
[tick=39500] [HOST_B] RX bit=0
[tick=39600] [HOST_A] TX bit=1
[tick=39600] [HOST_B] RX bit=1
[tick=39700] [HOST_A] TX bit=0
[tick=39700] [HOST_B] RX bit=0
[tick=39800] [HOST_A] TX bit=1
[tick=39800] [HOST_B] RX bit=1
[tick=39900] [HOST_A] TX bit=0
[tick=39900] [HOST_B] RX bit=0
[tick=39900] [HOST_B] RX complete frame=0101011111111010
[tick=40000] [HOST_B] TX bit=0
[tick=40000] [HOST_A] RX bit=0
[tick=40100] [HOST_B] TX bit=1
[tick=40100] [HOST_A] RX bit=1
[tick=40200] [HOST_B] TX bit=0
[tick=40200] [HOST_A] RX bit=0
[tick=40300] [HOST_B] TX bit=1
[tick=40300] [HOST_A] RX bit=1
[tick=40400] [HOST_B] TX bit=1
[tick=40400] [HOST_A] RX bit=1
[tick=40500] [HOST_B] TX bit=0
[tick=40500] [HOST_A] RX bit=0
[tick=40600] [HOST_B] TX bit=0
[tick=40600] [HOST_A] RX bit=0
[tick=40700] [HOST_B] TX bit=0
[tick=40700] [HOST_A] RX bit=0
[tick=40800] [HOST_B] TX bit=0
[tick=40800] [HOST_A] RX bit=0
[tick=40900] [HOST_B] TX bit=0
[tick=40900] [HOST_A] RX bit=0
[tick=41000] [HOST_B] TX bit=0
[tick=41000] [HOST_A] RX bit=0
[tick=41100] [HOST_B] TX bit=0
[tick=41100] [HOST_A] RX bit=0
[tick=41200] [HOST_B] TX bit=1
[tick=41200] [HOST_A] RX bit=1
[tick=41300] [HOST_B] TX bit=0
[tick=41300] [HOST_A] RX bit=0
[tick=41400] [HOST_B] TX bit=1
[tick=41400] [HOST_A] RX bit=1
[tick=41500] [HOST_B] TX bit=0
[tick=41500] [HOST_A] RX bit=0
[tick=41500] [HOST_A] RX complete frame=0101000000011010
[tick=41600] [HOST_A] TX bit=0
[tick=41600] [HOST_B] RX bit=0
[tick=41700] [HOST_A] TX bit=1
[tick=41700] [HOST_B] RX bit=1
[tick=41800] [HOST_A] TX bit=0
[tick=41800] [HOST_B] RX bit=0
[tick=41900] [HOST_A] TX bit=0
[tick=41900] [HOST_B] RX bit=0
[tick=42000] [HOST_A] TX bit=1
[tick=42000] [HOST_B] RX bit=1
[tick=42100] [HOST_A] TX bit=0
[tick=42100] [HOST_B] RX bit=0
[tick=42200] [HOST_A] TX bit=1
[tick=42200] [HOST_B] RX bit=1
[tick=42300] [HOST_A] TX bit=1
[tick=42300] [HOST_B] RX bit=1
[tick=42400] [HOST_A] TX bit=0
[tick=42400] [HOST_B] RX bit=0
[tick=42500] [HOST_A] TX bit=1
[tick=42500] [HOST_B] RX bit=1
[tick=42600] [HOST_A] TX bit=0
[tick=42600] [HOST_B] RX bit=0
[tick=42700] [HOST_A] TX bit=0
[tick=42700] [HOST_B] RX bit=0
[tick=42800] [HOST_A] TX bit=1
[tick=42800] [HOST_B] RX bit=1
[tick=42900] [HOST_A] TX bit=0
[tick=42900] [HOST_B] RX bit=0
[tick=43000] [HOST_A] TX bit=1
[tick=43000] [HOST_B] RX bit=1
[tick=43100] [HOST_A] TX bit=0
[tick=43100] [HOST_B] RX bit=0
[tick=43100] [HOST_B] RX complete frame=0101001011010010
[tick=43200] [HOST_B] TX bit=0
[tick=43200] [HOST_A] RX bit=0
[tick=43300] [HOST_B] TX bit=1
[tick=43300] [HOST_A] RX bit=1
[tick=43400] [HOST_B] TX bit=0
[tick=43400] [HOST_A] RX bit=0
[tick=43500] [HOST_B] TX bit=1
[tick=43500] [HOST_A] RX bit=1
[tick=43600] [HOST_B] TX bit=1
[tick=43600] [HOST_A] RX bit=1
[tick=43700] [HOST_B] TX bit=0
[tick=43700] [HOST_A] RX bit=0
[tick=43800] [HOST_B] TX bit=0
[tick=43800] [HOST_A] RX bit=0
[tick=43900] [HOST_B] TX bit=0
[tick=43900] [HOST_A] RX bit=0
[tick=44000] [HOST_B] TX bit=0
[tick=44000] [HOST_A] RX bit=0
[tick=44100] [HOST_B] TX bit=0
[tick=44100] [HOST_A] RX bit=0
[tick=44200] [HOST_B] TX bit=0
[tick=44200] [HOST_A] RX bit=0
[tick=44300] [HOST_B] TX bit=0
[tick=44300] [HOST_A] RX bit=0
[tick=44400] [HOST_B] TX bit=1
[tick=44400] [HOST_A] RX bit=1
[tick=44500] [HOST_B] TX bit=0
[tick=44500] [HOST_A] RX bit=0
[tick=44600] [HOST_B] TX bit=1
[tick=44600] [HOST_A] RX bit=1
[tick=44700] [HOST_B] TX bit=0
[tick=44700] [HOST_A] RX bit=0
[tick=44700] [HOST_A] RX complete frame=0101000000011010
[tick=44800] [HOST_A] TX bit=0
[tick=44800] [HOST_B] RX bit=True
[tick=44900] [HOST_A] TX bit=1
[tick=44900] [HOST_B] RX bit=False
[tick=45000] [HOST_A] TX bit=0
[tick=45000] [HOST_B] RX bit=0
[tick=45100] [HOST_A] TX bit=1
[tick=45100] [HOST_B] RX bit=1
[tick=45200] [HOST_A] TX bit=0
[tick=45200] [HOST_B] RX bit=0
[tick=45300] [HOST_A] TX bit=0
[tick=45300] [HOST_B] RX bit=0
[tick=45400] [HOST_A] TX bit=1
[tick=45400] [HOST_B] RX bit=1
[tick=45500] [HOST_A] TX bit=0
[tick=45500] [HOST_B] RX bit=0
[tick=45600] [HOST_A] TX bit=1
[tick=45600] [HOST_B] RX bit=1
[tick=45700] [HOST_A] TX bit=0
[tick=45700] [HOST_B] RX bit=0
[tick=45800] [HOST_A] TX bit=1
[tick=45800] [HOST_B] RX bit=1
[tick=45900] [HOST_A] TX bit=0
[tick=45900] [HOST_B] RX bit=0
[tick=46000] [HOST_A] TX bit=1
[tick=46000] [HOST_B] RX bit=1
[tick=46100] [HOST_A] TX bit=0
[tick=46100] [HOST_B] RX bit=0
[tick=46200] [HOST_A] TX bit=1
[tick=46200] [HOST_B] RX bit=1
[tick=46300] [HOST_A] TX bit=0
[tick=46300] [HOST_B] RX bit=0
[tick=46300] [HOST_B] RX complete frame=0101010101001001
[tick=46400] [HOST_B] TX bit=0
[tick=46400] [HOST_A] RX bit=0
[tick=46500] [HOST_B] TX bit=1
[tick=46500] [HOST_A] RX bit=1
[tick=46600] [HOST_B] TX bit=0
[tick=46600] [HOST_A] RX bit=0
[tick=46700] [HOST_B] TX bit=1
[tick=46700] [HOST_A] RX bit=1
[tick=46800] [HOST_B] TX bit=0
[tick=46800] [HOST_A] RX bit=0
[tick=46900] [HOST_B] TX bit=1
[tick=46900] [HOST_A] RX bit=1
[tick=47000] [HOST_B] TX bit=0
[tick=47000] [HOST_A] RX bit=0
[tick=47100] [HOST_B] TX bit=0
[tick=47100] [HOST_A] RX bit=0
[tick=47200] [HOST_B] TX bit=0
[tick=47200] [HOST_A] RX bit=0
[tick=47300] [HOST_B] TX bit=0
[tick=47300] [HOST_A] RX bit=0
[tick=47400] [HOST_B] TX bit=0
[tick=47400] [HOST_A] RX bit=0
[tick=47500] [HOST_B] TX bit=0
[tick=47500] [HOST_A] RX bit=0
[tick=47600] [HOST_B] TX bit=1
[tick=47600] [HOST_A] RX bit=1
[tick=47700] [HOST_B] TX bit=0
[tick=47700] [HOST_A] RX bit=0
[tick=47800] [HOST_B] TX bit=1
[tick=47800] [HOST_A] RX bit=1
[tick=47900] [HOST_B] TX bit=0
[tick=47900] [HOST_A] RX bit=0
[tick=47900] [HOST_A] RX complete frame=0101000000101010
[tick=48000] [HOST_A] TX bit=0
[tick=48000] [HOST_B] RX bit=0
[tick=48100] [HOST_A] TX bit=1
[tick=48100] [HOST_B] RX bit=1
[tick=48200] [HOST_A] TX bit=0
[tick=48200] [HOST_B] RX bit=True
[tick=48300] [HOST_A] TX bit=1
[tick=48300] [HOST_B] RX bit=1
[tick=48400] [HOST_A] TX bit=0
[tick=48400] [HOST_B] RX bit=0
[tick=48500] [HOST_A] TX bit=0
[tick=48500] [HOST_B] RX bit=0
[tick=48600] [HOST_A] TX bit=1
[tick=48600] [HOST_B] RX bit=1
[tick=48700] [HOST_A] TX bit=0
[tick=48700] [HOST_B] RX bit=0
[tick=48800] [HOST_A] TX bit=1
[tick=48800] [HOST_B] RX bit=1
[tick=48900] [HOST_A] TX bit=0
[tick=48900] [HOST_B] RX bit=0
[tick=49000] [HOST_A] TX bit=1
[tick=49000] [HOST_B] RX bit=1
[tick=49100] [HOST_A] TX bit=0
[tick=49100] [HOST_B] RX bit=0
[tick=49200] [HOST_A] TX bit=1
[tick=49200] [HOST_B] RX bit=1
[tick=49300] [HOST_A] TX bit=0
[tick=49300] [HOST_B] RX bit=0
[tick=49400] [HOST_A] TX bit=1
[tick=49400] [HOST_B] RX bit=1
[tick=49500] [HOST_A] TX bit=0
[tick=49500] [HOST_B] RX bit=0
[tick=49500] [HOST_B] RX complete frame=0101010101001110
[tick=49600] [HOST_B] TX bit=0
[tick=49600] [HOST_A] RX bit=0
[tick=49700] [HOST_B] TX bit=1
[tick=49700] [HOST_A] RX bit=1
[tick=49800] [HOST_B] TX bit=0
[tick=49800] [HOST_A] RX bit=0
[tick=49900] [HOST_B] TX bit=1
[tick=49900] [HOST_A] RX bit=1
[tick=50000] [HOST_B] TX bit=0
[tick=50000] [HOST_A] RX bit=0
[tick=50100] [HOST_B] TX bit=1
[tick=50100] [HOST_A] RX bit=1
[tick=50200] [HOST_B] TX bit=0
[tick=50200] [HOST_A] RX bit=0
[tick=50300] [HOST_B] TX bit=0
[tick=50300] [HOST_A] RX bit=0
[tick=50400] [HOST_B] TX bit=0
[tick=50400] [HOST_A] RX bit=0
[tick=50500] [HOST_B] TX bit=0
[tick=50500] [HOST_A] RX bit=True
[tick=50600] [HOST_B] TX bit=0
[tick=50600] [HOST_A] RX bit=0
[tick=50700] [HOST_B] TX bit=0
[tick=50700] [HOST_A] RX bit=0
[tick=50800] [HOST_B] TX bit=1
[tick=50800] [HOST_A] RX bit=False
[tick=50900] [HOST_B] TX bit=0
[tick=50900] [HOST_A] RX bit=0
[tick=51000] [HOST_B] TX bit=1
[tick=51000] [HOST_A] RX bit=1
[tick=51100] [HOST_B] TX bit=0
[tick=51100] [HOST_A] RX bit=0
[tick=51100] [HOST_A] RX complete frame=0100001000101010
[tick=51200] [HOST_A] TX bit=0
[tick=51200] [HOST_B] RX bit=0
[tick=51300] [HOST_A] TX bit=1
[tick=51300] [HOST_B] RX bit=1
[tick=51400] [HOST_A] TX bit=0
[tick=51400] [HOST_B] RX bit=0
[tick=51500] [HOST_A] TX bit=1
[tick=51500] [HOST_B] RX bit=1
[tick=51600] [HOST_A] TX bit=0
[tick=51600] [HOST_B] RX bit=0
[tick=51700] [HOST_A] TX bit=0
[tick=51700] [HOST_B] RX bit=0
[tick=51800] [HOST_A] TX bit=1
[tick=51800] [HOST_B] RX bit=1
[tick=51900] [HOST_A] TX bit=0
[tick=51900] [HOST_B] RX bit=0
[tick=52000] [HOST_A] TX bit=1
[tick=52000] [HOST_B] RX bit=1
[tick=52100] [HOST_A] TX bit=0
[tick=52100] [HOST_B] RX bit=0
[tick=52200] [HOST_A] TX bit=1
[tick=52200] [HOST_B] RX bit=1
[tick=52300] [HOST_A] TX bit=0
[tick=52300] [HOST_B] RX bit=0
[tick=52400] [HOST_A] TX bit=1
[tick=52400] [HOST_B] RX bit=1
[tick=52500] [HOST_A] TX bit=0
[tick=52500] [HOST_B] RX bit=0
[tick=52600] [HOST_A] TX bit=1
[tick=52600] [HOST_B] RX bit=1
[tick=52700] [HOST_A] TX bit=0
[tick=52700] [HOST_B] RX bit=0
[tick=52700] [HOST_B] RX complete frame=0101010101001010
[tick=52800] [HOST_B] TX bit=0
[tick=52800] [HOST_A] RX bit=0
[tick=52900] [HOST_B] TX bit=1
[tick=52900] [HOST_A] RX bit=1
[tick=53000] [HOST_B] TX bit=0
[tick=53000] [HOST_A] RX bit=0
[tick=53100] [HOST_B] TX bit=1
[tick=53100] [HOST_A] RX bit=1
[tick=53200] [HOST_B] TX bit=1
[tick=53200] [HOST_A] RX bit=1
[tick=53300] [HOST_B] TX bit=0
[tick=53300] [HOST_A] RX bit=0
[tick=53400] [HOST_B] TX bit=0
[tick=53400] [HOST_A] RX bit=0
[tick=53500] [HOST_B] TX bit=0
[tick=53500] [HOST_A] RX bit=0
[tick=53600] [HOST_B] TX bit=0
[tick=53600] [HOST_A] RX bit=0
[tick=53700] [HOST_B] TX bit=0
[tick=53700] [HOST_A] RX bit=0
[tick=53800] [HOST_B] TX bit=0
[tick=53800] [HOST_A] RX bit=0
[tick=53900] [HOST_B] TX bit=0
[tick=53900] [HOST_A] RX bit=0
[tick=54000] [HOST_B] TX bit=1
[tick=54000] [HOST_A] RX bit=1
[tick=54100] [HOST_B] TX bit=0
[tick=54100] [HOST_A] RX bit=0
[tick=54200] [HOST_B] TX bit=1
[tick=54200] [HOST_A] RX bit=1
[tick=54300] [HOST_B] TX bit=0
[tick=54300] [HOST_A] RX bit=0
[tick=54300] [HOST_A] RX complete frame=0101000000011010
[tick=0] [HOST_A] TX bit=0
[tick=0] [HOST_B] RX bit=0
[tick=100] [HOST_A] TX bit=1
[tick=100] [HOST_B] RX bit=1
[tick=200] [HOST_A] TX bit=0
[tick=200] [HOST_B] RX bit=0
[tick=300] [HOST_A] TX bit=0
[tick=300] [HOST_B] RX bit=0
[tick=400] [HOST_A] TX bit=1
[tick=400] [HOST_B] RX bit=1
[tick=500] [HOST_A] TX bit=0
[tick=500] [HOST_B] RX bit=0
[tick=600] [HOST_A] TX bit=0
[tick=600] [HOST_B] RX bit=0
[tick=700] [HOST_A] TX bit=0
[tick=700] [HOST_B] RX bit=0
[tick=800] [HOST_A] TX bit=0
[tick=800] [HOST_B] RX bit=0
[tick=900] [HOST_A] TX bit=0
[tick=900] [HOST_B] RX bit=0
[tick=1000] [HOST_A] TX bit=1
[tick=1000] [HOST_B] RX bit=1
[tick=1100] [HOST_A] TX bit=0
[tick=1100] [HOST_B] RX bit=0
[tick=1200] [HOST_A] TX bit=1
[tick=1200] [HOST_B] RX bit=1
[tick=1300] [HOST_A] TX bit=0
[tick=1300] [HOST_B] RX bit=0
[tick=1400] [HOST_A] TX bit=1
[tick=1400] [HOST_B] RX bit=1
[tick=1500] [HOST_A] TX bit=0
[tick=1500] [HOST_B] RX bit=0
[tick=1500] [HOST_B] RX complete frame=0101010000010010
[tick=1500] [HOST_B] accepted segment 1 on attempt 1; sending ACK
[tick=1600] [HOST_B] TX bit=0
[tick=1600] [HOST_A] RX bit=0
[tick=1700] [HOST_B] TX bit=1
[tick=1700] [HOST_A] RX bit=False
[tick=1800] [HOST_B] TX bit=0
[tick=1800] [HOST_A] RX bit=0
[tick=1900] [HOST_B] TX bit=1
[tick=1900] [HOST_A] RX bit=1
[tick=2000] [HOST_B] TX bit=1
[tick=2000] [HOST_A] RX bit=1
[tick=2100] [HOST_B] TX bit=0
[tick=2100] [HOST_A] RX bit=0
[tick=2200] [HOST_B] TX bit=0
[tick=2200] [HOST_A] RX bit=0
[tick=2300] [HOST_B] TX bit=0
[tick=2300] [HOST_A] RX bit=0
[tick=2400] [HOST_B] TX bit=0
[tick=2400] [HOST_A] RX bit=0
[tick=2500] [HOST_B] TX bit=0
[tick=2500] [HOST_A] RX bit=0
[tick=2600] [HOST_B] TX bit=0
[tick=2600] [HOST_A] RX bit=0
[tick=2700] [HOST_B] TX bit=0
[tick=2700] [HOST_A] RX bit=True
[tick=2800] [HOST_B] TX bit=1
[tick=2800] [HOST_A] RX bit=1
[tick=2900] [HOST_B] TX bit=0
[tick=2900] [HOST_A] RX bit=0
[tick=3000] [HOST_B] TX bit=1
[tick=3000] [HOST_A] RX bit=1
[tick=3100] [HOST_B] TX bit=0
[tick=3100] [HOST_A] RX bit=0
[tick=3100] [HOST_A] RX complete frame=0101100000011000
[tick=3100] [HOST_A] received corrupt ACK/NACK (status=FE); retransmitting segment 1
[tick=3200] [HOST_A] TX bit=0
[tick=3200] [HOST_B] RX bit=0
[tick=3300] [HOST_A] TX bit=1
[tick=3300] [HOST_B] RX bit=1
[tick=3400] [HOST_A] TX bit=0
[tick=3400] [HOST_B] RX bit=0
[tick=3500] [HOST_A] TX bit=0
[tick=3500] [HOST_B] RX bit=0
[tick=3600] [HOST_A] TX bit=1
[tick=3600] [HOST_B] RX bit=1
[tick=3700] [HOST_A] TX bit=0
[tick=3700] [HOST_B] RX bit=0
[tick=3800] [HOST_A] TX bit=0
[tick=3800] [HOST_B] RX bit=0
[tick=3900] [HOST_A] TX bit=0
[tick=3900] [HOST_B] RX bit=0
[tick=4000] [HOST_A] TX bit=0
[tick=4000] [HOST_B] RX bit=0
[tick=4100] [HOST_A] TX bit=0
[tick=4100] [HOST_B] RX bit=0
[tick=4200] [HOST_A] TX bit=1
[tick=4200] [HOST_B] RX bit=1
[tick=4300] [HOST_A] TX bit=0
[tick=4300] [HOST_B] RX bit=0
[tick=4400] [HOST_A] TX bit=1
[tick=4400] [HOST_B] RX bit=1
[tick=4500] [HOST_A] TX bit=0
[tick=4500] [HOST_B] RX bit=0
[tick=4600] [HOST_A] TX bit=1
[tick=4600] [HOST_B] RX bit=1
[tick=4700] [HOST_A] TX bit=0
[tick=4700] [HOST_B] RX bit=0
[tick=4700] [HOST_B] RX complete frame=0101010000010010
[tick=4700] [HOST_B] accepted segment 1 on attempt 2; sending ACK
[tick=4800] [HOST_B] TX bit=0
[tick=4800] [HOST_A] RX bit=0
[tick=4900] [HOST_B] TX bit=1
[tick=4900] [HOST_A] RX bit=1
[tick=5000] [HOST_B] TX bit=0
[tick=5000] [HOST_A] RX bit=0
[tick=5100] [HOST_B] TX bit=1
[tick=5100] [HOST_A] RX bit=1
[tick=5200] [HOST_B] TX bit=1
[tick=5200] [HOST_A] RX bit=1
[tick=5300] [HOST_B] TX bit=0
[tick=5300] [HOST_A] RX bit=0
[tick=5400] [HOST_B] TX bit=0
[tick=5400] [HOST_A] RX bit=0
[tick=5500] [HOST_B] TX bit=0
[tick=5500] [HOST_A] RX bit=0
[tick=5600] [HOST_B] TX bit=0
[tick=5600] [HOST_A] RX bit=0
[tick=5700] [HOST_B] TX bit=0
[tick=5700] [HOST_A] RX bit=0
[tick=5800] [HOST_B] TX bit=0
[tick=5800] [HOST_A] RX bit=0
[tick=5900] [HOST_B] TX bit=0
[tick=5900] [HOST_A] RX bit=True
[tick=6000] [HOST_B] TX bit=1
[tick=6000] [HOST_A] RX bit=1
[tick=6100] [HOST_B] TX bit=0
[tick=6100] [HOST_A] RX bit=0
[tick=6200] [HOST_B] TX bit=1
[tick=6200] [HOST_A] RX bit=False
[tick=6300] [HOST_B] TX bit=0
[tick=6300] [HOST_A] RX bit=0
[tick=6300] [HOST_A] RX complete frame=0001100000011010
[tick=6300] [HOST_A] received corrupt ACK/NACK (status=PE); retransmitting segment 1
[tick=6400] [HOST_A] TX bit=0
[tick=6400] [HOST_B] RX bit=0
[tick=6500] [HOST_A] TX bit=1
[tick=6500] [HOST_B] RX bit=1
[tick=6600] [HOST_A] TX bit=0
[tick=6600] [HOST_B] RX bit=0
[tick=6700] [HOST_A] TX bit=0
[tick=6700] [HOST_B] RX bit=0
[tick=6800] [HOST_A] TX bit=1
[tick=6800] [HOST_B] RX bit=1
[tick=6900] [HOST_A] TX bit=0
[tick=6900] [HOST_B] RX bit=0
[tick=7000] [HOST_A] TX bit=0
[tick=7000] [HOST_B] RX bit=0
[tick=7100] [HOST_A] TX bit=0
[tick=7100] [HOST_B] RX bit=0
[tick=7200] [HOST_A] TX bit=0
[tick=7200] [HOST_B] RX bit=0
[tick=7300] [HOST_A] TX bit=0
[tick=7300] [HOST_B] RX bit=0
[tick=7400] [HOST_A] TX bit=1
[tick=7400] [HOST_B] RX bit=1
[tick=7500] [HOST_A] TX bit=0
[tick=7500] [HOST_B] RX bit=0
[tick=7600] [HOST_A] TX bit=1
[tick=7600] [HOST_B] RX bit=1
[tick=7700] [HOST_A] TX bit=0
[tick=7700] [HOST_B] RX bit=0
[tick=7800] [HOST_A] TX bit=1
[tick=7800] [HOST_B] RX bit=1
[tick=7900] [HOST_A] TX bit=0
[tick=7900] [HOST_B] RX bit=0
[tick=7900] [HOST_B] RX complete frame=0101010000010010
[tick=7900] [HOST_B] accepted segment 1 on attempt 3; sending ACK
[tick=8000] [HOST_B] TX bit=0
[tick=8000] [HOST_A] RX bit=True
[tick=8100] [HOST_B] TX bit=1
[tick=8100] [HOST_A] RX bit=1
[tick=8200] [HOST_B] TX bit=0
[tick=8200] [HOST_A] RX bit=0
[tick=8300] [HOST_B] TX bit=1
[tick=8300] [HOST_A] RX bit=1
[tick=8400] [HOST_B] TX bit=1
[tick=8400] [HOST_A] RX bit=1
[tick=8500] [HOST_B] TX bit=0
[tick=8500] [HOST_A] RX bit=0
[tick=8600] [HOST_B] TX bit=0
[tick=8600] [HOST_A] RX bit=True
[tick=8700] [HOST_B] TX bit=0
[tick=8700] [HOST_A] RX bit=0
[tick=8800] [HOST_B] TX bit=0
[tick=8800] [HOST_A] RX bit=0
[tick=8900] [HOST_B] TX bit=0
[tick=8900] [HOST_A] RX bit=0
[tick=9000] [HOST_B] TX bit=0
[tick=9000] [HOST_A] RX bit=0
[tick=9100] [HOST_B] TX bit=0
[tick=9100] [HOST_A] RX bit=0
[tick=9200] [HOST_B] TX bit=1
[tick=9200] [HOST_A] RX bit=1
[tick=9300] [HOST_B] TX bit=0
[tick=9300] [HOST_A] RX bit=0
[tick=9400] [HOST_B] TX bit=1
[tick=9400] [HOST_A] RX bit=1
[tick=9500] [HOST_B] TX bit=0
[tick=9500] [HOST_A] RX bit=0
[tick=9500] [HOST_A] RX complete frame=0101000001011011
[tick=9500] [HOST_A] received corrupt ACK/NACK (status=FE); retransmitting segment 1
[tick=9600] [HOST_A] TX bit=0
[tick=9600] [HOST_B] RX bit=0
[tick=9700] [HOST_A] TX bit=1
[tick=9700] [HOST_B] RX bit=1
[tick=9800] [HOST_A] TX bit=0
[tick=9800] [HOST_B] RX bit=0
[tick=9900] [HOST_A] TX bit=0
[tick=9900] [HOST_B] RX bit=0
[tick=10000] [HOST_A] TX bit=1
[tick=10000] [HOST_B] RX bit=1
[tick=10100] [HOST_A] TX bit=0
[tick=10100] [HOST_B] RX bit=0
[tick=10200] [HOST_A] TX bit=0
[tick=10200] [HOST_B] RX bit=0
[tick=10300] [HOST_A] TX bit=0
[tick=10300] [HOST_B] RX bit=0
[tick=10400] [HOST_A] TX bit=0
[tick=10400] [HOST_B] RX bit=0
[tick=10500] [HOST_A] TX bit=0
[tick=10500] [HOST_B] RX bit=0
[tick=10600] [HOST_A] TX bit=1
[tick=10600] [HOST_B] RX bit=1
[tick=10700] [HOST_A] TX bit=0
[tick=10700] [HOST_B] RX bit=0
[tick=10800] [HOST_A] TX bit=1
[tick=10800] [HOST_B] RX bit=1
[tick=10900] [HOST_A] TX bit=0
[tick=10900] [HOST_B] RX bit=0
[tick=11000] [HOST_A] TX bit=1
[tick=11000] [HOST_B] RX bit=1
[tick=11100] [HOST_A] TX bit=0
[tick=11100] [HOST_B] RX bit=0
[tick=11100] [HOST_B] RX complete frame=0101010000010010
[tick=11100] [HOST_B] accepted segment 1 on attempt 4; sending ACK
[tick=11200] [HOST_B] TX bit=0
[tick=11200] [HOST_A] RX bit=0
[tick=11300] [HOST_B] TX bit=1
[tick=11300] [HOST_A] RX bit=1
[tick=11400] [HOST_B] TX bit=0
[tick=11400] [HOST_A] RX bit=0
[tick=11500] [HOST_B] TX bit=1
[tick=11500] [HOST_A] RX bit=1
[tick=11600] [HOST_B] TX bit=1
[tick=11600] [HOST_A] RX bit=1
[tick=11700] [HOST_B] TX bit=0
[tick=11700] [HOST_A] RX bit=0
[tick=11800] [HOST_B] TX bit=0
[tick=11800] [HOST_A] RX bit=0
[tick=11900] [HOST_B] TX bit=0
[tick=11900] [HOST_A] RX bit=0
[tick=12000] [HOST_B] TX bit=0
[tick=12000] [HOST_A] RX bit=0
[tick=12100] [HOST_B] TX bit=0
[tick=12100] [HOST_A] RX bit=0
[tick=12200] [HOST_B] TX bit=0
[tick=12200] [HOST_A] RX bit=0
[tick=12300] [HOST_B] TX bit=0
[tick=12300] [HOST_A] RX bit=0
[tick=12400] [HOST_B] TX bit=1
[tick=12400] [HOST_A] RX bit=1
[tick=12500] [HOST_B] TX bit=0
[tick=12500] [HOST_A] RX bit=0
[tick=12600] [HOST_B] TX bit=1
[tick=12600] [HOST_A] RX bit=1
[tick=12700] [HOST_B] TX bit=0
[tick=12700] [HOST_A] RX bit=0
[tick=12700] [HOST_A] RX complete frame=0101000000011010
[tick=12700] [HOST_A] received ACK for segment 1
[tick=12800] [HOST_A] TX bit=0
[tick=12800] [HOST_B] RX bit=0
[tick=12900] [HOST_A] TX bit=1
[tick=12900] [HOST_B] RX bit=1
[tick=13000] [HOST_A] TX bit=0
[tick=13000] [HOST_B] RX bit=0
[tick=13100] [HOST_A] TX bit=1
[tick=13100] [HOST_B] RX bit=1
[tick=13200] [HOST_A] TX bit=0
[tick=13200] [HOST_B] RX bit=0
[tick=13300] [HOST_A] TX bit=1
[tick=13300] [HOST_B] RX bit=1
[tick=13400] [HOST_A] TX bit=1
[tick=13400] [HOST_B] RX bit=1
[tick=13500] [HOST_A] TX bit=1
[tick=13500] [HOST_B] RX bit=1
[tick=13600] [HOST_A] TX bit=0
[tick=13600] [HOST_B] RX bit=0
[tick=13700] [HOST_A] TX bit=1
[tick=13700] [HOST_B] RX bit=1
[tick=13800] [HOST_A] TX bit=1
[tick=13800] [HOST_B] RX bit=1
[tick=13900] [HOST_A] TX bit=0
[tick=13900] [HOST_B] RX bit=0
[tick=14000] [HOST_A] TX bit=1
[tick=14000] [HOST_B] RX bit=1
[tick=14100] [HOST_A] TX bit=0
[tick=14100] [HOST_B] RX bit=0
[tick=14200] [HOST_A] TX bit=1
[tick=14200] [HOST_B] RX bit=False
[tick=14300] [HOST_A] TX bit=0
[tick=14300] [HOST_B] RX bit=0
[tick=14300] [HOST_B] RX complete frame=0001011011101010
[tick=14300] [HOST_B] rejected received frame and sends NACK for segment 2 (attempt 1, status=FS)
[tick=14400] [HOST_B] TX bit=0
[tick=14400] [HOST_A] RX bit=0
[tick=14500] [HOST_B] TX bit=1
[tick=14500] [HOST_A] RX bit=1
[tick=14600] [HOST_B] TX bit=0
[tick=14600] [HOST_A] RX bit=0
[tick=14700] [HOST_B] TX bit=1
[tick=14700] [HOST_A] RX bit=1
[tick=14800] [HOST_B] TX bit=0
[tick=14800] [HOST_A] RX bit=0
[tick=14900] [HOST_B] TX bit=1
[tick=14900] [HOST_A] RX bit=1
[tick=15000] [HOST_B] TX bit=0
[tick=15000] [HOST_A] RX bit=0
[tick=15100] [HOST_B] TX bit=0
[tick=15100] [HOST_A] RX bit=0
[tick=15200] [HOST_B] TX bit=0
[tick=15200] [HOST_A] RX bit=0
[tick=15300] [HOST_B] TX bit=0
[tick=15300] [HOST_A] RX bit=0
[tick=15400] [HOST_B] TX bit=0
[tick=15400] [HOST_A] RX bit=0
[tick=15500] [HOST_B] TX bit=0
[tick=15500] [HOST_A] RX bit=0
[tick=15600] [HOST_B] TX bit=1
[tick=15600] [HOST_A] RX bit=1
[tick=15700] [HOST_B] TX bit=0
[tick=15700] [HOST_A] RX bit=0
[tick=15800] [HOST_B] TX bit=1
[tick=15800] [HOST_A] RX bit=1
[tick=15900] [HOST_B] TX bit=0
[tick=15900] [HOST_A] RX bit=0
[tick=15900] [HOST_A] RX complete frame=0101000000101010
[tick=15900] [HOST_A] received NACK for segment 2; retransmitting
[tick=16000] [HOST_A] TX bit=0
[tick=16000] [HOST_B] RX bit=0
[tick=16100] [HOST_A] TX bit=1
[tick=16100] [HOST_B] RX bit=1
[tick=16200] [HOST_A] TX bit=0
[tick=16200] [HOST_B] RX bit=0
[tick=16300] [HOST_A] TX bit=1
[tick=16300] [HOST_B] RX bit=1
[tick=16400] [HOST_A] TX bit=0
[tick=16400] [HOST_B] RX bit=0
[tick=16500] [HOST_A] TX bit=1
[tick=16500] [HOST_B] RX bit=False
[tick=16600] [HOST_A] TX bit=1
[tick=16600] [HOST_B] RX bit=1
[tick=16700] [HOST_A] TX bit=1
[tick=16700] [HOST_B] RX bit=1
[tick=16800] [HOST_A] TX bit=0
[tick=16800] [HOST_B] RX bit=0
[tick=16900] [HOST_A] TX bit=1
[tick=16900] [HOST_B] RX bit=1
[tick=17000] [HOST_A] TX bit=1
[tick=17000] [HOST_B] RX bit=False
[tick=17100] [HOST_A] TX bit=0
[tick=17100] [HOST_B] RX bit=0
[tick=17200] [HOST_A] TX bit=1
[tick=17200] [HOST_B] RX bit=1
[tick=17300] [HOST_A] TX bit=0
[tick=17300] [HOST_B] RX bit=0
[tick=17400] [HOST_A] TX bit=1
[tick=17400] [HOST_B] RX bit=1
[tick=17500] [HOST_A] TX bit=0
[tick=17500] [HOST_B] RX bit=0
[tick=17500] [HOST_B] RX complete frame=0101001011001010
[tick=17500] [HOST_B] accepted segment 2 on attempt 2; sending ACK
[tick=17600] [HOST_B] TX bit=0
[tick=17600] [HOST_A] RX bit=0
[tick=17700] [HOST_B] TX bit=1
[tick=17700] [HOST_A] RX bit=1
[tick=17800] [HOST_B] TX bit=0
[tick=17800] [HOST_A] RX bit=0
[tick=17900] [HOST_B] TX bit=1
[tick=17900] [HOST_A] RX bit=1
[tick=18000] [HOST_B] TX bit=1
[tick=18000] [HOST_A] RX bit=1
[tick=18100] [HOST_B] TX bit=0
[tick=18100] [HOST_A] RX bit=0
[tick=18200] [HOST_B] TX bit=0
[tick=18200] [HOST_A] RX bit=0
[tick=18300] [HOST_B] TX bit=0
[tick=18300] [HOST_A] RX bit=0
[tick=18400] [HOST_B] TX bit=0
[tick=18400] [HOST_A] RX bit=0
[tick=18500] [HOST_B] TX bit=0
[tick=18500] [HOST_A] RX bit=0
[tick=18600] [HOST_B] TX bit=0
[tick=18600] [HOST_A] RX bit=0
[tick=18700] [HOST_B] TX bit=0
[tick=18700] [HOST_A] RX bit=0
[tick=18800] [HOST_B] TX bit=1
[tick=18800] [HOST_A] RX bit=1
[tick=18900] [HOST_B] TX bit=0
[tick=18900] [HOST_A] RX bit=0
[tick=19000] [HOST_B] TX bit=1
[tick=19000] [HOST_A] RX bit=1
[tick=19100] [HOST_B] TX bit=0
[tick=19100] [HOST_A] RX bit=0
[tick=19100] [HOST_A] RX complete frame=0101000000011010
[tick=19100] [HOST_A] received ACK for segment 2
[tick=19200] [HOST_A] TX bit=0
[tick=19200] [HOST_B] RX bit=0
[tick=19300] [HOST_A] TX bit=1
[tick=19300] [HOST_B] RX bit=1
[tick=19400] [HOST_A] TX bit=0
[tick=19400] [HOST_B] RX bit=0
[tick=19500] [HOST_A] TX bit=0
[tick=19500] [HOST_B] RX bit=0
[tick=19600] [HOST_A] TX bit=1
[tick=19600] [HOST_B] RX bit=1
[tick=19700] [HOST_A] TX bit=0
[tick=19700] [HOST_B] RX bit=0
[tick=19800] [HOST_A] TX bit=1
[tick=19800] [HOST_B] RX bit=1
[tick=19900] [HOST_A] TX bit=1
[tick=19900] [HOST_B] RX bit=1
[tick=20000] [HOST_A] TX bit=0
[tick=20000] [HOST_B] RX bit=True
[tick=20100] [HOST_A] TX bit=1
[tick=20100] [HOST_B] RX bit=1
[tick=20200] [HOST_A] TX bit=0
[tick=20200] [HOST_B] RX bit=0
[tick=20300] [HOST_A] TX bit=0
[tick=20300] [HOST_B] RX bit=0
[tick=20400] [HOST_A] TX bit=1
[tick=20400] [HOST_B] RX bit=1
[tick=20500] [HOST_A] TX bit=0
[tick=20500] [HOST_B] RX bit=0
[tick=20600] [HOST_A] TX bit=1
[tick=20600] [HOST_B] RX bit=1
[tick=20700] [HOST_A] TX bit=0
[tick=20700] [HOST_B] RX bit=0
[tick=20700] [HOST_B] RX complete frame=0101001111010010
[tick=20700] [HOST_B] rejected received frame and sends NACK for segment 3 (attempt 1, status=PE)
[tick=20800] [HOST_B] TX bit=0
[tick=20800] [HOST_A] RX bit=0
[tick=20900] [HOST_B] TX bit=1
[tick=20900] [HOST_A] RX bit=False
[tick=21000] [HOST_B] TX bit=0
[tick=21000] [HOST_A] RX bit=0
[tick=21100] [HOST_B] TX bit=1
[tick=21100] [HOST_A] RX bit=1
[tick=21200] [HOST_B] TX bit=0
[tick=21200] [HOST_A] RX bit=0
[tick=21300] [HOST_B] TX bit=1
[tick=21300] [HOST_A] RX bit=1
[tick=21400] [HOST_B] TX bit=0
[tick=21400] [HOST_A] RX bit=0
[tick=21500] [HOST_B] TX bit=0
[tick=21500] [HOST_A] RX bit=0
[tick=21600] [HOST_B] TX bit=0
[tick=21600] [HOST_A] RX bit=0
[tick=21700] [HOST_B] TX bit=0
[tick=21700] [HOST_A] RX bit=0
[tick=21800] [HOST_B] TX bit=0
[tick=21800] [HOST_A] RX bit=0
[tick=21900] [HOST_B] TX bit=0
[tick=21900] [HOST_A] RX bit=0
[tick=22000] [HOST_B] TX bit=1
[tick=22000] [HOST_A] RX bit=1
[tick=22100] [HOST_B] TX bit=0
[tick=22100] [HOST_A] RX bit=0
[tick=22200] [HOST_B] TX bit=1
[tick=22200] [HOST_A] RX bit=1
[tick=22300] [HOST_B] TX bit=0
[tick=22300] [HOST_A] RX bit=0
[tick=22300] [HOST_A] RX complete frame=0101000000101000
[tick=22300] [HOST_A] received corrupt ACK/NACK (status=FE); retransmitting segment 3
[tick=22400] [HOST_A] TX bit=0
[tick=22400] [HOST_B] RX bit=0
[tick=22500] [HOST_A] TX bit=1
[tick=22500] [HOST_B] RX bit=1
[tick=22600] [HOST_A] TX bit=0
[tick=22600] [HOST_B] RX bit=0
[tick=22700] [HOST_A] TX bit=0
[tick=22700] [HOST_B] RX bit=0
[tick=22800] [HOST_A] TX bit=1
[tick=22800] [HOST_B] RX bit=1
[tick=22900] [HOST_A] TX bit=0
[tick=22900] [HOST_B] RX bit=0
[tick=23000] [HOST_A] TX bit=1
[tick=23000] [HOST_B] RX bit=1
[tick=23100] [HOST_A] TX bit=1
[tick=23100] [HOST_B] RX bit=1
[tick=23200] [HOST_A] TX bit=0
[tick=23200] [HOST_B] RX bit=0
[tick=23300] [HOST_A] TX bit=1
[tick=23300] [HOST_B] RX bit=1
[tick=23400] [HOST_A] TX bit=0
[tick=23400] [HOST_B] RX bit=0
[tick=23500] [HOST_A] TX bit=0
[tick=23500] [HOST_B] RX bit=0
[tick=23600] [HOST_A] TX bit=1
[tick=23600] [HOST_B] RX bit=1
[tick=23700] [HOST_A] TX bit=0
[tick=23700] [HOST_B] RX bit=0
[tick=23800] [HOST_A] TX bit=1
[tick=23800] [HOST_B] RX bit=1
[tick=23900] [HOST_A] TX bit=0
[tick=23900] [HOST_B] RX bit=0
[tick=23900] [HOST_B] RX complete frame=0101001011010010
[tick=23900] [HOST_B] accepted segment 3 on attempt 2; sending ACK
[tick=24000] [HOST_B] TX bit=0
[tick=24000] [HOST_A] RX bit=0
[tick=24100] [HOST_B] TX bit=1
[tick=24100] [HOST_A] RX bit=1
[tick=24200] [HOST_B] TX bit=0
[tick=24200] [HOST_A] RX bit=0
[tick=24300] [HOST_B] TX bit=1
[tick=24300] [HOST_A] RX bit=1
[tick=24400] [HOST_B] TX bit=1
[tick=24400] [HOST_A] RX bit=1
[tick=24500] [HOST_B] TX bit=0
[tick=24500] [HOST_A] RX bit=0
[tick=24600] [HOST_B] TX bit=0
[tick=24600] [HOST_A] RX bit=0
[tick=24700] [HOST_B] TX bit=0
[tick=24700] [HOST_A] RX bit=0
[tick=24800] [HOST_B] TX bit=0
[tick=24800] [HOST_A] RX bit=0
[tick=24900] [HOST_B] TX bit=0
[tick=24900] [HOST_A] RX bit=0
[tick=25000] [HOST_B] TX bit=0
[tick=25000] [HOST_A] RX bit=0
[tick=25100] [HOST_B] TX bit=0
[tick=25100] [HOST_A] RX bit=0
[tick=25200] [HOST_B] TX bit=1
[tick=25200] [HOST_A] RX bit=1
[tick=25300] [HOST_B] TX bit=0
[tick=25300] [HOST_A] RX bit=0
[tick=25400] [HOST_B] TX bit=1
[tick=25400] [HOST_A] RX bit=False
[tick=25500] [HOST_B] TX bit=0
[tick=25500] [HOST_A] RX bit=0
[tick=25500] [HOST_A] RX complete frame=0001000000011010
[tick=25500] [HOST_A] received corrupt ACK/NACK (status=FS); retransmitting segment 3
[tick=25600] [HOST_A] TX bit=0
[tick=25600] [HOST_B] RX bit=0
[tick=25700] [HOST_A] TX bit=1
[tick=25700] [HOST_B] RX bit=1
[tick=25800] [HOST_A] TX bit=0
[tick=25800] [HOST_B] RX bit=0
[tick=25900] [HOST_A] TX bit=0
[tick=25900] [HOST_B] RX bit=0
[tick=26000] [HOST_A] TX bit=1
[tick=26000] [HOST_B] RX bit=False
[tick=26100] [HOST_A] TX bit=0
[tick=26100] [HOST_B] RX bit=0
[tick=26200] [HOST_A] TX bit=1
[tick=26200] [HOST_B] RX bit=1
[tick=26300] [HOST_A] TX bit=1
[tick=26300] [HOST_B] RX bit=1
[tick=26400] [HOST_A] TX bit=0
[tick=26400] [HOST_B] RX bit=0
[tick=26500] [HOST_A] TX bit=1
[tick=26500] [HOST_B] RX bit=1
[tick=26600] [HOST_A] TX bit=0
[tick=26600] [HOST_B] RX bit=0
[tick=26700] [HOST_A] TX bit=0
[tick=26700] [HOST_B] RX bit=0
[tick=26800] [HOST_A] TX bit=1
[tick=26800] [HOST_B] RX bit=1
[tick=26900] [HOST_A] TX bit=0
[tick=26900] [HOST_B] RX bit=0
[tick=27000] [HOST_A] TX bit=1
[tick=27000] [HOST_B] RX bit=1
[tick=27100] [HOST_A] TX bit=0
[tick=27100] [HOST_B] RX bit=0
[tick=27100] [HOST_B] RX complete frame=0101001011000010
[tick=27100] [HOST_B] rejected received frame and sends NACK for segment 3 (attempt 3, status=PE)
[tick=27200] [HOST_B] TX bit=0
[tick=27200] [HOST_A] RX bit=0
[tick=27300] [HOST_B] TX bit=1
[tick=27300] [HOST_A] RX bit=1
[tick=27400] [HOST_B] TX bit=0
[tick=27400] [HOST_A] RX bit=0
[tick=27500] [HOST_B] TX bit=1
[tick=27500] [HOST_A] RX bit=1
[tick=27600] [HOST_B] TX bit=0
[tick=27600] [HOST_A] RX bit=0
[tick=27700] [HOST_B] TX bit=1
[tick=27700] [HOST_A] RX bit=1
[tick=27800] [HOST_B] TX bit=0
[tick=27800] [HOST_A] RX bit=0
[tick=27900] [HOST_B] TX bit=0
[tick=27900] [HOST_A] RX bit=0
[tick=28000] [HOST_B] TX bit=0
[tick=28000] [HOST_A] RX bit=0
[tick=28100] [HOST_B] TX bit=0
[tick=28100] [HOST_A] RX bit=0
[tick=28200] [HOST_B] TX bit=0
[tick=28200] [HOST_A] RX bit=0
[tick=28300] [HOST_B] TX bit=0
[tick=28300] [HOST_A] RX bit=0
[tick=28400] [HOST_B] TX bit=1
[tick=28400] [HOST_A] RX bit=1
[tick=28500] [HOST_B] TX bit=0
[tick=28500] [HOST_A] RX bit=0
[tick=28600] [HOST_B] TX bit=1
[tick=28600] [HOST_A] RX bit=1
[tick=28700] [HOST_B] TX bit=0
[tick=28700] [HOST_A] RX bit=0
[tick=28700] [HOST_A] RX complete frame=0101000000101010
[tick=28700] [HOST_A] received NACK for segment 3; retransmitting
[tick=28800] [HOST_A] TX bit=0
[tick=28800] [HOST_B] RX bit=0
[tick=28900] [HOST_A] TX bit=1
[tick=28900] [HOST_B] RX bit=1
[tick=29000] [HOST_A] TX bit=0
[tick=29000] [HOST_B] RX bit=0
[tick=29100] [HOST_A] TX bit=0
[tick=29100] [HOST_B] RX bit=0
[tick=29200] [HOST_A] TX bit=1
[tick=29200] [HOST_B] RX bit=1
[tick=29300] [HOST_A] TX bit=0
[tick=29300] [HOST_B] RX bit=0
[tick=29400] [HOST_A] TX bit=1
[tick=29400] [HOST_B] RX bit=1
[tick=29500] [HOST_A] TX bit=1
[tick=29500] [HOST_B] RX bit=1
[tick=29600] [HOST_A] TX bit=0
[tick=29600] [HOST_B] RX bit=0
[tick=29700] [HOST_A] TX bit=1
[tick=29700] [HOST_B] RX bit=1
[tick=29800] [HOST_A] TX bit=0
[tick=29800] [HOST_B] RX bit=0
[tick=29900] [HOST_A] TX bit=0
[tick=29900] [HOST_B] RX bit=0
[tick=30000] [HOST_A] TX bit=1
[tick=30000] [HOST_B] RX bit=1
[tick=30100] [HOST_A] TX bit=0
[tick=30100] [HOST_B] RX bit=0
[tick=30200] [HOST_A] TX bit=1
[tick=30200] [HOST_B] RX bit=1
[tick=30300] [HOST_A] TX bit=0
[tick=30300] [HOST_B] RX bit=0
[tick=30300] [HOST_B] RX complete frame=0101001011010010
[tick=30300] [HOST_B] accepted segment 3 on attempt 4; sending ACK
[tick=30400] [HOST_B] TX bit=0
[tick=30400] [HOST_A] RX bit=0
[tick=30500] [HOST_B] TX bit=1
[tick=30500] [HOST_A] RX bit=1
[tick=30600] [HOST_B] TX bit=0
[tick=30600] [HOST_A] RX bit=0
[tick=30700] [HOST_B] TX bit=1
[tick=30700] [HOST_A] RX bit=1
[tick=30800] [HOST_B] TX bit=1
[tick=30800] [HOST_A] RX bit=False
[tick=30900] [HOST_B] TX bit=0
[tick=30900] [HOST_A] RX bit=0
[tick=31000] [HOST_B] TX bit=0
[tick=31000] [HOST_A] RX bit=0
[tick=31100] [HOST_B] TX bit=0
[tick=31100] [HOST_A] RX bit=0
[tick=31200] [HOST_B] TX bit=0
[tick=31200] [HOST_A] RX bit=0
[tick=31300] [HOST_B] TX bit=0
[tick=31300] [HOST_A] RX bit=0
[tick=31400] [HOST_B] TX bit=0
[tick=31400] [HOST_A] RX bit=True
[tick=31500] [HOST_B] TX bit=0
[tick=31500] [HOST_A] RX bit=0
[tick=31600] [HOST_B] TX bit=1
[tick=31600] [HOST_A] RX bit=1
[tick=31700] [HOST_B] TX bit=0
[tick=31700] [HOST_A] RX bit=0
[tick=31800] [HOST_B] TX bit=1
[tick=31800] [HOST_A] RX bit=1
[tick=31900] [HOST_B] TX bit=0
[tick=31900] [HOST_A] RX bit=0
[tick=31900] [HOST_A] RX complete frame=0101010000001010
[tick=31900] [HOST_A] received unknown feedback 64; retransmitting segment 3
[tick=32000] [HOST_A] TX bit=0
[tick=32000] [HOST_B] RX bit=0
[tick=32100] [HOST_A] TX bit=1
[tick=32100] [HOST_B] RX bit=1
[tick=32200] [HOST_A] TX bit=0
[tick=32200] [HOST_B] RX bit=True
[tick=32300] [HOST_A] TX bit=0
[tick=32300] [HOST_B] RX bit=0
[tick=32400] [HOST_A] TX bit=1
[tick=32400] [HOST_B] RX bit=1
[tick=32500] [HOST_A] TX bit=0
[tick=32500] [HOST_B] RX bit=0
[tick=32600] [HOST_A] TX bit=1
[tick=32600] [HOST_B] RX bit=1
[tick=32700] [HOST_A] TX bit=1
[tick=32700] [HOST_B] RX bit=1
[tick=32800] [HOST_A] TX bit=0
[tick=32800] [HOST_B] RX bit=0
[tick=32900] [HOST_A] TX bit=1
[tick=32900] [HOST_B] RX bit=1
[tick=33000] [HOST_A] TX bit=0
[tick=33000] [HOST_B] RX bit=0
[tick=33100] [HOST_A] TX bit=0
[tick=33100] [HOST_B] RX bit=0
[tick=33200] [HOST_A] TX bit=1
[tick=33200] [HOST_B] RX bit=1
[tick=33300] [HOST_A] TX bit=0
[tick=33300] [HOST_B] RX bit=0
[tick=33400] [HOST_A] TX bit=1
[tick=33400] [HOST_B] RX bit=1
[tick=33500] [HOST_A] TX bit=0
[tick=33500] [HOST_B] RX bit=0
[tick=33500] [HOST_B] RX complete frame=0101001011010110
[tick=33500] [HOST_B] rejected received frame and sends NACK for segment 3 (attempt 5, status=FE)
[tick=33600] [HOST_B] TX bit=0
[tick=33600] [HOST_A] RX bit=0
[tick=33700] [HOST_B] TX bit=1
[tick=33700] [HOST_A] RX bit=1
[tick=33800] [HOST_B] TX bit=0
[tick=33800] [HOST_A] RX bit=0
[tick=33900] [HOST_B] TX bit=1
[tick=33900] [HOST_A] RX bit=1
[tick=34000] [HOST_B] TX bit=0
[tick=34000] [HOST_A] RX bit=0
[tick=34100] [HOST_B] TX bit=1
[tick=34100] [HOST_A] RX bit=1
[tick=34200] [HOST_B] TX bit=0
[tick=34200] [HOST_A] RX bit=0
[tick=34300] [HOST_B] TX bit=0
[tick=34300] [HOST_A] RX bit=0
[tick=34400] [HOST_B] TX bit=0
[tick=34400] [HOST_A] RX bit=0
[tick=34500] [HOST_B] TX bit=0
[tick=34500] [HOST_A] RX bit=0
[tick=34600] [HOST_B] TX bit=0
[tick=34600] [HOST_A] RX bit=0
[tick=34700] [HOST_B] TX bit=0
[tick=34700] [HOST_A] RX bit=0
[tick=34800] [HOST_B] TX bit=1
[tick=34800] [HOST_A] RX bit=1
[tick=34900] [HOST_B] TX bit=0
[tick=34900] [HOST_A] RX bit=0
[tick=35000] [HOST_B] TX bit=1
[tick=35000] [HOST_A] RX bit=1
[tick=35100] [HOST_B] TX bit=0
[tick=35100] [HOST_A] RX bit=0
[tick=35100] [HOST_A] RX complete frame=0101000000101010
[tick=35100] [HOST_A] received NACK for segment 3; retransmitting
[tick=35200] [HOST_A] TX bit=0
[tick=35200] [HOST_B] RX bit=0
[tick=35300] [HOST_A] TX bit=1
[tick=35300] [HOST_B] RX bit=1
[tick=35400] [HOST_A] TX bit=0
[tick=35400] [HOST_B] RX bit=0
[tick=35500] [HOST_A] TX bit=0
[tick=35500] [HOST_B] RX bit=0
[tick=35600] [HOST_A] TX bit=1
[tick=35600] [HOST_B] RX bit=1
[tick=35700] [HOST_A] TX bit=0
[tick=35700] [HOST_B] RX bit=0
[tick=35800] [HOST_A] TX bit=1
[tick=35800] [HOST_B] RX bit=1
[tick=35900] [HOST_A] TX bit=1
[tick=35900] [HOST_B] RX bit=1
[tick=36000] [HOST_A] TX bit=0
[tick=36000] [HOST_B] RX bit=0
[tick=36100] [HOST_A] TX bit=1
[tick=36100] [HOST_B] RX bit=1
[tick=36200] [HOST_A] TX bit=0
[tick=36200] [HOST_B] RX bit=0
[tick=36300] [HOST_A] TX bit=0
[tick=36300] [HOST_B] RX bit=0
[tick=36400] [HOST_A] TX bit=1
[tick=36400] [HOST_B] RX bit=1
[tick=36500] [HOST_A] TX bit=0
[tick=36500] [HOST_B] RX bit=0
[tick=36600] [HOST_A] TX bit=1
[tick=36600] [HOST_B] RX bit=1
[tick=36700] [HOST_A] TX bit=0
[tick=36700] [HOST_B] RX bit=0
[tick=36700] [HOST_B] RX complete frame=0101001011010010
[tick=36700] [HOST_B] accepted segment 3 on attempt 6; sending ACK
[tick=36800] [HOST_B] TX bit=0
[tick=36800] [HOST_A] RX bit=0
[tick=36900] [HOST_B] TX bit=1
[tick=36900] [HOST_A] RX bit=1
[tick=37000] [HOST_B] TX bit=0
[tick=37000] [HOST_A] RX bit=0
[tick=37100] [HOST_B] TX bit=1
[tick=37100] [HOST_A] RX bit=1
[tick=37200] [HOST_B] TX bit=1
[tick=37200] [HOST_A] RX bit=1
[tick=37300] [HOST_B] TX bit=0
[tick=37300] [HOST_A] RX bit=0
[tick=37400] [HOST_B] TX bit=0
[tick=37400] [HOST_A] RX bit=0
[tick=37500] [HOST_B] TX bit=0
[tick=37500] [HOST_A] RX bit=0
[tick=37600] [HOST_B] TX bit=0
[tick=37600] [HOST_A] RX bit=0
[tick=37700] [HOST_B] TX bit=0
[tick=37700] [HOST_A] RX bit=0
[tick=37800] [HOST_B] TX bit=0
[tick=37800] [HOST_A] RX bit=0
[tick=37900] [HOST_B] TX bit=0
[tick=37900] [HOST_A] RX bit=0
[tick=38000] [HOST_B] TX bit=1
[tick=38000] [HOST_A] RX bit=1
[tick=38100] [HOST_B] TX bit=0
[tick=38100] [HOST_A] RX bit=0
[tick=38200] [HOST_B] TX bit=1
[tick=38200] [HOST_A] RX bit=1
[tick=38300] [HOST_B] TX bit=0
[tick=38300] [HOST_A] RX bit=0
[tick=38300] [HOST_A] RX complete frame=0101000000011010
[tick=38300] [HOST_A] received ACK for segment 3
[tick=38400] [HOST_A] TX bit=0
[tick=38400] [HOST_B] RX bit=0
[tick=38500] [HOST_A] TX bit=1
[tick=38500] [HOST_B] RX bit=1
[tick=38600] [HOST_A] TX bit=0
[tick=38600] [HOST_B] RX bit=True
[tick=38700] [HOST_A] TX bit=0
[tick=38700] [HOST_B] RX bit=0
[tick=38800] [HOST_A] TX bit=1
[tick=38800] [HOST_B] RX bit=1
[tick=38900] [HOST_A] TX bit=0
[tick=38900] [HOST_B] RX bit=0
[tick=39000] [HOST_A] TX bit=0
[tick=39000] [HOST_B] RX bit=0
[tick=39100] [HOST_A] TX bit=0
[tick=39100] [HOST_B] RX bit=0
[tick=39200] [HOST_A] TX bit=0
[tick=39200] [HOST_B] RX bit=0
[tick=39300] [HOST_A] TX bit=0
[tick=39300] [HOST_B] RX bit=0
[tick=39400] [HOST_A] TX bit=1
[tick=39400] [HOST_B] RX bit=False
[tick=39500] [HOST_A] TX bit=0
[tick=39500] [HOST_B] RX bit=0
[tick=39600] [HOST_A] TX bit=1
[tick=39600] [HOST_B] RX bit=1
[tick=39700] [HOST_A] TX bit=0
[tick=39700] [HOST_B] RX bit=0
[tick=39800] [HOST_A] TX bit=1
[tick=39800] [HOST_B] RX bit=1
[tick=39900] [HOST_A] TX bit=0
[tick=39900] [HOST_B] RX bit=0
[tick=39900] [HOST_B] RX complete frame=0101000000010110
[tick=39900] [HOST_B] rejected received frame and sends NACK for segment 4 (attempt 1, status=FE)
[tick=40000] [HOST_B] TX bit=0
[tick=40000] [HOST_A] RX bit=0
[tick=40100] [HOST_B] TX bit=1
[tick=40100] [HOST_A] RX bit=1
[tick=40200] [HOST_B] TX bit=0
[tick=40200] [HOST_A] RX bit=0
[tick=40300] [HOST_B] TX bit=1
[tick=40300] [HOST_A] RX bit=1
[tick=40400] [HOST_B] TX bit=0
[tick=40400] [HOST_A] RX bit=0
[tick=40500] [HOST_B] TX bit=1
[tick=40500] [HOST_A] RX bit=1
[tick=40600] [HOST_B] TX bit=0
[tick=40600] [HOST_A] RX bit=0
[tick=40700] [HOST_B] TX bit=0
[tick=40700] [HOST_A] RX bit=0
[tick=40800] [HOST_B] TX bit=0
[tick=40800] [HOST_A] RX bit=0
[tick=40900] [HOST_B] TX bit=0
[tick=40900] [HOST_A] RX bit=0
[tick=41000] [HOST_B] TX bit=0
[tick=41000] [HOST_A] RX bit=0
[tick=41100] [HOST_B] TX bit=0
[tick=41100] [HOST_A] RX bit=0
[tick=41200] [HOST_B] TX bit=1
[tick=41200] [HOST_A] RX bit=1
[tick=41300] [HOST_B] TX bit=0
[tick=41300] [HOST_A] RX bit=0
[tick=41400] [HOST_B] TX bit=1
[tick=41400] [HOST_A] RX bit=1
[tick=41500] [HOST_B] TX bit=0
[tick=41500] [HOST_A] RX bit=0
[tick=41500] [HOST_A] RX complete frame=0101000000101010
[tick=41500] [HOST_A] received NACK for segment 4; retransmitting
[tick=41600] [HOST_A] TX bit=0
[tick=41600] [HOST_B] RX bit=0
[tick=41700] [HOST_A] TX bit=1
[tick=41700] [HOST_B] RX bit=1
[tick=41800] [HOST_A] TX bit=0
[tick=41800] [HOST_B] RX bit=0
[tick=41900] [HOST_A] TX bit=0
[tick=41900] [HOST_B] RX bit=0
[tick=42000] [HOST_A] TX bit=1
[tick=42000] [HOST_B] RX bit=1
[tick=42100] [HOST_A] TX bit=0
[tick=42100] [HOST_B] RX bit=0
[tick=42200] [HOST_A] TX bit=0
[tick=42200] [HOST_B] RX bit=0
[tick=42300] [HOST_A] TX bit=0
[tick=42300] [HOST_B] RX bit=True
[tick=42400] [HOST_A] TX bit=0
[tick=42400] [HOST_B] RX bit=True
[tick=42500] [HOST_A] TX bit=0
[tick=42500] [HOST_B] RX bit=0
[tick=42600] [HOST_A] TX bit=1
[tick=42600] [HOST_B] RX bit=1
[tick=42700] [HOST_A] TX bit=0
[tick=42700] [HOST_B] RX bit=0
[tick=42800] [HOST_A] TX bit=1
[tick=42800] [HOST_B] RX bit=1
[tick=42900] [HOST_A] TX bit=0
[tick=42900] [HOST_B] RX bit=True
[tick=43000] [HOST_A] TX bit=1
[tick=43000] [HOST_B] RX bit=1
[tick=43100] [HOST_A] TX bit=0
[tick=43100] [HOST_B] RX bit=0
[tick=43100] [HOST_B] RX complete frame=0111010110010010
[tick=43100] [HOST_B] rejected received frame and sends NACK for segment 4 (attempt 2, status=FS)
[tick=43200] [HOST_B] TX bit=0
[tick=43200] [HOST_A] RX bit=0
[tick=43300] [HOST_B] TX bit=1
[tick=43300] [HOST_A] RX bit=1
[tick=43400] [HOST_B] TX bit=0
[tick=43400] [HOST_A] RX bit=0
[tick=43500] [HOST_B] TX bit=1
[tick=43500] [HOST_A] RX bit=1
[tick=43600] [HOST_B] TX bit=0
[tick=43600] [HOST_A] RX bit=0
[tick=43700] [HOST_B] TX bit=1
[tick=43700] [HOST_A] RX bit=1
[tick=43800] [HOST_B] TX bit=0
[tick=43800] [HOST_A] RX bit=0
[tick=43900] [HOST_B] TX bit=0
[tick=43900] [HOST_A] RX bit=0
[tick=44000] [HOST_B] TX bit=0
[tick=44000] [HOST_A] RX bit=0
[tick=44100] [HOST_B] TX bit=0
[tick=44100] [HOST_A] RX bit=0
[tick=44200] [HOST_B] TX bit=0
[tick=44200] [HOST_A] RX bit=0
[tick=44300] [HOST_B] TX bit=0
[tick=44300] [HOST_A] RX bit=0
[tick=44400] [HOST_B] TX bit=1
[tick=44400] [HOST_A] RX bit=1
[tick=44500] [HOST_B] TX bit=0
[tick=44500] [HOST_A] RX bit=0
[tick=44600] [HOST_B] TX bit=1
[tick=44600] [HOST_A] RX bit=False
[tick=44700] [HOST_B] TX bit=0
[tick=44700] [HOST_A] RX bit=0
[tick=44700] [HOST_A] RX complete frame=0001000000101010
[tick=44700] [HOST_A] received corrupt ACK/NACK (status=FS); retransmitting segment 4
[tick=44800] [HOST_A] TX bit=0
[tick=44800] [HOST_B] RX bit=0
[tick=44900] [HOST_A] TX bit=1
[tick=44900] [HOST_B] RX bit=False
[tick=45000] [HOST_A] TX bit=0
[tick=45000] [HOST_B] RX bit=0
[tick=45100] [HOST_A] TX bit=0
[tick=45100] [HOST_B] RX bit=0
[tick=45200] [HOST_A] TX bit=1
[tick=45200] [HOST_B] RX bit=1
[tick=45300] [HOST_A] TX bit=0
[tick=45300] [HOST_B] RX bit=0
[tick=45400] [HOST_A] TX bit=0
[tick=45400] [HOST_B] RX bit=0
[tick=45500] [HOST_A] TX bit=0
[tick=45500] [HOST_B] RX bit=0
[tick=45600] [HOST_A] TX bit=0
[tick=45600] [HOST_B] RX bit=0
[tick=45700] [HOST_A] TX bit=0
[tick=45700] [HOST_B] RX bit=0
[tick=45800] [HOST_A] TX bit=1
[tick=45800] [HOST_B] RX bit=1
[tick=45900] [HOST_A] TX bit=0
[tick=45900] [HOST_B] RX bit=0
[tick=46000] [HOST_A] TX bit=1
[tick=46000] [HOST_B] RX bit=1
[tick=46100] [HOST_A] TX bit=0
[tick=46100] [HOST_B] RX bit=0
[tick=46200] [HOST_A] TX bit=1
[tick=46200] [HOST_B] RX bit=1
[tick=46300] [HOST_A] TX bit=0
[tick=46300] [HOST_B] RX bit=0
[tick=46300] [HOST_B] RX complete frame=0101010000010000
[tick=46300] [HOST_B] rejected received frame and sends NACK for segment 4 (attempt 3, status=FE)
[tick=46400] [HOST_B] TX bit=0
[tick=46400] [HOST_A] RX bit=0
[tick=46500] [HOST_B] TX bit=1
[tick=46500] [HOST_A] RX bit=1
[tick=46600] [HOST_B] TX bit=0
[tick=46600] [HOST_A] RX bit=0
[tick=46700] [HOST_B] TX bit=1
[tick=46700] [HOST_A] RX bit=1
[tick=46800] [HOST_B] TX bit=0
[tick=46800] [HOST_A] RX bit=0
[tick=46900] [HOST_B] TX bit=1
[tick=46900] [HOST_A] RX bit=1
[tick=47000] [HOST_B] TX bit=0
[tick=47000] [HOST_A] RX bit=0
[tick=47100] [HOST_B] TX bit=0
[tick=47100] [HOST_A] RX bit=0
[tick=47200] [HOST_B] TX bit=0
[tick=47200] [HOST_A] RX bit=0
[tick=47300] [HOST_B] TX bit=0
[tick=47300] [HOST_A] RX bit=0
[tick=47400] [HOST_B] TX bit=0
[tick=47400] [HOST_A] RX bit=0
[tick=47500] [HOST_B] TX bit=0
[tick=47500] [HOST_A] RX bit=0
[tick=47600] [HOST_B] TX bit=1
[tick=47600] [HOST_A] RX bit=1
[tick=47700] [HOST_B] TX bit=0
[tick=47700] [HOST_A] RX bit=0
[tick=47800] [HOST_B] TX bit=1
[tick=47800] [HOST_A] RX bit=1
[tick=47900] [HOST_B] TX bit=0
[tick=47900] [HOST_A] RX bit=0
[tick=47900] [HOST_A] RX complete frame=0101000000101010
[tick=47900] [HOST_A] received NACK for segment 4; retransmitting
[tick=48000] [HOST_A] TX bit=0
[tick=48000] [HOST_B] RX bit=0
[tick=48100] [HOST_A] TX bit=1
[tick=48100] [HOST_B] RX bit=1
[tick=48200] [HOST_A] TX bit=0
[tick=48200] [HOST_B] RX bit=0
[tick=48300] [HOST_A] TX bit=0
[tick=48300] [HOST_B] RX bit=0
[tick=48400] [HOST_A] TX bit=1
[tick=48400] [HOST_B] RX bit=1
[tick=48500] [HOST_A] TX bit=0
[tick=48500] [HOST_B] RX bit=0
[tick=48600] [HOST_A] TX bit=0
[tick=48600] [HOST_B] RX bit=0
[tick=48700] [HOST_A] TX bit=0
[tick=48700] [HOST_B] RX bit=0
[tick=48800] [HOST_A] TX bit=0
[tick=48800] [HOST_B] RX bit=0
[tick=48900] [HOST_A] TX bit=0
[tick=48900] [HOST_B] RX bit=0
[tick=49000] [HOST_A] TX bit=1
[tick=49000] [HOST_B] RX bit=1
[tick=49100] [HOST_A] TX bit=0
[tick=49100] [HOST_B] RX bit=0
[tick=49200] [HOST_A] TX bit=1
[tick=49200] [HOST_B] RX bit=1
[tick=49300] [HOST_A] TX bit=0
[tick=49300] [HOST_B] RX bit=0
[tick=49400] [HOST_A] TX bit=1
[tick=49400] [HOST_B] RX bit=False
[tick=49500] [HOST_A] TX bit=0
[tick=49500] [HOST_B] RX bit=0
[tick=49500] [HOST_B] RX complete frame=0001010000010010
[tick=49500] [HOST_B] rejected received frame and sends NACK for segment 4 (attempt 4, status=FS)
[tick=49600] [HOST_B] TX bit=0
[tick=49600] [HOST_A] RX bit=0
[tick=49700] [HOST_B] TX bit=1
[tick=49700] [HOST_A] RX bit=1
[tick=49800] [HOST_B] TX bit=0
[tick=49800] [HOST_A] RX bit=0
[tick=49900] [HOST_B] TX bit=1
[tick=49900] [HOST_A] RX bit=1
[tick=50000] [HOST_B] TX bit=0
[tick=50000] [HOST_A] RX bit=0
[tick=50100] [HOST_B] TX bit=1
[tick=50100] [HOST_A] RX bit=1
[tick=50200] [HOST_B] TX bit=0
[tick=50200] [HOST_A] RX bit=0
[tick=50300] [HOST_B] TX bit=0
[tick=50300] [HOST_A] RX bit=0
[tick=50400] [HOST_B] TX bit=0
[tick=50400] [HOST_A] RX bit=0
[tick=50500] [HOST_B] TX bit=0
[tick=50500] [HOST_A] RX bit=True
[tick=50600] [HOST_B] TX bit=0
[tick=50600] [HOST_A] RX bit=0
[tick=50700] [HOST_B] TX bit=0
[tick=50700] [HOST_A] RX bit=0
[tick=50800] [HOST_B] TX bit=1
[tick=50800] [HOST_A] RX bit=1
[tick=50900] [HOST_B] TX bit=0
[tick=50900] [HOST_A] RX bit=True
[tick=51000] [HOST_B] TX bit=1
[tick=51000] [HOST_A] RX bit=1
[tick=51100] [HOST_B] TX bit=0
[tick=51100] [HOST_A] RX bit=0
[tick=51100] [HOST_A] RX complete frame=0111001000101010
[tick=51100] [HOST_A] received corrupt ACK/NACK (status=PE); retransmitting segment 4
[tick=51200] [HOST_A] TX bit=0
[tick=51200] [HOST_B] RX bit=0
[tick=51300] [HOST_A] TX bit=1
[tick=51300] [HOST_B] RX bit=1
[tick=51400] [HOST_A] TX bit=0
[tick=51400] [HOST_B] RX bit=0
[tick=51500] [HOST_A] TX bit=0
[tick=51500] [HOST_B] RX bit=0
[tick=51600] [HOST_A] TX bit=1
[tick=51600] [HOST_B] RX bit=1
[tick=51700] [HOST_A] TX bit=0
[tick=51700] [HOST_B] RX bit=0
[tick=51800] [HOST_A] TX bit=0
[tick=51800] [HOST_B] RX bit=0
[tick=51900] [HOST_A] TX bit=0
[tick=51900] [HOST_B] RX bit=0
[tick=52000] [HOST_A] TX bit=0
[tick=52000] [HOST_B] RX bit=0
[tick=52100] [HOST_A] TX bit=0
[tick=52100] [HOST_B] RX bit=0
[tick=52200] [HOST_A] TX bit=1
[tick=52200] [HOST_B] RX bit=1
[tick=52300] [HOST_A] TX bit=0
[tick=52300] [HOST_B] RX bit=0
[tick=52400] [HOST_A] TX bit=1
[tick=52400] [HOST_B] RX bit=1
[tick=52500] [HOST_A] TX bit=0
[tick=52500] [HOST_B] RX bit=0
[tick=52600] [HOST_A] TX bit=1
[tick=52600] [HOST_B] RX bit=1
[tick=52700] [HOST_A] TX bit=0
[tick=52700] [HOST_B] RX bit=0
[tick=52700] [HOST_B] RX complete frame=0101010000010010
[tick=52700] [HOST_B] accepted segment 4 on attempt 5; sending ACK
[tick=52800] [HOST_B] TX bit=0
[tick=52800] [HOST_A] RX bit=0
[tick=52900] [HOST_B] TX bit=1
[tick=52900] [HOST_A] RX bit=False
[tick=53000] [HOST_B] TX bit=0
[tick=53000] [HOST_A] RX bit=0
[tick=53100] [HOST_B] TX bit=1
[tick=53100] [HOST_A] RX bit=1
[tick=53200] [HOST_B] TX bit=1
[tick=53200] [HOST_A] RX bit=1
[tick=53300] [HOST_B] TX bit=0
[tick=53300] [HOST_A] RX bit=0
[tick=53400] [HOST_B] TX bit=0
[tick=53400] [HOST_A] RX bit=0
[tick=53500] [HOST_B] TX bit=0
[tick=53500] [HOST_A] RX bit=0
[tick=53600] [HOST_B] TX bit=0
[tick=53600] [HOST_A] RX bit=0
[tick=53700] [HOST_B] TX bit=0
[tick=53700] [HOST_A] RX bit=0
[tick=53800] [HOST_B] TX bit=0
[tick=53800] [HOST_A] RX bit=0
[tick=53900] [HOST_B] TX bit=0
[tick=53900] [HOST_A] RX bit=True
[tick=54000] [HOST_B] TX bit=1
[tick=54000] [HOST_A] RX bit=1
[tick=54100] [HOST_B] TX bit=0
[tick=54100] [HOST_A] RX bit=0
[tick=54200] [HOST_B] TX bit=1
[tick=54200] [HOST_A] RX bit=1
[tick=54300] [HOST_B] TX bit=0
[tick=54300] [HOST_A] RX bit=0
[tick=54300] [HOST_A] RX complete frame=0101100000011000
[tick=54300] [HOST_A] received corrupt ACK/NACK (status=FE); retransmitting segment 4
[tick=54400] [HOST_A] TX bit=0
[tick=54400] [HOST_B] RX bit=0
[tick=54500] [HOST_A] TX bit=1
[tick=54500] [HOST_B] RX bit=1
[tick=54600] [HOST_A] TX bit=0
[tick=54600] [HOST_B] RX bit=0
[tick=54700] [HOST_A] TX bit=0
[tick=54700] [HOST_B] RX bit=0
[tick=54800] [HOST_A] TX bit=1
[tick=54800] [HOST_B] RX bit=1
[tick=54900] [HOST_A] TX bit=0
[tick=54900] [HOST_B] RX bit=0
[tick=55000] [HOST_A] TX bit=0
[tick=55000] [HOST_B] RX bit=0
[tick=55100] [HOST_A] TX bit=0
[tick=55100] [HOST_B] RX bit=0
[tick=55200] [HOST_A] TX bit=0
[tick=55200] [HOST_B] RX bit=0
[tick=55300] [HOST_A] TX bit=0
[tick=55300] [HOST_B] RX bit=0
[tick=55400] [HOST_A] TX bit=1
[tick=55400] [HOST_B] RX bit=False
[tick=55500] [HOST_A] TX bit=0
[tick=55500] [HOST_B] RX bit=0
[tick=55600] [HOST_A] TX bit=1
[tick=55600] [HOST_B] RX bit=1
[tick=55700] [HOST_A] TX bit=0
[tick=55700] [HOST_B] RX bit=0
[tick=55800] [HOST_A] TX bit=1
[tick=55800] [HOST_B] RX bit=1
[tick=55900] [HOST_A] TX bit=0
[tick=55900] [HOST_B] RX bit=0
[tick=55900] [HOST_B] RX complete frame=0101000000010010
[tick=55900] [HOST_B] rejected received frame and sends NACK for segment 4 (attempt 6, status=PE)
[tick=56000] [HOST_B] TX bit=0
[tick=56000] [HOST_A] RX bit=0
[tick=56100] [HOST_B] TX bit=1
[tick=56100] [HOST_A] RX bit=1
[tick=56200] [HOST_B] TX bit=0
[tick=56200] [HOST_A] RX bit=0
[tick=56300] [HOST_B] TX bit=1
[tick=56300] [HOST_A] RX bit=1
[tick=56400] [HOST_B] TX bit=0
[tick=56400] [HOST_A] RX bit=0
[tick=56500] [HOST_B] TX bit=1
[tick=56500] [HOST_A] RX bit=1
[tick=56600] [HOST_B] TX bit=0
[tick=56600] [HOST_A] RX bit=0
[tick=56700] [HOST_B] TX bit=0
[tick=56700] [HOST_A] RX bit=0
[tick=56800] [HOST_B] TX bit=0
[tick=56800] [HOST_A] RX bit=0
[tick=56900] [HOST_B] TX bit=0
[tick=56900] [HOST_A] RX bit=0
[tick=57000] [HOST_B] TX bit=0
[tick=57000] [HOST_A] RX bit=0
[tick=57100] [HOST_B] TX bit=0
[tick=57100] [HOST_A] RX bit=0
[tick=57200] [HOST_B] TX bit=1
[tick=57200] [HOST_A] RX bit=1
[tick=57300] [HOST_B] TX bit=0
[tick=57300] [HOST_A] RX bit=0
[tick=57400] [HOST_B] TX bit=1
[tick=57400] [HOST_A] RX bit=1
[tick=57500] [HOST_B] TX bit=0
[tick=57500] [HOST_A] RX bit=0
[tick=57500] [HOST_A] RX complete frame=0101000000101010
[tick=57500] [HOST_A] received NACK for segment 4; retransmitting
[tick=57600] [HOST_A] TX bit=0
[tick=57600] [HOST_B] RX bit=0
[tick=57700] [HOST_A] TX bit=1
[tick=57700] [HOST_B] RX bit=1
[tick=57800] [HOST_A] TX bit=0
[tick=57800] [HOST_B] RX bit=0
[tick=57900] [HOST_A] TX bit=0
[tick=57900] [HOST_B] RX bit=0
[tick=58000] [HOST_A] TX bit=1
[tick=58000] [HOST_B] RX bit=1
[tick=58100] [HOST_A] TX bit=0
[tick=58100] [HOST_B] RX bit=0
[tick=58200] [HOST_A] TX bit=0
[tick=58200] [HOST_B] RX bit=0
[tick=58300] [HOST_A] TX bit=0
[tick=58300] [HOST_B] RX bit=0
[tick=58400] [HOST_A] TX bit=0
[tick=58400] [HOST_B] RX bit=0
[tick=58500] [HOST_A] TX bit=0
[tick=58500] [HOST_B] RX bit=0
[tick=58600] [HOST_A] TX bit=1
[tick=58600] [HOST_B] RX bit=1
[tick=58700] [HOST_A] TX bit=0
[tick=58700] [HOST_B] RX bit=0
[tick=58800] [HOST_A] TX bit=1
[tick=58800] [HOST_B] RX bit=1
[tick=58900] [HOST_A] TX bit=0
[tick=58900] [HOST_B] RX bit=0
[tick=59000] [HOST_A] TX bit=1
[tick=59000] [HOST_B] RX bit=False
[tick=59100] [HOST_A] TX bit=0
[tick=59100] [HOST_B] RX bit=0
[tick=59100] [HOST_B] RX complete frame=0001010000010010
[tick=59100] [HOST_B] rejected received frame and sends NACK for segment 4 (attempt 7, status=FS)
[tick=59200] [HOST_B] TX bit=0
[tick=59200] [HOST_A] RX bit=0
[tick=59300] [HOST_B] TX bit=1
[tick=59300] [HOST_A] RX bit=1
[tick=59400] [HOST_B] TX bit=0
[tick=59400] [HOST_A] RX bit=0
[tick=59500] [HOST_B] TX bit=1
[tick=59500] [HOST_A] RX bit=1
[tick=59600] [HOST_B] TX bit=0
[tick=59600] [HOST_A] RX bit=0
[tick=59700] [HOST_B] TX bit=1
[tick=59700] [HOST_A] RX bit=1
[tick=59800] [HOST_B] TX bit=0
[tick=59800] [HOST_A] RX bit=0
[tick=59900] [HOST_B] TX bit=0
[tick=59900] [HOST_A] RX bit=0
[tick=60000] [HOST_B] TX bit=0
[tick=60000] [HOST_A] RX bit=0
[tick=60100] [HOST_B] TX bit=0
[tick=60100] [HOST_A] RX bit=0
[tick=60200] [HOST_B] TX bit=0
[tick=60200] [HOST_A] RX bit=0
[tick=60300] [HOST_B] TX bit=0
[tick=60300] [HOST_A] RX bit=0
[tick=60400] [HOST_B] TX bit=1
[tick=60400] [HOST_A] RX bit=1
[tick=60500] [HOST_B] TX bit=0
[tick=60500] [HOST_A] RX bit=0
[tick=60600] [HOST_B] TX bit=1
[tick=60600] [HOST_A] RX bit=1
[tick=60700] [HOST_B] TX bit=0
[tick=60700] [HOST_A] RX bit=0
[tick=60700] [HOST_A] RX complete frame=0101000000101010
[tick=60700] [HOST_A] received NACK for segment 4; retransmitting
[tick=60800] [HOST_A] TX bit=0
[tick=60800] [HOST_B] RX bit=0
[tick=60900] [HOST_A] TX bit=1
[tick=60900] [HOST_B] RX bit=False
[tick=61000] [HOST_A] TX bit=0
[tick=61000] [HOST_B] RX bit=0
[tick=61100] [HOST_A] TX bit=0
[tick=61100] [HOST_B] RX bit=0
[tick=61200] [HOST_A] TX bit=1
[tick=61200] [HOST_B] RX bit=1
[tick=61300] [HOST_A] TX bit=0
[tick=61300] [HOST_B] RX bit=0
[tick=61400] [HOST_A] TX bit=0
[tick=61400] [HOST_B] RX bit=0
[tick=61500] [HOST_A] TX bit=0
[tick=61500] [HOST_B] RX bit=0
[tick=61600] [HOST_A] TX bit=0
[tick=61600] [HOST_B] RX bit=0
[tick=61700] [HOST_A] TX bit=0
[tick=61700] [HOST_B] RX bit=0
[tick=61800] [HOST_A] TX bit=1
[tick=61800] [HOST_B] RX bit=1
[tick=61900] [HOST_A] TX bit=0
[tick=61900] [HOST_B] RX bit=0
[tick=62000] [HOST_A] TX bit=1
[tick=62000] [HOST_B] RX bit=1
[tick=62100] [HOST_A] TX bit=0
[tick=62100] [HOST_B] RX bit=0
[tick=62200] [HOST_A] TX bit=1
[tick=62200] [HOST_B] RX bit=1
[tick=62300] [HOST_A] TX bit=0
[tick=62300] [HOST_B] RX bit=0
[tick=62300] [HOST_B] RX complete frame=0101010000010000
[tick=62300] [HOST_B] rejected received frame and sends NACK for segment 4 (attempt 8, status=FE)
[tick=62400] [HOST_B] TX bit=0
[tick=62400] [HOST_A] RX bit=0
[tick=62500] [HOST_B] TX bit=1
[tick=62500] [HOST_A] RX bit=1
[tick=62600] [HOST_B] TX bit=0
[tick=62600] [HOST_A] RX bit=0
[tick=62700] [HOST_B] TX bit=1
[tick=62700] [HOST_A] RX bit=1
[tick=62800] [HOST_B] TX bit=0
[tick=62800] [HOST_A] RX bit=0
[tick=62900] [HOST_B] TX bit=1
[tick=62900] [HOST_A] RX bit=1
[tick=63000] [HOST_B] TX bit=0
[tick=63000] [HOST_A] RX bit=0
[tick=63100] [HOST_B] TX bit=0
[tick=63100] [HOST_A] RX bit=0
[tick=63200] [HOST_B] TX bit=0
[tick=63200] [HOST_A] RX bit=0
[tick=63300] [HOST_B] TX bit=0
[tick=63300] [HOST_A] RX bit=0
[tick=63400] [HOST_B] TX bit=0
[tick=63400] [HOST_A] RX bit=0
[tick=63500] [HOST_B] TX bit=0
[tick=63500] [HOST_A] RX bit=0
[tick=63600] [HOST_B] TX bit=1
[tick=63600] [HOST_A] RX bit=1
[tick=63700] [HOST_B] TX bit=0
[tick=63700] [HOST_A] RX bit=0
[tick=63800] [HOST_B] TX bit=1
[tick=63800] [HOST_A] RX bit=1
[tick=63900] [HOST_B] TX bit=0
[tick=63900] [HOST_A] RX bit=0
[tick=63900] [HOST_A] RX complete frame=0101000000101010
[tick=63900] [HOST_A] received NACK for segment 4; retransmitting
[tick=64000] [HOST_A] TX bit=0
[tick=64000] [HOST_B] RX bit=0
[tick=64100] [HOST_A] TX bit=1
[tick=64100] [HOST_B] RX bit=1
[tick=64200] [HOST_A] TX bit=0
[tick=64200] [HOST_B] RX bit=0
[tick=64300] [HOST_A] TX bit=0
[tick=64300] [HOST_B] RX bit=0
[tick=64400] [HOST_A] TX bit=1
[tick=64400] [HOST_B] RX bit=1
[tick=64500] [HOST_A] TX bit=0
[tick=64500] [HOST_B] RX bit=0
[tick=64600] [HOST_A] TX bit=0
[tick=64600] [HOST_B] RX bit=0
[tick=64700] [HOST_A] TX bit=0
[tick=64700] [HOST_B] RX bit=0
[tick=64800] [HOST_A] TX bit=0
[tick=64800] [HOST_B] RX bit=0
[tick=64900] [HOST_A] TX bit=0
[tick=64900] [HOST_B] RX bit=0
[tick=65000] [HOST_A] TX bit=1
[tick=65000] [HOST_B] RX bit=1
[tick=65100] [HOST_A] TX bit=0
[tick=65100] [HOST_B] RX bit=True
[tick=65200] [HOST_A] TX bit=1
[tick=65200] [HOST_B] RX bit=1
[tick=65300] [HOST_A] TX bit=0
[tick=65300] [HOST_B] RX bit=0
[tick=65400] [HOST_A] TX bit=1
[tick=65400] [HOST_B] RX bit=1
[tick=65500] [HOST_A] TX bit=0
[tick=65500] [HOST_B] RX bit=0
[tick=65500] [HOST_B] RX complete frame=0101110000010010
[tick=65500] [HOST_B] rejected received frame and sends NACK for segment 4 (attempt 9, status=PE)
[tick=65600] [HOST_B] TX bit=0
[tick=65600] [HOST_A] RX bit=0
[tick=65700] [HOST_B] TX bit=1
[tick=65700] [HOST_A] RX bit=1
[tick=65800] [HOST_B] TX bit=0
[tick=65800] [HOST_A] RX bit=0
[tick=65900] [HOST_B] TX bit=1
[tick=65900] [HOST_A] RX bit=1
[tick=66000] [HOST_B] TX bit=0
[tick=66000] [HOST_A] RX bit=0
[tick=66100] [HOST_B] TX bit=1
[tick=66100] [HOST_A] RX bit=1
[tick=66200] [HOST_B] TX bit=0
[tick=66200] [HOST_A] RX bit=0
[tick=66300] [HOST_B] TX bit=0
[tick=66300] [HOST_A] RX bit=0
[tick=66400] [HOST_B] TX bit=0
[tick=66400] [HOST_A] RX bit=0
[tick=66500] [HOST_B] TX bit=0
[tick=66500] [HOST_A] RX bit=0
[tick=66600] [HOST_B] TX bit=0
[tick=66600] [HOST_A] RX bit=0
[tick=66700] [HOST_B] TX bit=0
[tick=66700] [HOST_A] RX bit=0
[tick=66800] [HOST_B] TX bit=1
[tick=66800] [HOST_A] RX bit=1
[tick=66900] [HOST_B] TX bit=0
[tick=66900] [HOST_A] RX bit=0
[tick=67000] [HOST_B] TX bit=1
[tick=67000] [HOST_A] RX bit=1
[tick=67100] [HOST_B] TX bit=0
[tick=67100] [HOST_A] RX bit=0
[tick=67100] [HOST_A] RX complete frame=0101000000101010
[tick=67100] [HOST_A] received NACK for segment 4; retransmitting
[tick=67200] [HOST_A] TX bit=0
[tick=67200] [HOST_B] RX bit=0
[tick=67300] [HOST_A] TX bit=1
[tick=67300] [HOST_B] RX bit=1
[tick=67400] [HOST_A] TX bit=0
[tick=67400] [HOST_B] RX bit=0
[tick=67500] [HOST_A] TX bit=0
[tick=67500] [HOST_B] RX bit=0
[tick=67600] [HOST_A] TX bit=1
[tick=67600] [HOST_B] RX bit=1
[tick=67700] [HOST_A] TX bit=0
[tick=67700] [HOST_B] RX bit=0
[tick=67800] [HOST_A] TX bit=0
[tick=67800] [HOST_B] RX bit=0
[tick=67900] [HOST_A] TX bit=0
[tick=67900] [HOST_B] RX bit=0
[tick=68000] [HOST_A] TX bit=0
[tick=68000] [HOST_B] RX bit=0
[tick=68100] [HOST_A] TX bit=0
[tick=68100] [HOST_B] RX bit=0
[tick=68200] [HOST_A] TX bit=1
[tick=68200] [HOST_B] RX bit=1
[tick=68300] [HOST_A] TX bit=0
[tick=68300] [HOST_B] RX bit=0
[tick=68400] [HOST_A] TX bit=1
[tick=68400] [HOST_B] RX bit=1
[tick=68500] [HOST_A] TX bit=0
[tick=68500] [HOST_B] RX bit=0
[tick=68600] [HOST_A] TX bit=1
[tick=68600] [HOST_B] RX bit=1
[tick=68700] [HOST_A] TX bit=0
[tick=68700] [HOST_B] RX bit=0
[tick=68700] [HOST_B] RX complete frame=0101010000010010
[tick=68700] [HOST_B] accepted segment 4 on attempt 10; sending ACK
[tick=68800] [HOST_B] TX bit=0
[tick=68800] [HOST_A] RX bit=0
[tick=68900] [HOST_B] TX bit=1
[tick=68900] [HOST_A] RX bit=1
[tick=69000] [HOST_B] TX bit=0
[tick=69000] [HOST_A] RX bit=0
[tick=69100] [HOST_B] TX bit=1
[tick=69100] [HOST_A] RX bit=1
[tick=69200] [HOST_B] TX bit=1
[tick=69200] [HOST_A] RX bit=1
[tick=69300] [HOST_B] TX bit=0
[tick=69300] [HOST_A] RX bit=0
[tick=69400] [HOST_B] TX bit=0
[tick=69400] [HOST_A] RX bit=0
[tick=69500] [HOST_B] TX bit=0
[tick=69500] [HOST_A] RX bit=0
[tick=69600] [HOST_B] TX bit=0
[tick=69600] [HOST_A] RX bit=0
[tick=69700] [HOST_B] TX bit=0
[tick=69700] [HOST_A] RX bit=0
[tick=69800] [HOST_B] TX bit=0
[tick=69800] [HOST_A] RX bit=True
[tick=69900] [HOST_B] TX bit=0
[tick=69900] [HOST_A] RX bit=0
[tick=70000] [HOST_B] TX bit=1
[tick=70000] [HOST_A] RX bit=1
[tick=70100] [HOST_B] TX bit=0
[tick=70100] [HOST_A] RX bit=0
[tick=70200] [HOST_B] TX bit=1
[tick=70200] [HOST_A] RX bit=1
[tick=70300] [HOST_B] TX bit=0
[tick=70300] [HOST_A] RX bit=0
[tick=70300] [HOST_A] RX complete frame=0101010000011010
[tick=70300] [HOST_A] received corrupt ACK/NACK (status=PE); retransmitting segment 4
[tick=70400] [HOST_A] TX bit=0
[tick=70400] [HOST_B] RX bit=0
[tick=70500] [HOST_A] TX bit=1
[tick=70500] [HOST_B] RX bit=1
[tick=70600] [HOST_A] TX bit=0
[tick=70600] [HOST_B] RX bit=0
[tick=70700] [HOST_A] TX bit=0
[tick=70700] [HOST_B] RX bit=0
[tick=70800] [HOST_A] TX bit=1
[tick=70800] [HOST_B] RX bit=1
[tick=70900] [HOST_A] TX bit=0
[tick=70900] [HOST_B] RX bit=0
[tick=71000] [HOST_A] TX bit=0
[tick=71000] [HOST_B] RX bit=0
[tick=71100] [HOST_A] TX bit=0
[tick=71100] [HOST_B] RX bit=0
[tick=71200] [HOST_A] TX bit=0
[tick=71200] [HOST_B] RX bit=True
[tick=71300] [HOST_A] TX bit=0
[tick=71300] [HOST_B] RX bit=0
[tick=71400] [HOST_A] TX bit=1
[tick=71400] [HOST_B] RX bit=1
[tick=71500] [HOST_A] TX bit=0
[tick=71500] [HOST_B] RX bit=0
[tick=71600] [HOST_A] TX bit=1
[tick=71600] [HOST_B] RX bit=1
[tick=71700] [HOST_A] TX bit=0
[tick=71700] [HOST_B] RX bit=0
[tick=71800] [HOST_A] TX bit=1
[tick=71800] [HOST_B] RX bit=1
[tick=71900] [HOST_A] TX bit=0
[tick=71900] [HOST_B] RX bit=0
[tick=71900] [HOST_B] RX complete frame=0101010100010010
[tick=71900] [HOST_B] rejected received frame and sends NACK for segment 4 (attempt 11, status=PE)
[tick=72000] [HOST_B] TX bit=0
[tick=72000] [HOST_A] RX bit=0
[tick=72100] [HOST_B] TX bit=1
[tick=72100] [HOST_A] RX bit=1
[tick=72200] [HOST_B] TX bit=0
[tick=72200] [HOST_A] RX bit=0
[tick=72300] [HOST_B] TX bit=1
[tick=72300] [HOST_A] RX bit=1
[tick=72400] [HOST_B] TX bit=0
[tick=72400] [HOST_A] RX bit=0
[tick=72500] [HOST_B] TX bit=1
[tick=72500] [HOST_A] RX bit=1
[tick=72600] [HOST_B] TX bit=0
[tick=72600] [HOST_A] RX bit=0
[tick=72700] [HOST_B] TX bit=0
[tick=72700] [HOST_A] RX bit=0
[tick=72800] [HOST_B] TX bit=0
[tick=72800] [HOST_A] RX bit=0
[tick=72900] [HOST_B] TX bit=0
[tick=72900] [HOST_A] RX bit=0
[tick=73000] [HOST_B] TX bit=0
[tick=73000] [HOST_A] RX bit=0
[tick=73100] [HOST_B] TX bit=0
[tick=73100] [HOST_A] RX bit=0
[tick=73200] [HOST_B] TX bit=1
[tick=73200] [HOST_A] RX bit=1
[tick=73300] [HOST_B] TX bit=0
[tick=73300] [HOST_A] RX bit=0
[tick=73400] [HOST_B] TX bit=1
[tick=73400] [HOST_A] RX bit=1
[tick=73500] [HOST_B] TX bit=0
[tick=73500] [HOST_A] RX bit=0
[tick=73500] [HOST_A] RX complete frame=0101000000101010
[tick=73500] [HOST_A] received NACK for segment 4; retransmitting
[tick=73600] [HOST_A] TX bit=0
[tick=73600] [HOST_B] RX bit=True
[tick=73700] [HOST_A] TX bit=1
[tick=73700] [HOST_B] RX bit=1
[tick=73800] [HOST_A] TX bit=0
[tick=73800] [HOST_B] RX bit=True
[tick=73900] [HOST_A] TX bit=0
[tick=73900] [HOST_B] RX bit=0
[tick=74000] [HOST_A] TX bit=1
[tick=74000] [HOST_B] RX bit=1
[tick=74100] [HOST_A] TX bit=0
[tick=74100] [HOST_B] RX bit=0
[tick=74200] [HOST_A] TX bit=0
[tick=74200] [HOST_B] RX bit=0
[tick=74300] [HOST_A] TX bit=0
[tick=74300] [HOST_B] RX bit=0
[tick=74400] [HOST_A] TX bit=0
[tick=74400] [HOST_B] RX bit=0
[tick=74500] [HOST_A] TX bit=0
[tick=74500] [HOST_B] RX bit=0
[tick=74600] [HOST_A] TX bit=1
[tick=74600] [HOST_B] RX bit=1
[tick=74700] [HOST_A] TX bit=0
[tick=74700] [HOST_B] RX bit=0
[tick=74800] [HOST_A] TX bit=1
[tick=74800] [HOST_B] RX bit=1
[tick=74900] [HOST_A] TX bit=0
[tick=74900] [HOST_B] RX bit=0
[tick=75000] [HOST_A] TX bit=1
[tick=75000] [HOST_B] RX bit=1
[tick=75100] [HOST_A] TX bit=0
[tick=75100] [HOST_B] RX bit=0
[tick=75100] [HOST_B] RX complete frame=0101010000010111
[tick=75100] [HOST_B] rejected received frame and sends NACK for segment 4 (attempt 12, status=FE)
[tick=75200] [HOST_B] TX bit=0
[tick=75200] [HOST_A] RX bit=0
[tick=75300] [HOST_B] TX bit=1
[tick=75300] [HOST_A] RX bit=1
[tick=75400] [HOST_B] TX bit=0
[tick=75400] [HOST_A] RX bit=0
[tick=75500] [HOST_B] TX bit=1
[tick=75500] [HOST_A] RX bit=1
[tick=75600] [HOST_B] TX bit=0
[tick=75600] [HOST_A] RX bit=0
[tick=75700] [HOST_B] TX bit=1
[tick=75700] [HOST_A] RX bit=1
[tick=75800] [HOST_B] TX bit=0
[tick=75800] [HOST_A] RX bit=0
[tick=75900] [HOST_B] TX bit=0
[tick=75900] [HOST_A] RX bit=0
[tick=76000] [HOST_B] TX bit=0
[tick=76000] [HOST_A] RX bit=0
[tick=76100] [HOST_B] TX bit=0
[tick=76100] [HOST_A] RX bit=0
[tick=76200] [HOST_B] TX bit=0
[tick=76200] [HOST_A] RX bit=0
[tick=76300] [HOST_B] TX bit=0
[tick=76300] [HOST_A] RX bit=0
[tick=76400] [HOST_B] TX bit=1
[tick=76400] [HOST_A] RX bit=1
[tick=76500] [HOST_B] TX bit=0
[tick=76500] [HOST_A] RX bit=0
[tick=76600] [HOST_B] TX bit=1
[tick=76600] [HOST_A] RX bit=1
[tick=76700] [HOST_B] TX bit=0
[tick=76700] [HOST_A] RX bit=0
[tick=76700] [HOST_A] RX complete frame=0101000000101010
[tick=76700] [HOST_A] received NACK for segment 4; retransmitting
[tick=76800] [HOST_A] TX bit=0
[tick=76800] [HOST_B] RX bit=0
[tick=76900] [HOST_A] TX bit=1
[tick=76900] [HOST_B] RX bit=1
[tick=77000] [HOST_A] TX bit=0
[tick=77000] [HOST_B] RX bit=0
[tick=77100] [HOST_A] TX bit=0
[tick=77100] [HOST_B] RX bit=0
[tick=77200] [HOST_A] TX bit=1
[tick=77200] [HOST_B] RX bit=1
[tick=77300] [HOST_A] TX bit=0
[tick=77300] [HOST_B] RX bit=0
[tick=77400] [HOST_A] TX bit=0
[tick=77400] [HOST_B] RX bit=0
[tick=77500] [HOST_A] TX bit=0
[tick=77500] [HOST_B] RX bit=0
[tick=77600] [HOST_A] TX bit=0
[tick=77600] [HOST_B] RX bit=0
[tick=77700] [HOST_A] TX bit=0
[tick=77700] [HOST_B] RX bit=True
[tick=77800] [HOST_A] TX bit=1
[tick=77800] [HOST_B] RX bit=1
[tick=77900] [HOST_A] TX bit=0
[tick=77900] [HOST_B] RX bit=0
[tick=78000] [HOST_A] TX bit=1
[tick=78000] [HOST_B] RX bit=1
[tick=78100] [HOST_A] TX bit=0
[tick=78100] [HOST_B] RX bit=0
[tick=78200] [HOST_A] TX bit=1
[tick=78200] [HOST_B] RX bit=1
[tick=78300] [HOST_A] TX bit=0
[tick=78300] [HOST_B] RX bit=0
[tick=78300] [HOST_B] RX complete frame=0101011000010010
[tick=78300] [HOST_B] rejected received frame and sends NACK for segment 4 (attempt 13, status=PE)
[tick=78400] [HOST_B] TX bit=0
[tick=78400] [HOST_A] RX bit=0
[tick=78500] [HOST_B] TX bit=1
[tick=78500] [HOST_A] RX bit=1
[tick=78600] [HOST_B] TX bit=0
[tick=78600] [HOST_A] RX bit=0
[tick=78700] [HOST_B] TX bit=1
[tick=78700] [HOST_A] RX bit=1
[tick=78800] [HOST_B] TX bit=0
[tick=78800] [HOST_A] RX bit=0
[tick=78900] [HOST_B] TX bit=1
[tick=78900] [HOST_A] RX bit=1
[tick=79000] [HOST_B] TX bit=0
[tick=79000] [HOST_A] RX bit=0
[tick=79100] [HOST_B] TX bit=0
[tick=79100] [HOST_A] RX bit=0
[tick=79200] [HOST_B] TX bit=0
[tick=79200] [HOST_A] RX bit=0
[tick=79300] [HOST_B] TX bit=0
[tick=79300] [HOST_A] RX bit=0
[tick=79400] [HOST_B] TX bit=0
[tick=79400] [HOST_A] RX bit=0
[tick=79500] [HOST_B] TX bit=0
[tick=79500] [HOST_A] RX bit=0
[tick=79600] [HOST_B] TX bit=1
[tick=79600] [HOST_A] RX bit=1
[tick=79700] [HOST_B] TX bit=0
[tick=79700] [HOST_A] RX bit=0
[tick=79800] [HOST_B] TX bit=1
[tick=79800] [HOST_A] RX bit=1
[tick=79900] [HOST_B] TX bit=0
[tick=79900] [HOST_A] RX bit=0
[tick=79900] [HOST_A] RX complete frame=0101000000101010
[tick=79900] [HOST_A] received NACK for segment 4; retransmitting
[tick=80000] [HOST_A] TX bit=0
[tick=80000] [HOST_B] RX bit=0
[tick=80100] [HOST_A] TX bit=1
[tick=80100] [HOST_B] RX bit=1
[tick=80200] [HOST_A] TX bit=0
[tick=80200] [HOST_B] RX bit=0
[tick=80300] [HOST_A] TX bit=0
[tick=80300] [HOST_B] RX bit=0
[tick=80400] [HOST_A] TX bit=1
[tick=80400] [HOST_B] RX bit=1
[tick=80500] [HOST_A] TX bit=0
[tick=80500] [HOST_B] RX bit=0
[tick=80600] [HOST_A] TX bit=0
[tick=80600] [HOST_B] RX bit=0
[tick=80700] [HOST_A] TX bit=0
[tick=80700] [HOST_B] RX bit=0
[tick=80800] [HOST_A] TX bit=0
[tick=80800] [HOST_B] RX bit=0
[tick=80900] [HOST_A] TX bit=0
[tick=80900] [HOST_B] RX bit=0
[tick=81000] [HOST_A] TX bit=1
[tick=81000] [HOST_B] RX bit=False
[tick=81100] [HOST_A] TX bit=0
[tick=81100] [HOST_B] RX bit=0
[tick=81200] [HOST_A] TX bit=1
[tick=81200] [HOST_B] RX bit=1
[tick=81300] [HOST_A] TX bit=0
[tick=81300] [HOST_B] RX bit=0
[tick=81400] [HOST_A] TX bit=1
[tick=81400] [HOST_B] RX bit=1
[tick=81500] [HOST_A] TX bit=0
[tick=81500] [HOST_B] RX bit=0
[tick=81500] [HOST_B] RX complete frame=0101000000010010
[tick=81500] [HOST_B] rejected received frame and sends NACK for segment 4 (attempt 14, status=PE)
[tick=81600] [HOST_B] TX bit=0
[tick=81600] [HOST_A] RX bit=0
[tick=81700] [HOST_B] TX bit=1
[tick=81700] [HOST_A] RX bit=1
[tick=81800] [HOST_B] TX bit=0
[tick=81800] [HOST_A] RX bit=0
[tick=81900] [HOST_B] TX bit=1
[tick=81900] [HOST_A] RX bit=1
[tick=82000] [HOST_B] TX bit=0
[tick=82000] [HOST_A] RX bit=True
[tick=82100] [HOST_B] TX bit=1
[tick=82100] [HOST_A] RX bit=1
[tick=82200] [HOST_B] TX bit=0
[tick=82200] [HOST_A] RX bit=True
[tick=82300] [HOST_B] TX bit=0
[tick=82300] [HOST_A] RX bit=True
[tick=82400] [HOST_B] TX bit=0
[tick=82400] [HOST_A] RX bit=0
[tick=82500] [HOST_B] TX bit=0
[tick=82500] [HOST_A] RX bit=0
[tick=82600] [HOST_B] TX bit=0
[tick=82600] [HOST_A] RX bit=0
[tick=82700] [HOST_B] TX bit=0
[tick=82700] [HOST_A] RX bit=0
[tick=82800] [HOST_B] TX bit=1
[tick=82800] [HOST_A] RX bit=1
[tick=82900] [HOST_B] TX bit=0
[tick=82900] [HOST_A] RX bit=0
[tick=83000] [HOST_B] TX bit=1
[tick=83000] [HOST_A] RX bit=1
[tick=83100] [HOST_B] TX bit=0
[tick=83100] [HOST_A] RX bit=0
[tick=83100] [HOST_A] RX complete frame=0101000011111010
[tick=83100] [HOST_A] received corrupt ACK/NACK (status=PE); retransmitting segment 4
[tick=83200] [HOST_A] TX bit=0
[tick=83200] [HOST_B] RX bit=0
[tick=83300] [HOST_A] TX bit=1
[tick=83300] [HOST_B] RX bit=False
[tick=83400] [HOST_A] TX bit=0
[tick=83400] [HOST_B] RX bit=0
[tick=83500] [HOST_A] TX bit=0
[tick=83500] [HOST_B] RX bit=0
[tick=83600] [HOST_A] TX bit=1
[tick=83600] [HOST_B] RX bit=1
[tick=83700] [HOST_A] TX bit=0
[tick=83700] [HOST_B] RX bit=0
[tick=83800] [HOST_A] TX bit=0
[tick=83800] [HOST_B] RX bit=0
[tick=83900] [HOST_A] TX bit=0
[tick=83900] [HOST_B] RX bit=0
[tick=84000] [HOST_A] TX bit=0
[tick=84000] [HOST_B] RX bit=0
[tick=84100] [HOST_A] TX bit=0
[tick=84100] [HOST_B] RX bit=0
[tick=84200] [HOST_A] TX bit=1
[tick=84200] [HOST_B] RX bit=1
[tick=84300] [HOST_A] TX bit=0
[tick=84300] [HOST_B] RX bit=0
[tick=84400] [HOST_A] TX bit=1
[tick=84400] [HOST_B] RX bit=1
[tick=84500] [HOST_A] TX bit=0
[tick=84500] [HOST_B] RX bit=0
[tick=84600] [HOST_A] TX bit=1
[tick=84600] [HOST_B] RX bit=1
[tick=84700] [HOST_A] TX bit=0
[tick=84700] [HOST_B] RX bit=0
[tick=84700] [HOST_B] RX complete frame=0101010000010000
[tick=84700] [HOST_B] rejected received frame and sends NACK for segment 4 (attempt 15, status=FE)
[tick=84800] [HOST_B] TX bit=0
[tick=84800] [HOST_A] RX bit=0
[tick=84900] [HOST_B] TX bit=1
[tick=84900] [HOST_A] RX bit=1
[tick=85000] [HOST_B] TX bit=0
[tick=85000] [HOST_A] RX bit=0
[tick=85100] [HOST_B] TX bit=1
[tick=85100] [HOST_A] RX bit=1
[tick=85200] [HOST_B] TX bit=0
[tick=85200] [HOST_A] RX bit=0
[tick=85300] [HOST_B] TX bit=1
[tick=85300] [HOST_A] RX bit=1
[tick=85400] [HOST_B] TX bit=0
[tick=85400] [HOST_A] RX bit=0
[tick=85500] [HOST_B] TX bit=0
[tick=85500] [HOST_A] RX bit=0
[tick=85600] [HOST_B] TX bit=0
[tick=85600] [HOST_A] RX bit=0
[tick=85700] [HOST_B] TX bit=0
[tick=85700] [HOST_A] RX bit=0
[tick=85800] [HOST_B] TX bit=0
[tick=85800] [HOST_A] RX bit=True
[tick=85900] [HOST_B] TX bit=0
[tick=85900] [HOST_A] RX bit=0
[tick=86000] [HOST_B] TX bit=1
[tick=86000] [HOST_A] RX bit=1
[tick=86100] [HOST_B] TX bit=0
[tick=86100] [HOST_A] RX bit=0
[tick=86200] [HOST_B] TX bit=1
[tick=86200] [HOST_A] RX bit=1
[tick=86300] [HOST_B] TX bit=0
[tick=86300] [HOST_A] RX bit=0
[tick=86300] [HOST_A] RX complete frame=0101010000101010
[tick=86300] [HOST_A] received corrupt ACK/NACK (status=PE); retransmitting segment 4
[tick=86400] [HOST_A] TX bit=0
[tick=86400] [HOST_B] RX bit=0
[tick=86500] [HOST_A] TX bit=1
[tick=86500] [HOST_B] RX bit=1
[tick=86600] [HOST_A] TX bit=0
[tick=86600] [HOST_B] RX bit=0
[tick=86700] [HOST_A] TX bit=0
[tick=86700] [HOST_B] RX bit=0
[tick=86800] [HOST_A] TX bit=1
[tick=86800] [HOST_B] RX bit=1
[tick=86900] [HOST_A] TX bit=0
[tick=86900] [HOST_B] RX bit=0
[tick=87000] [HOST_A] TX bit=0
[tick=87000] [HOST_B] RX bit=0
[tick=87100] [HOST_A] TX bit=0
[tick=87100] [HOST_B] RX bit=0
[tick=87200] [HOST_A] TX bit=0
[tick=87200] [HOST_B] RX bit=0
[tick=87300] [HOST_A] TX bit=0
[tick=87300] [HOST_B] RX bit=0
[tick=87400] [HOST_A] TX bit=1
[tick=87400] [HOST_B] RX bit=1
[tick=87500] [HOST_A] TX bit=0
[tick=87500] [HOST_B] RX bit=0
[tick=87600] [HOST_A] TX bit=1
[tick=87600] [HOST_B] RX bit=1
[tick=87700] [HOST_A] TX bit=0
[tick=87700] [HOST_B] RX bit=0
[tick=87800] [HOST_A] TX bit=1
[tick=87800] [HOST_B] RX bit=1
[tick=87900] [HOST_A] TX bit=0
[tick=87900] [HOST_B] RX bit=0
[tick=87900] [HOST_B] RX complete frame=0101010000010010
[tick=87900] [HOST_B] accepted segment 4 on attempt 16; sending ACK
[tick=88000] [HOST_B] TX bit=0
[tick=88000] [HOST_A] RX bit=0
[tick=88100] [HOST_B] TX bit=1
[tick=88100] [HOST_A] RX bit=1
[tick=88200] [HOST_B] TX bit=0
[tick=88200] [HOST_A] RX bit=0
[tick=88300] [HOST_B] TX bit=1
[tick=88300] [HOST_A] RX bit=1
[tick=88400] [HOST_B] TX bit=1
[tick=88400] [HOST_A] RX bit=1
[tick=88500] [HOST_B] TX bit=0
[tick=88500] [HOST_A] RX bit=0
[tick=88600] [HOST_B] TX bit=0
[tick=88600] [HOST_A] RX bit=0
[tick=88700] [HOST_B] TX bit=0
[tick=88700] [HOST_A] RX bit=0
[tick=88800] [HOST_B] TX bit=0
[tick=88800] [HOST_A] RX bit=0
[tick=88900] [HOST_B] TX bit=0
[tick=88900] [HOST_A] RX bit=0
[tick=89000] [HOST_B] TX bit=0
[tick=89000] [HOST_A] RX bit=0
[tick=89100] [HOST_B] TX bit=0
[tick=89100] [HOST_A] RX bit=0
[tick=89200] [HOST_B] TX bit=1
[tick=89200] [HOST_A] RX bit=1
[tick=89300] [HOST_B] TX bit=0
[tick=89300] [HOST_A] RX bit=0
[tick=89400] [HOST_B] TX bit=1
[tick=89400] [HOST_A] RX bit=1
[tick=89500] [HOST_B] TX bit=0
[tick=89500] [HOST_A] RX bit=True
[tick=89500] [HOST_A] RX complete frame=1101000000011010
[tick=89500] [HOST_A] received corrupt ACK/NACK (status=FS); retransmitting segment 4
[tick=89600] [HOST_A] TX bit=0
[tick=89600] [HOST_B] RX bit=0
[tick=89700] [HOST_A] TX bit=1
[tick=89700] [HOST_B] RX bit=1
[tick=89800] [HOST_A] TX bit=0
[tick=89800] [HOST_B] RX bit=0
[tick=89900] [HOST_A] TX bit=0
[tick=89900] [HOST_B] RX bit=0
[tick=90000] [HOST_A] TX bit=1
[tick=90000] [HOST_B] RX bit=1
[tick=90100] [HOST_A] TX bit=0
[tick=90100] [HOST_B] RX bit=0
[tick=90200] [HOST_A] TX bit=0
[tick=90200] [HOST_B] RX bit=0
[tick=90300] [HOST_A] TX bit=0
[tick=90300] [HOST_B] RX bit=True
[tick=90400] [HOST_A] TX bit=0
[tick=90400] [HOST_B] RX bit=0
[tick=90500] [HOST_A] TX bit=0
[tick=90500] [HOST_B] RX bit=True
[tick=90600] [HOST_A] TX bit=1
[tick=90600] [HOST_B] RX bit=1
[tick=90700] [HOST_A] TX bit=0
[tick=90700] [HOST_B] RX bit=0
[tick=90800] [HOST_A] TX bit=1
[tick=90800] [HOST_B] RX bit=1
[tick=90900] [HOST_A] TX bit=0
[tick=90900] [HOST_B] RX bit=0
[tick=91000] [HOST_A] TX bit=1
[tick=91000] [HOST_B] RX bit=1
[tick=91100] [HOST_A] TX bit=0
[tick=91100] [HOST_B] RX bit=0
[tick=91100] [HOST_B] RX complete frame=0101011010010010
[tick=91100] [HOST_B] accepted segment 4 on attempt 17; sending ACK
[tick=91200] [HOST_B] TX bit=0
[tick=91200] [HOST_A] RX bit=0
[tick=91300] [HOST_B] TX bit=1
[tick=91300] [HOST_A] RX bit=1
[tick=91400] [HOST_B] TX bit=0
[tick=91400] [HOST_A] RX bit=0
[tick=91500] [HOST_B] TX bit=1
[tick=91500] [HOST_A] RX bit=1
[tick=91600] [HOST_B] TX bit=1
[tick=91600] [HOST_A] RX bit=1
[tick=91700] [HOST_B] TX bit=0
[tick=91700] [HOST_A] RX bit=0
[tick=91800] [HOST_B] TX bit=0
[tick=91800] [HOST_A] RX bit=0
[tick=91900] [HOST_B] TX bit=0
[tick=91900] [HOST_A] RX bit=0
[tick=92000] [HOST_B] TX bit=0
[tick=92000] [HOST_A] RX bit=0
[tick=92100] [HOST_B] TX bit=0
[tick=92100] [HOST_A] RX bit=0
[tick=92200] [HOST_B] TX bit=0
[tick=92200] [HOST_A] RX bit=0
[tick=92300] [HOST_B] TX bit=0
[tick=92300] [HOST_A] RX bit=0
[tick=92400] [HOST_B] TX bit=1
[tick=92400] [HOST_A] RX bit=False
[tick=92500] [HOST_B] TX bit=0
[tick=92500] [HOST_A] RX bit=0
[tick=92600] [HOST_B] TX bit=1
[tick=92600] [HOST_A] RX bit=1
[tick=92700] [HOST_B] TX bit=0
[tick=92700] [HOST_A] RX bit=0
[tick=92700] [HOST_A] RX complete frame=0100000000011010
[tick=92700] [HOST_A] received corrupt ACK/NACK (status=FS); retransmitting segment 4
[tick=92800] [HOST_A] TX bit=0
[tick=92800] [HOST_B] RX bit=0
[tick=92900] [HOST_A] TX bit=1
[tick=92900] [HOST_B] RX bit=1
[tick=93000] [HOST_A] TX bit=0
[tick=93000] [HOST_B] RX bit=True
[tick=93100] [HOST_A] TX bit=0
[tick=93100] [HOST_B] RX bit=0
[tick=93200] [HOST_A] TX bit=1
[tick=93200] [HOST_B] RX bit=1
[tick=93300] [HOST_A] TX bit=0
[tick=93300] [HOST_B] RX bit=0
[tick=93400] [HOST_A] TX bit=0
[tick=93400] [HOST_B] RX bit=0
[tick=93500] [HOST_A] TX bit=0
[tick=93500] [HOST_B] RX bit=0
[tick=93600] [HOST_A] TX bit=0
[tick=93600] [HOST_B] RX bit=0
[tick=93700] [HOST_A] TX bit=0
[tick=93700] [HOST_B] RX bit=0
[tick=93800] [HOST_A] TX bit=1
[tick=93800] [HOST_B] RX bit=1
[tick=93900] [HOST_A] TX bit=0
[tick=93900] [HOST_B] RX bit=0
[tick=94000] [HOST_A] TX bit=1
[tick=94000] [HOST_B] RX bit=1
[tick=94100] [HOST_A] TX bit=0
[tick=94100] [HOST_B] RX bit=0
[tick=94200] [HOST_A] TX bit=1
[tick=94200] [HOST_B] RX bit=1
[tick=94300] [HOST_A] TX bit=0
[tick=94300] [HOST_B] RX bit=0
[tick=94300] [HOST_B] RX complete frame=0101010000010110
[tick=94300] [HOST_B] rejected received frame and sends NACK for segment 4 (attempt 18, status=FE)
[tick=94400] [HOST_B] TX bit=0
[tick=94400] [HOST_A] RX bit=0
[tick=94500] [HOST_B] TX bit=1
[tick=94500] [HOST_A] RX bit=1
[tick=94600] [HOST_B] TX bit=0
[tick=94600] [HOST_A] RX bit=0
[tick=94700] [HOST_B] TX bit=1
[tick=94700] [HOST_A] RX bit=1
[tick=94800] [HOST_B] TX bit=0
[tick=94800] [HOST_A] RX bit=0
[tick=94900] [HOST_B] TX bit=1
[tick=94900] [HOST_A] RX bit=1
[tick=95000] [HOST_B] TX bit=0
[tick=95000] [HOST_A] RX bit=0
[tick=95100] [HOST_B] TX bit=0
[tick=95100] [HOST_A] RX bit=0
[tick=95200] [HOST_B] TX bit=0
[tick=95200] [HOST_A] RX bit=0
[tick=95300] [HOST_B] TX bit=0
[tick=95300] [HOST_A] RX bit=0
[tick=95400] [HOST_B] TX bit=0
[tick=95400] [HOST_A] RX bit=0
[tick=95500] [HOST_B] TX bit=0
[tick=95500] [HOST_A] RX bit=0
[tick=95600] [HOST_B] TX bit=1
[tick=95600] [HOST_A] RX bit=1
[tick=95700] [HOST_B] TX bit=0
[tick=95700] [HOST_A] RX bit=0
[tick=95800] [HOST_B] TX bit=1
[tick=95800] [HOST_A] RX bit=False
[tick=95900] [HOST_B] TX bit=0
[tick=95900] [HOST_A] RX bit=0
[tick=95900] [HOST_A] RX complete frame=0001000000101010
[tick=95900] [HOST_A] received corrupt ACK/NACK (status=FS); retransmitting segment 4
[tick=96000] [HOST_A] TX bit=0
[tick=96000] [HOST_B] RX bit=0
[tick=96100] [HOST_A] TX bit=1
[tick=96100] [HOST_B] RX bit=1
[tick=96200] [HOST_A] TX bit=0
[tick=96200] [HOST_B] RX bit=0
[tick=96300] [HOST_A] TX bit=0
[tick=96300] [HOST_B] RX bit=0
[tick=96400] [HOST_A] TX bit=1
[tick=96400] [HOST_B] RX bit=1
[tick=96500] [HOST_A] TX bit=0
[tick=96500] [HOST_B] RX bit=0
[tick=96600] [HOST_A] TX bit=0
[tick=96600] [HOST_B] RX bit=0
[tick=96700] [HOST_A] TX bit=0
[tick=96700] [HOST_B] RX bit=0
[tick=96800] [HOST_A] TX bit=0
[tick=96800] [HOST_B] RX bit=0
[tick=96900] [HOST_A] TX bit=0
[tick=96900] [HOST_B] RX bit=0
[tick=97000] [HOST_A] TX bit=1
[tick=97000] [HOST_B] RX bit=1
[tick=97100] [HOST_A] TX bit=0
[tick=97100] [HOST_B] RX bit=0
[tick=97200] [HOST_A] TX bit=1
[tick=97200] [HOST_B] RX bit=1
[tick=97300] [HOST_A] TX bit=0
[tick=97300] [HOST_B] RX bit=0
[tick=97400] [HOST_A] TX bit=1
[tick=97400] [HOST_B] RX bit=1
[tick=97500] [HOST_A] TX bit=0
[tick=97500] [HOST_B] RX bit=0
[tick=97500] [HOST_B] RX complete frame=0101010000010010
[tick=97500] [HOST_B] accepted segment 4 on attempt 19; sending ACK
[tick=97600] [HOST_B] TX bit=0
[tick=97600] [HOST_A] RX bit=True
[tick=97700] [HOST_B] TX bit=1
[tick=97700] [HOST_A] RX bit=1
[tick=97800] [HOST_B] TX bit=0
[tick=97800] [HOST_A] RX bit=True
[tick=97900] [HOST_B] TX bit=1
[tick=97900] [HOST_A] RX bit=1
[tick=98000] [HOST_B] TX bit=1
[tick=98000] [HOST_A] RX bit=1
[tick=98100] [HOST_B] TX bit=0
[tick=98100] [HOST_A] RX bit=0
[tick=98200] [HOST_B] TX bit=0
[tick=98200] [HOST_A] RX bit=0
[tick=98300] [HOST_B] TX bit=0
[tick=98300] [HOST_A] RX bit=0
[tick=98400] [HOST_B] TX bit=0
[tick=98400] [HOST_A] RX bit=0
[tick=98500] [HOST_B] TX bit=0
[tick=98500] [HOST_A] RX bit=0
[tick=98600] [HOST_B] TX bit=0
[tick=98600] [HOST_A] RX bit=0
[tick=98700] [HOST_B] TX bit=0
[tick=98700] [HOST_A] RX bit=0
[tick=98800] [HOST_B] TX bit=1
[tick=98800] [HOST_A] RX bit=1
[tick=98900] [HOST_B] TX bit=0
[tick=98900] [HOST_A] RX bit=0
[tick=99000] [HOST_B] TX bit=1
[tick=99000] [HOST_A] RX bit=1
[tick=99100] [HOST_B] TX bit=0
[tick=99100] [HOST_A] RX bit=0
[tick=99100] [HOST_A] RX complete frame=0101000000011111
[tick=99100] [HOST_A] received corrupt ACK/NACK (status=FE); retransmitting segment 4
[tick=99200] [HOST_A] TX bit=0
[tick=99200] [HOST_B] RX bit=0
[tick=99300] [HOST_A] TX bit=1
[tick=99300] [HOST_B] RX bit=1
[tick=99400] [HOST_A] TX bit=0
[tick=99400] [HOST_B] RX bit=True
[tick=99500] [HOST_A] TX bit=0
[tick=99500] [HOST_B] RX bit=0
[tick=99600] [HOST_A] TX bit=1
[tick=99600] [HOST_B] RX bit=1
[tick=99700] [HOST_A] TX bit=0
[tick=99700] [HOST_B] RX bit=0
[tick=99800] [HOST_A] TX bit=0
[tick=99800] [HOST_B] RX bit=0
[tick=99900] [HOST_A] TX bit=0
[tick=99900] [HOST_B] RX bit=0
[tick=100000] [HOST_A] TX bit=0
[tick=100000] [HOST_B] RX bit=0
[tick=100100] [HOST_A] TX bit=0
[tick=100100] [HOST_B] RX bit=0
[tick=100200] [HOST_A] TX bit=1
[tick=100200] [HOST_B] RX bit=1
[tick=100300] [HOST_A] TX bit=0
[tick=100300] [HOST_B] RX bit=True
[tick=100400] [HOST_A] TX bit=1
[tick=100400] [HOST_B] RX bit=1
[tick=100500] [HOST_A] TX bit=0
[tick=100500] [HOST_B] RX bit=0
[tick=100600] [HOST_A] TX bit=1
[tick=100600] [HOST_B] RX bit=1
[tick=100700] [HOST_A] TX bit=0
[tick=100700] [HOST_B] RX bit=0
[tick=100700] [HOST_B] RX complete frame=0101110000010110
[tick=100700] [HOST_B] rejected received frame and sends NACK for segment 4 (attempt 20, status=FE)
[tick=100800] [HOST_B] TX bit=0
[tick=100800] [HOST_A] RX bit=0
[tick=100900] [HOST_B] TX bit=1
[tick=100900] [HOST_A] RX bit=1
[tick=101000] [HOST_B] TX bit=0
[tick=101000] [HOST_A] RX bit=0
[tick=101100] [HOST_B] TX bit=1
[tick=101100] [HOST_A] RX bit=1
[tick=101200] [HOST_B] TX bit=0
[tick=101200] [HOST_A] RX bit=0
[tick=101300] [HOST_B] TX bit=1
[tick=101300] [HOST_A] RX bit=1
[tick=101400] [HOST_B] TX bit=0
[tick=101400] [HOST_A] RX bit=True
[tick=101500] [HOST_B] TX bit=0
[tick=101500] [HOST_A] RX bit=0
[tick=101600] [HOST_B] TX bit=0
[tick=101600] [HOST_A] RX bit=0
[tick=101700] [HOST_B] TX bit=0
[tick=101700] [HOST_A] RX bit=0
[tick=101800] [HOST_B] TX bit=0
[tick=101800] [HOST_A] RX bit=0
[tick=101900] [HOST_B] TX bit=0
[tick=101900] [HOST_A] RX bit=0
[tick=102000] [HOST_B] TX bit=1
[tick=102000] [HOST_A] RX bit=1
[tick=102100] [HOST_B] TX bit=0
[tick=102100] [HOST_A] RX bit=0
[tick=102200] [HOST_B] TX bit=1
[tick=102200] [HOST_A] RX bit=1
[tick=102300] [HOST_B] TX bit=0
[tick=102300] [HOST_A] RX bit=0
[tick=102300] [HOST_A] RX complete frame=0101000001101010
[tick=102300] [HOST_A] received corrupt ACK/NACK (status=PE); retransmitting segment 4
[tick=102400] [HOST_A] TX bit=0
[tick=102400] [HOST_B] RX bit=0
[tick=102500] [HOST_A] TX bit=1
[tick=102500] [HOST_B] RX bit=1
[tick=102600] [HOST_A] TX bit=0
[tick=102600] [HOST_B] RX bit=0
[tick=102700] [HOST_A] TX bit=0
[tick=102700] [HOST_B] RX bit=0
[tick=102800] [HOST_A] TX bit=1
[tick=102800] [HOST_B] RX bit=1
[tick=102900] [HOST_A] TX bit=0
[tick=102900] [HOST_B] RX bit=True
[tick=103000] [HOST_A] TX bit=0
[tick=103000] [HOST_B] RX bit=0
[tick=103100] [HOST_A] TX bit=0
[tick=103100] [HOST_B] RX bit=0
[tick=103200] [HOST_A] TX bit=0
[tick=103200] [HOST_B] RX bit=0
[tick=103300] [HOST_A] TX bit=0
[tick=103300] [HOST_B] RX bit=True
[tick=103400] [HOST_A] TX bit=1
[tick=103400] [HOST_B] RX bit=1
[tick=103500] [HOST_A] TX bit=0
[tick=103500] [HOST_B] RX bit=0
[tick=103600] [HOST_A] TX bit=1
[tick=103600] [HOST_B] RX bit=1
[tick=103700] [HOST_A] TX bit=0
[tick=103700] [HOST_B] RX bit=0
[tick=103800] [HOST_A] TX bit=1
[tick=103800] [HOST_B] RX bit=1
[tick=103900] [HOST_A] TX bit=0
[tick=103900] [HOST_B] RX bit=0
[tick=103900] [HOST_B] RX complete frame=0101011000110010
[tick=103900] [HOST_B] accepted segment 4 on attempt 21; sending ACK
[tick=104000] [HOST_B] TX bit=0
[tick=104000] [HOST_A] RX bit=0
[tick=104100] [HOST_B] TX bit=1
[tick=104100] [HOST_A] RX bit=1
[tick=104200] [HOST_B] TX bit=0
[tick=104200] [HOST_A] RX bit=True
[tick=104300] [HOST_B] TX bit=1
[tick=104300] [HOST_A] RX bit=1
[tick=104400] [HOST_B] TX bit=1
[tick=104400] [HOST_A] RX bit=1
[tick=104500] [HOST_B] TX bit=0
[tick=104500] [HOST_A] RX bit=0
[tick=104600] [HOST_B] TX bit=0
[tick=104600] [HOST_A] RX bit=0
[tick=104700] [HOST_B] TX bit=0
[tick=104700] [HOST_A] RX bit=0
[tick=104800] [HOST_B] TX bit=0
[tick=104800] [HOST_A] RX bit=0
[tick=104900] [HOST_B] TX bit=0
[tick=104900] [HOST_A] RX bit=0
[tick=105000] [HOST_B] TX bit=0
[tick=105000] [HOST_A] RX bit=0
[tick=105100] [HOST_B] TX bit=0
[tick=105100] [HOST_A] RX bit=0
[tick=105200] [HOST_B] TX bit=1
[tick=105200] [HOST_A] RX bit=1
[tick=105300] [HOST_B] TX bit=0
[tick=105300] [HOST_A] RX bit=0
[tick=105400] [HOST_B] TX bit=1
[tick=105400] [HOST_A] RX bit=1
[tick=105500] [HOST_B] TX bit=0
[tick=105500] [HOST_A] RX bit=0
[tick=105500] [HOST_A] RX complete frame=0101000000011110
[tick=105500] [HOST_A] received corrupt ACK/NACK (status=FE); retransmitting segment 4
[tick=105600] [HOST_A] TX bit=0
[tick=105600] [HOST_B] RX bit=0
[tick=105700] [HOST_A] TX bit=1
[tick=105700] [HOST_B] RX bit=1
[tick=105800] [HOST_A] TX bit=0
[tick=105800] [HOST_B] RX bit=0
[tick=105900] [HOST_A] TX bit=0
[tick=105900] [HOST_B] RX bit=0
[tick=106000] [HOST_A] TX bit=1
[tick=106000] [HOST_B] RX bit=1
[tick=106100] [HOST_A] TX bit=0
[tick=106100] [HOST_B] RX bit=0
[tick=106200] [HOST_A] TX bit=0
[tick=106200] [HOST_B] RX bit=0
[tick=106300] [HOST_A] TX bit=0
[tick=106300] [HOST_B] RX bit=0
[tick=106400] [HOST_A] TX bit=0
[tick=106400] [HOST_B] RX bit=True
[tick=106500] [HOST_A] TX bit=0
[tick=106500] [HOST_B] RX bit=0
[tick=106600] [HOST_A] TX bit=1
[tick=106600] [HOST_B] RX bit=1
[tick=106700] [HOST_A] TX bit=0
[tick=106700] [HOST_B] RX bit=0
[tick=106800] [HOST_A] TX bit=1
[tick=106800] [HOST_B] RX bit=1
[tick=106900] [HOST_A] TX bit=0
[tick=106900] [HOST_B] RX bit=0
[tick=107000] [HOST_A] TX bit=1
[tick=107000] [HOST_B] RX bit=1
[tick=107100] [HOST_A] TX bit=0
[tick=107100] [HOST_B] RX bit=True
[tick=107100] [HOST_B] RX complete frame=1101010100010010
[tick=107100] [HOST_B] rejected received frame and sends NACK for segment 4 (attempt 22, status=PE)
[tick=107200] [HOST_B] TX bit=0
[tick=107200] [HOST_A] RX bit=0
[tick=107300] [HOST_B] TX bit=1
[tick=107300] [HOST_A] RX bit=1
[tick=107400] [HOST_B] TX bit=0
[tick=107400] [HOST_A] RX bit=0
[tick=107500] [HOST_B] TX bit=1
[tick=107500] [HOST_A] RX bit=False
[tick=107600] [HOST_B] TX bit=0
[tick=107600] [HOST_A] RX bit=0
[tick=107700] [HOST_B] TX bit=1
[tick=107700] [HOST_A] RX bit=1
[tick=107800] [HOST_B] TX bit=0
[tick=107800] [HOST_A] RX bit=0
[tick=107900] [HOST_B] TX bit=0
[tick=107900] [HOST_A] RX bit=0
[tick=108000] [HOST_B] TX bit=0
[tick=108000] [HOST_A] RX bit=0
[tick=108100] [HOST_B] TX bit=0
[tick=108100] [HOST_A] RX bit=0
[tick=108200] [HOST_B] TX bit=0
[tick=108200] [HOST_A] RX bit=0
[tick=108300] [HOST_B] TX bit=0
[tick=108300] [HOST_A] RX bit=0
[tick=108400] [HOST_B] TX bit=1
[tick=108400] [HOST_A] RX bit=1
[tick=108500] [HOST_B] TX bit=0
[tick=108500] [HOST_A] RX bit=0
[tick=108600] [HOST_B] TX bit=1
[tick=108600] [HOST_A] RX bit=1
[tick=108700] [HOST_B] TX bit=0
[tick=108700] [HOST_A] RX bit=0
[tick=108700] [HOST_A] RX complete frame=0101000000100010
[tick=108700] [HOST_A] received corrupt ACK/NACK (status=PE); retransmitting segment 4
[tick=108800] [HOST_A] TX bit=0
[tick=108800] [HOST_B] RX bit=0
[tick=108900] [HOST_A] TX bit=1
[tick=108900] [HOST_B] RX bit=1
[tick=109000] [HOST_A] TX bit=0
[tick=109000] [HOST_B] RX bit=0
[tick=109100] [HOST_A] TX bit=0
[tick=109100] [HOST_B] RX bit=0
[tick=109200] [HOST_A] TX bit=1
[tick=109200] [HOST_B] RX bit=1
[tick=109300] [HOST_A] TX bit=0
[tick=109300] [HOST_B] RX bit=0
[tick=109400] [HOST_A] TX bit=0
[tick=109400] [HOST_B] RX bit=0
[tick=109500] [HOST_A] TX bit=0
[tick=109500] [HOST_B] RX bit=0
[tick=109600] [HOST_A] TX bit=0
[tick=109600] [HOST_B] RX bit=0
[tick=109700] [HOST_A] TX bit=0
[tick=109700] [HOST_B] RX bit=0
[tick=109800] [HOST_A] TX bit=1
[tick=109800] [HOST_B] RX bit=1
[tick=109900] [HOST_A] TX bit=0
[tick=109900] [HOST_B] RX bit=0
[tick=110000] [HOST_A] TX bit=1
[tick=110000] [HOST_B] RX bit=1
[tick=110100] [HOST_A] TX bit=0
[tick=110100] [HOST_B] RX bit=0
[tick=110200] [HOST_A] TX bit=1
[tick=110200] [HOST_B] RX bit=1
[tick=110300] [HOST_A] TX bit=0
[tick=110300] [HOST_B] RX bit=0
[tick=110300] [HOST_B] RX complete frame=0101010000010010
[tick=110300] [HOST_B] accepted segment 4 on attempt 23; sending ACK
[tick=110400] [HOST_B] TX bit=0
[tick=110400] [HOST_A] RX bit=True
[tick=110500] [HOST_B] TX bit=1
[tick=110500] [HOST_A] RX bit=1
[tick=110600] [HOST_B] TX bit=0
[tick=110600] [HOST_A] RX bit=0
[tick=110700] [HOST_B] TX bit=1
[tick=110700] [HOST_A] RX bit=1
[tick=110800] [HOST_B] TX bit=1
[tick=110800] [HOST_A] RX bit=1
[tick=110900] [HOST_B] TX bit=0
[tick=110900] [HOST_A] RX bit=0
[tick=111000] [HOST_B] TX bit=0
[tick=111000] [HOST_A] RX bit=0
[tick=111100] [HOST_B] TX bit=0
[tick=111100] [HOST_A] RX bit=0
[tick=111200] [HOST_B] TX bit=0
[tick=111200] [HOST_A] RX bit=0
[tick=111300] [HOST_B] TX bit=0
[tick=111300] [HOST_A] RX bit=0
[tick=111400] [HOST_B] TX bit=0
[tick=111400] [HOST_A] RX bit=0
[tick=111500] [HOST_B] TX bit=0
[tick=111500] [HOST_A] RX bit=0
[tick=111600] [HOST_B] TX bit=1
[tick=111600] [HOST_A] RX bit=1
[tick=111700] [HOST_B] TX bit=0
[tick=111700] [HOST_A] RX bit=0
[tick=111800] [HOST_B] TX bit=1
[tick=111800] [HOST_A] RX bit=1
[tick=111900] [HOST_B] TX bit=0
[tick=111900] [HOST_A] RX bit=0
[tick=111900] [HOST_A] RX complete frame=0101000000011011
[tick=111900] [HOST_A] received corrupt ACK/NACK (status=FE); retransmitting segment 4
[tick=112000] [HOST_A] TX bit=0
[tick=112000] [HOST_B] RX bit=0
[tick=112100] [HOST_A] TX bit=1
[tick=112100] [HOST_B] RX bit=1
[tick=112200] [HOST_A] TX bit=0
[tick=112200] [HOST_B] RX bit=0
[tick=112300] [HOST_A] TX bit=0
[tick=112300] [HOST_B] RX bit=0
[tick=112400] [HOST_A] TX bit=1
[tick=112400] [HOST_B] RX bit=1
[tick=112500] [HOST_A] TX bit=0
[tick=112500] [HOST_B] RX bit=0
[tick=112600] [HOST_A] TX bit=0
[tick=112600] [HOST_B] RX bit=0
[tick=112700] [HOST_A] TX bit=0
[tick=112700] [HOST_B] RX bit=0
[tick=112800] [HOST_A] TX bit=0
[tick=112800] [HOST_B] RX bit=True
[tick=112900] [HOST_A] TX bit=0
[tick=112900] [HOST_B] RX bit=0
[tick=113000] [HOST_A] TX bit=1
[tick=113000] [HOST_B] RX bit=1
[tick=113100] [HOST_A] TX bit=0
[tick=113100] [HOST_B] RX bit=0
[tick=113200] [HOST_A] TX bit=1
[tick=113200] [HOST_B] RX bit=1
[tick=113300] [HOST_A] TX bit=0
[tick=113300] [HOST_B] RX bit=0
[tick=113400] [HOST_A] TX bit=1
[tick=113400] [HOST_B] RX bit=1
[tick=113500] [HOST_A] TX bit=0
[tick=113500] [HOST_B] RX bit=0
[tick=113500] [HOST_B] RX complete frame=0101010100010010
[tick=113500] [HOST_B] rejected received frame and sends NACK for segment 4 (attempt 24, status=PE)
[tick=113600] [HOST_B] TX bit=0
[tick=113600] [HOST_A] RX bit=0
[tick=113700] [HOST_B] TX bit=1
[tick=113700] [HOST_A] RX bit=1
[tick=113800] [HOST_B] TX bit=0
[tick=113800] [HOST_A] RX bit=0
[tick=113900] [HOST_B] TX bit=1
[tick=113900] [HOST_A] RX bit=1
[tick=114000] [HOST_B] TX bit=0
[tick=114000] [HOST_A] RX bit=True
[tick=114100] [HOST_B] TX bit=1
[tick=114100] [HOST_A] RX bit=1
[tick=114200] [HOST_B] TX bit=0
[tick=114200] [HOST_A] RX bit=0
[tick=114300] [HOST_B] TX bit=0
[tick=114300] [HOST_A] RX bit=0
[tick=114400] [HOST_B] TX bit=0
[tick=114400] [HOST_A] RX bit=0
[tick=114500] [HOST_B] TX bit=0
[tick=114500] [HOST_A] RX bit=0
[tick=114600] [HOST_B] TX bit=0
[tick=114600] [HOST_A] RX bit=0
[tick=114700] [HOST_B] TX bit=0
[tick=114700] [HOST_A] RX bit=0
[tick=114800] [HOST_B] TX bit=1
[tick=114800] [HOST_A] RX bit=1
[tick=114900] [HOST_B] TX bit=0
[tick=114900] [HOST_A] RX bit=0
[tick=115000] [HOST_B] TX bit=1
[tick=115000] [HOST_A] RX bit=1
[tick=115100] [HOST_B] TX bit=0
[tick=115100] [HOST_A] RX bit=True
[tick=115100] [HOST_A] RX complete frame=1101000000111010
[tick=115100] [HOST_A] received corrupt ACK/NACK (status=PE); retransmitting segment 4
[tick=115200] [HOST_A] TX bit=0
[tick=115200] [HOST_B] RX bit=0
[tick=115300] [HOST_A] TX bit=1
[tick=115300] [HOST_B] RX bit=1
[tick=115400] [HOST_A] TX bit=0
[tick=115400] [HOST_B] RX bit=0
[tick=115500] [HOST_A] TX bit=0
[tick=115500] [HOST_B] RX bit=0
[tick=115600] [HOST_A] TX bit=1
[tick=115600] [HOST_B] RX bit=1
[tick=115700] [HOST_A] TX bit=0
[tick=115700] [HOST_B] RX bit=0
[tick=115800] [HOST_A] TX bit=0
[tick=115800] [HOST_B] RX bit=0
[tick=115900] [HOST_A] TX bit=0
[tick=115900] [HOST_B] RX bit=0
[tick=116000] [HOST_A] TX bit=0
[tick=116000] [HOST_B] RX bit=0
[tick=116100] [HOST_A] TX bit=0
[tick=116100] [HOST_B] RX bit=0
[tick=116200] [HOST_A] TX bit=1
[tick=116200] [HOST_B] RX bit=1
[tick=116300] [HOST_A] TX bit=0
[tick=116300] [HOST_B] RX bit=True
[tick=116400] [HOST_A] TX bit=1
[tick=116400] [HOST_B] RX bit=1
[tick=116500] [HOST_A] TX bit=0
[tick=116500] [HOST_B] RX bit=0
[tick=116600] [HOST_A] TX bit=1
[tick=116600] [HOST_B] RX bit=1
[tick=116700] [HOST_A] TX bit=0
[tick=116700] [HOST_B] RX bit=0
[tick=116700] [HOST_B] RX complete frame=0101110000010010
[tick=116700] [HOST_B] rejected received frame and sends NACK for segment 4 (attempt 25, status=PE)
[tick=116800] [HOST_B] TX bit=0
[tick=116800] [HOST_A] RX bit=0
[tick=116900] [HOST_B] TX bit=1
[tick=116900] [HOST_A] RX bit=1
[tick=117000] [HOST_B] TX bit=0
[tick=117000] [HOST_A] RX bit=0
[tick=117100] [HOST_B] TX bit=1
[tick=117100] [HOST_A] RX bit=1
[tick=117200] [HOST_B] TX bit=0
[tick=117200] [HOST_A] RX bit=True
[tick=117300] [HOST_B] TX bit=1
[tick=117300] [HOST_A] RX bit=1
[tick=117400] [HOST_B] TX bit=0
[tick=117400] [HOST_A] RX bit=0
[tick=117500] [HOST_B] TX bit=0
[tick=117500] [HOST_A] RX bit=0
[tick=117600] [HOST_B] TX bit=0
[tick=117600] [HOST_A] RX bit=0
[tick=117700] [HOST_B] TX bit=0
[tick=117700] [HOST_A] RX bit=0
[tick=117800] [HOST_B] TX bit=0
[tick=117800] [HOST_A] RX bit=0
[tick=117900] [HOST_B] TX bit=0
[tick=117900] [HOST_A] RX bit=0
[tick=118000] [HOST_B] TX bit=1
[tick=118000] [HOST_A] RX bit=False
[tick=118100] [HOST_B] TX bit=0
[tick=118100] [HOST_A] RX bit=0
[tick=118200] [HOST_B] TX bit=1
[tick=118200] [HOST_A] RX bit=1
[tick=118300] [HOST_B] TX bit=0
[tick=118300] [HOST_A] RX bit=0
[tick=118300] [HOST_A] RX complete frame=0100000000111010
[tick=118300] [HOST_A] received corrupt ACK/NACK (status=PE); retransmitting segment 4
[tick=118400] [HOST_A] TX bit=0
[tick=118400] [HOST_B] RX bit=0
[tick=118500] [HOST_A] TX bit=1
[tick=118500] [HOST_B] RX bit=1
[tick=118600] [HOST_A] TX bit=0
[tick=118600] [HOST_B] RX bit=0
[tick=118700] [HOST_A] TX bit=0
[tick=118700] [HOST_B] RX bit=True
[tick=118800] [HOST_A] TX bit=1
[tick=118800] [HOST_B] RX bit=False
[tick=118900] [HOST_A] TX bit=0
[tick=118900] [HOST_B] RX bit=0
[tick=119000] [HOST_A] TX bit=0
[tick=119000] [HOST_B] RX bit=0
[tick=119100] [HOST_A] TX bit=0
[tick=119100] [HOST_B] RX bit=0
[tick=119200] [HOST_A] TX bit=0
[tick=119200] [HOST_B] RX bit=0
[tick=119300] [HOST_A] TX bit=0
[tick=119300] [HOST_B] RX bit=0
[tick=119400] [HOST_A] TX bit=1
[tick=119400] [HOST_B] RX bit=1
[tick=119500] [HOST_A] TX bit=0
[tick=119500] [HOST_B] RX bit=0
[tick=119600] [HOST_A] TX bit=1
[tick=119600] [HOST_B] RX bit=1
[tick=119700] [HOST_A] TX bit=0
[tick=119700] [HOST_B] RX bit=0
[tick=119800] [HOST_A] TX bit=1
[tick=119800] [HOST_B] RX bit=1
[tick=119900] [HOST_A] TX bit=0
[tick=119900] [HOST_B] RX bit=0
[tick=119900] [HOST_B] RX complete frame=0101010000001010
[tick=119900] [HOST_B] accepted segment 4 on attempt 26; sending ACK
[tick=120000] [HOST_B] TX bit=0
[tick=120000] [HOST_A] RX bit=0
[tick=120100] [HOST_B] TX bit=1
[tick=120100] [HOST_A] RX bit=False
[tick=120200] [HOST_B] TX bit=0
[tick=120200] [HOST_A] RX bit=0
[tick=120300] [HOST_B] TX bit=1
[tick=120300] [HOST_A] RX bit=1
[tick=120400] [HOST_B] TX bit=1
[tick=120400] [HOST_A] RX bit=1
[tick=120500] [HOST_B] TX bit=0
[tick=120500] [HOST_A] RX bit=0
[tick=120600] [HOST_B] TX bit=0
[tick=120600] [HOST_A] RX bit=0
[tick=120700] [HOST_B] TX bit=0
[tick=120700] [HOST_A] RX bit=0
[tick=120800] [HOST_B] TX bit=0
[tick=120800] [HOST_A] RX bit=0
[tick=120900] [HOST_B] TX bit=0
[tick=120900] [HOST_A] RX bit=0
[tick=121000] [HOST_B] TX bit=0
[tick=121000] [HOST_A] RX bit=0
[tick=121100] [HOST_B] TX bit=0
[tick=121100] [HOST_A] RX bit=0
[tick=121200] [HOST_B] TX bit=1
[tick=121200] [HOST_A] RX bit=1
[tick=121300] [HOST_B] TX bit=0
[tick=121300] [HOST_A] RX bit=0
[tick=121400] [HOST_B] TX bit=1
[tick=121400] [HOST_A] RX bit=1
[tick=121500] [HOST_B] TX bit=0
[tick=121500] [HOST_A] RX bit=0
[tick=121500] [HOST_A] RX complete frame=0101000000011000
[tick=121500] [HOST_A] received corrupt ACK/NACK (status=FE); retransmitting segment 4
[tick=121600] [HOST_A] TX bit=0
[tick=121600] [HOST_B] RX bit=0
[tick=121700] [HOST_A] TX bit=1
[tick=121700] [HOST_B] RX bit=1
[tick=121800] [HOST_A] TX bit=0
[tick=121800] [HOST_B] RX bit=0
[tick=121900] [HOST_A] TX bit=0
[tick=121900] [HOST_B] RX bit=0
[tick=122000] [HOST_A] TX bit=1
[tick=122000] [HOST_B] RX bit=1
[tick=122100] [HOST_A] TX bit=0
[tick=122100] [HOST_B] RX bit=0
[tick=122200] [HOST_A] TX bit=0
[tick=122200] [HOST_B] RX bit=0
[tick=122300] [HOST_A] TX bit=0
[tick=122300] [HOST_B] RX bit=0
[tick=122400] [HOST_A] TX bit=0
[tick=122400] [HOST_B] RX bit=0
[tick=122500] [HOST_A] TX bit=0
[tick=122500] [HOST_B] RX bit=0
[tick=122600] [HOST_A] TX bit=1
[tick=122600] [HOST_B] RX bit=1
[tick=122700] [HOST_A] TX bit=0
[tick=122700] [HOST_B] RX bit=0
[tick=122800] [HOST_A] TX bit=1
[tick=122800] [HOST_B] RX bit=1
[tick=122900] [HOST_A] TX bit=0
[tick=122900] [HOST_B] RX bit=0
[tick=123000] [HOST_A] TX bit=1
[tick=123000] [HOST_B] RX bit=1
[tick=123100] [HOST_A] TX bit=0
[tick=123100] [HOST_B] RX bit=0
[tick=123100] [HOST_B] RX complete frame=0101010000010010
[tick=123100] [HOST_B] accepted segment 4 on attempt 27; sending ACK
[tick=123200] [HOST_B] TX bit=0
[tick=123200] [HOST_A] RX bit=0
[tick=123300] [HOST_B] TX bit=1
[tick=123300] [HOST_A] RX bit=1
[tick=123400] [HOST_B] TX bit=0
[tick=123400] [HOST_A] RX bit=0
[tick=123500] [HOST_B] TX bit=1
[tick=123500] [HOST_A] RX bit=1
[tick=123600] [HOST_B] TX bit=1
[tick=123600] [HOST_A] RX bit=1
[tick=123700] [HOST_B] TX bit=0
[tick=123700] [HOST_A] RX bit=0
[tick=123800] [HOST_B] TX bit=0
[tick=123800] [HOST_A] RX bit=0
[tick=123900] [HOST_B] TX bit=0
[tick=123900] [HOST_A] RX bit=0
[tick=124000] [HOST_B] TX bit=0
[tick=124000] [HOST_A] RX bit=0
[tick=124100] [HOST_B] TX bit=0
[tick=124100] [HOST_A] RX bit=0
[tick=124200] [HOST_B] TX bit=0
[tick=124200] [HOST_A] RX bit=0
[tick=124300] [HOST_B] TX bit=0
[tick=124300] [HOST_A] RX bit=0
[tick=124400] [HOST_B] TX bit=1
[tick=124400] [HOST_A] RX bit=1
[tick=124500] [HOST_B] TX bit=0
[tick=124500] [HOST_A] RX bit=True
[tick=124600] [HOST_B] TX bit=1
[tick=124600] [HOST_A] RX bit=1
[tick=124700] [HOST_B] TX bit=0
[tick=124700] [HOST_A] RX bit=0
[tick=124700] [HOST_A] RX complete frame=0111000000011010
[tick=124700] [HOST_A] received corrupt ACK/NACK (status=FS); retransmitting segment 4
[tick=124800] [HOST_A] TX bit=0
[tick=124800] [HOST_B] RX bit=0
[tick=124900] [HOST_A] TX bit=1
[tick=124900] [HOST_B] RX bit=1
[tick=125000] [HOST_A] TX bit=0
[tick=125000] [HOST_B] RX bit=0
[tick=125100] [HOST_A] TX bit=0
[tick=125100] [HOST_B] RX bit=0
[tick=125200] [HOST_A] TX bit=1
[tick=125200] [HOST_B] RX bit=1
[tick=125300] [HOST_A] TX bit=0
[tick=125300] [HOST_B] RX bit=0
[tick=125400] [HOST_A] TX bit=0
[tick=125400] [HOST_B] RX bit=0
[tick=125500] [HOST_A] TX bit=0
[tick=125500] [HOST_B] RX bit=0
[tick=125600] [HOST_A] TX bit=0
[tick=125600] [HOST_B] RX bit=0
[tick=125700] [HOST_A] TX bit=0
[tick=125700] [HOST_B] RX bit=0
[tick=125800] [HOST_A] TX bit=1
[tick=125800] [HOST_B] RX bit=1
[tick=125900] [HOST_A] TX bit=0
[tick=125900] [HOST_B] RX bit=0
[tick=126000] [HOST_A] TX bit=1
[tick=126000] [HOST_B] RX bit=1
[tick=126100] [HOST_A] TX bit=0
[tick=126100] [HOST_B] RX bit=True
[tick=126200] [HOST_A] TX bit=1
[tick=126200] [HOST_B] RX bit=1
[tick=126300] [HOST_A] TX bit=0
[tick=126300] [HOST_B] RX bit=0
[tick=126300] [HOST_B] RX complete frame=0111010000010010
[tick=126300] [HOST_B] rejected received frame and sends NACK for segment 4 (attempt 28, status=FS)
[tick=126400] [HOST_B] TX bit=0
[tick=126400] [HOST_A] RX bit=0
[tick=126500] [HOST_B] TX bit=1
[tick=126500] [HOST_A] RX bit=1
[tick=126600] [HOST_B] TX bit=0
[tick=126600] [HOST_A] RX bit=0
[tick=126700] [HOST_B] TX bit=1
[tick=126700] [HOST_A] RX bit=1
[tick=126800] [HOST_B] TX bit=0
[tick=126800] [HOST_A] RX bit=0
[tick=126900] [HOST_B] TX bit=1
[tick=126900] [HOST_A] RX bit=1
[tick=127000] [HOST_B] TX bit=0
[tick=127000] [HOST_A] RX bit=0
[tick=127100] [HOST_B] TX bit=0
[tick=127100] [HOST_A] RX bit=True
[tick=127200] [HOST_B] TX bit=0
[tick=127200] [HOST_A] RX bit=0
[tick=127300] [HOST_B] TX bit=0
[tick=127300] [HOST_A] RX bit=0
[tick=127400] [HOST_B] TX bit=0
[tick=127400] [HOST_A] RX bit=0
[tick=127500] [HOST_B] TX bit=0
[tick=127500] [HOST_A] RX bit=0
[tick=127600] [HOST_B] TX bit=1
[tick=127600] [HOST_A] RX bit=1
[tick=127700] [HOST_B] TX bit=0
[tick=127700] [HOST_A] RX bit=0
[tick=127800] [HOST_B] TX bit=1
[tick=127800] [HOST_A] RX bit=1
[tick=127900] [HOST_B] TX bit=0
[tick=127900] [HOST_A] RX bit=0
[tick=127900] [HOST_A] RX complete frame=0101000010101010
[tick=127900] [HOST_A] received corrupt ACK/NACK (status=PE); retransmitting segment 4
[tick=128000] [HOST_A] TX bit=0
[tick=128000] [HOST_B] RX bit=0
[tick=128100] [HOST_A] TX bit=1
[tick=128100] [HOST_B] RX bit=1
[tick=128200] [HOST_A] TX bit=0
[tick=128200] [HOST_B] RX bit=0
[tick=128300] [HOST_A] TX bit=0
[tick=128300] [HOST_B] RX bit=True
[tick=128400] [HOST_A] TX bit=1
[tick=128400] [HOST_B] RX bit=1
[tick=128500] [HOST_A] TX bit=0
[tick=128500] [HOST_B] RX bit=0
[tick=128600] [HOST_A] TX bit=0
[tick=128600] [HOST_B] RX bit=0
[tick=128700] [HOST_A] TX bit=0
[tick=128700] [HOST_B] RX bit=0
[tick=128800] [HOST_A] TX bit=0
[tick=128800] [HOST_B] RX bit=0
[tick=128900] [HOST_A] TX bit=0
[tick=128900] [HOST_B] RX bit=0
[tick=129000] [HOST_A] TX bit=1
[tick=129000] [HOST_B] RX bit=1
[tick=129100] [HOST_A] TX bit=0
[tick=129100] [HOST_B] RX bit=0
[tick=129200] [HOST_A] TX bit=1
[tick=129200] [HOST_B] RX bit=1
[tick=129300] [HOST_A] TX bit=0
[tick=129300] [HOST_B] RX bit=0
[tick=129400] [HOST_A] TX bit=1
[tick=129400] [HOST_B] RX bit=1
[tick=129500] [HOST_A] TX bit=0
[tick=129500] [HOST_B] RX bit=0
[tick=129500] [HOST_B] RX complete frame=0101010000011010
[tick=129500] [HOST_B] rejected received frame and sends NACK for segment 4 (attempt 29, status=PE)
[tick=129600] [HOST_B] TX bit=0
[tick=129600] [HOST_A] RX bit=0
[tick=129700] [HOST_B] TX bit=1
[tick=129700] [HOST_A] RX bit=1
[tick=129800] [HOST_B] TX bit=0
[tick=129800] [HOST_A] RX bit=0
[tick=129900] [HOST_B] TX bit=1
[tick=129900] [HOST_A] RX bit=1
[tick=130000] [HOST_B] TX bit=0
[tick=130000] [HOST_A] RX bit=0
[tick=130100] [HOST_B] TX bit=1
[tick=130100] [HOST_A] RX bit=False
[tick=130200] [HOST_B] TX bit=0
[tick=130200] [HOST_A] RX bit=0
[tick=130300] [HOST_B] TX bit=0
[tick=130300] [HOST_A] RX bit=0
[tick=130400] [HOST_B] TX bit=0
[tick=130400] [HOST_A] RX bit=0
[tick=130500] [HOST_B] TX bit=0
[tick=130500] [HOST_A] RX bit=0
[tick=130600] [HOST_B] TX bit=0
[tick=130600] [HOST_A] RX bit=0
[tick=130700] [HOST_B] TX bit=0
[tick=130700] [HOST_A] RX bit=0
[tick=130800] [HOST_B] TX bit=1
[tick=130800] [HOST_A] RX bit=1
[tick=130900] [HOST_B] TX bit=0
[tick=130900] [HOST_A] RX bit=0
[tick=131000] [HOST_B] TX bit=1
[tick=131000] [HOST_A] RX bit=1
[tick=131100] [HOST_B] TX bit=0
[tick=131100] [HOST_A] RX bit=0
[tick=131100] [HOST_A] RX complete frame=0101000000001010
[tick=131100] [HOST_A] received corrupt ACK/NACK (status=PE); retransmitting segment 4
[tick=131200] [HOST_A] TX bit=0
[tick=131200] [HOST_B] RX bit=0
[tick=131300] [HOST_A] TX bit=1
[tick=131300] [HOST_B] RX bit=1
[tick=131400] [HOST_A] TX bit=0
[tick=131400] [HOST_B] RX bit=0
[tick=131500] [HOST_A] TX bit=0
[tick=131500] [HOST_B] RX bit=0
[tick=131600] [HOST_A] TX bit=1
[tick=131600] [HOST_B] RX bit=1
[tick=131700] [HOST_A] TX bit=0
[tick=131700] [HOST_B] RX bit=0
[tick=131800] [HOST_A] TX bit=0
[tick=131800] [HOST_B] RX bit=0
[tick=131900] [HOST_A] TX bit=0
[tick=131900] [HOST_B] RX bit=0
[tick=132000] [HOST_A] TX bit=0
[tick=132000] [HOST_B] RX bit=0
[tick=132100] [HOST_A] TX bit=0
[tick=132100] [HOST_B] RX bit=0
[tick=132200] [HOST_A] TX bit=1
[tick=132200] [HOST_B] RX bit=1
[tick=132300] [HOST_A] TX bit=0
[tick=132300] [HOST_B] RX bit=0
[tick=132400] [HOST_A] TX bit=1
[tick=132400] [HOST_B] RX bit=1
[tick=132500] [HOST_A] TX bit=0
[tick=132500] [HOST_B] RX bit=0
[tick=132600] [HOST_A] TX bit=1
[tick=132600] [HOST_B] RX bit=1
[tick=132700] [HOST_A] TX bit=0
[tick=132700] [HOST_B] RX bit=0
[tick=132700] [HOST_B] RX complete frame=0101010000010010
[tick=132700] [HOST_B] accepted segment 4 on attempt 30; sending ACK
[tick=132800] [HOST_B] TX bit=0
[tick=132800] [HOST_A] RX bit=0
[tick=132900] [HOST_B] TX bit=1
[tick=132900] [HOST_A] RX bit=1
[tick=133000] [HOST_B] TX bit=0
[tick=133000] [HOST_A] RX bit=0
[tick=133100] [HOST_B] TX bit=1
[tick=133100] [HOST_A] RX bit=1
[tick=133200] [HOST_B] TX bit=1
[tick=133200] [HOST_A] RX bit=1
[tick=133300] [HOST_B] TX bit=0
[tick=133300] [HOST_A] RX bit=0
[tick=133400] [HOST_B] TX bit=0
[tick=133400] [HOST_A] RX bit=0
[tick=133500] [HOST_B] TX bit=0
[tick=133500] [HOST_A] RX bit=0
[tick=133600] [HOST_B] TX bit=0
[tick=133600] [HOST_A] RX bit=0
[tick=133700] [HOST_B] TX bit=0
[tick=133700] [HOST_A] RX bit=0
[tick=133800] [HOST_B] TX bit=0
[tick=133800] [HOST_A] RX bit=0
[tick=133900] [HOST_B] TX bit=0
[tick=133900] [HOST_A] RX bit=0
[tick=134000] [HOST_B] TX bit=1
[tick=134000] [HOST_A] RX bit=False
[tick=134100] [HOST_B] TX bit=0
[tick=134100] [HOST_A] RX bit=0
[tick=134200] [HOST_B] TX bit=1
[tick=134200] [HOST_A] RX bit=1
[tick=134300] [HOST_B] TX bit=0
[tick=134300] [HOST_A] RX bit=0
[tick=134300] [HOST_A] RX complete frame=0100000000011010
[tick=134300] [HOST_A] received corrupt ACK/NACK (status=FS); retransmitting segment 4
[tick=134400] [HOST_A] TX bit=0
[tick=134400] [HOST_B] RX bit=0
[tick=134500] [HOST_A] TX bit=1
[tick=134500] [HOST_B] RX bit=False
[tick=134600] [HOST_A] TX bit=0
[tick=134600] [HOST_B] RX bit=0
[tick=134700] [HOST_A] TX bit=0
[tick=134700] [HOST_B] RX bit=0
[tick=134800] [HOST_A] TX bit=1
[tick=134800] [HOST_B] RX bit=1
[tick=134900] [HOST_A] TX bit=0
[tick=134900] [HOST_B] RX bit=0
[tick=135000] [HOST_A] TX bit=0
[tick=135000] [HOST_B] RX bit=0
[tick=135100] [HOST_A] TX bit=0
[tick=135100] [HOST_B] RX bit=0
[tick=135200] [HOST_A] TX bit=0
[tick=135200] [HOST_B] RX bit=0
[tick=135300] [HOST_A] TX bit=0
[tick=135300] [HOST_B] RX bit=0
[tick=135400] [HOST_A] TX bit=1
[tick=135400] [HOST_B] RX bit=1
[tick=135500] [HOST_A] TX bit=0
[tick=135500] [HOST_B] RX bit=0
[tick=135600] [HOST_A] TX bit=1
[tick=135600] [HOST_B] RX bit=1
[tick=135700] [HOST_A] TX bit=0
[tick=135700] [HOST_B] RX bit=0
[tick=135800] [HOST_A] TX bit=1
[tick=135800] [HOST_B] RX bit=1
[tick=135900] [HOST_A] TX bit=0
[tick=135900] [HOST_B] RX bit=0
[tick=135900] [HOST_B] RX complete frame=0101010000010000
[tick=135900] [HOST_B] rejected received frame and sends NACK for segment 4 (attempt 31, status=FE)
[tick=136000] [HOST_B] TX bit=0
[tick=136000] [HOST_A] RX bit=0
[tick=136100] [HOST_B] TX bit=1
[tick=136100] [HOST_A] RX bit=1
[tick=136200] [HOST_B] TX bit=0
[tick=136200] [HOST_A] RX bit=True
[tick=136300] [HOST_B] TX bit=1
[tick=136300] [HOST_A] RX bit=1
[tick=136400] [HOST_B] TX bit=0
[tick=136400] [HOST_A] RX bit=0
[tick=136500] [HOST_B] TX bit=1
[tick=136500] [HOST_A] RX bit=1
[tick=136600] [HOST_B] TX bit=0
[tick=136600] [HOST_A] RX bit=0
[tick=136700] [HOST_B] TX bit=0
[tick=136700] [HOST_A] RX bit=0
[tick=136800] [HOST_B] TX bit=0
[tick=136800] [HOST_A] RX bit=0
[tick=136900] [HOST_B] TX bit=0
[tick=136900] [HOST_A] RX bit=0
[tick=137000] [HOST_B] TX bit=0
[tick=137000] [HOST_A] RX bit=0
[tick=137100] [HOST_B] TX bit=0
[tick=137100] [HOST_A] RX bit=0
[tick=137200] [HOST_B] TX bit=1
[tick=137200] [HOST_A] RX bit=1
[tick=137300] [HOST_B] TX bit=0
[tick=137300] [HOST_A] RX bit=0
[tick=137400] [HOST_B] TX bit=1
[tick=137400] [HOST_A] RX bit=1
[tick=137500] [HOST_B] TX bit=0
[tick=137500] [HOST_A] RX bit=0
[tick=137500] [HOST_A] RX complete frame=0101000000101110
[tick=137500] [HOST_A] received corrupt ACK/NACK (status=FE); retransmitting segment 4
[tick=137600] [HOST_A] TX bit=0
[tick=137600] [HOST_B] RX bit=0
[tick=137700] [HOST_A] TX bit=1
[tick=137700] [HOST_B] RX bit=1
[tick=137800] [HOST_A] TX bit=0
[tick=137800] [HOST_B] RX bit=0
[tick=137900] [HOST_A] TX bit=0
[tick=137900] [HOST_B] RX bit=0
[tick=138000] [HOST_A] TX bit=1
[tick=138000] [HOST_B] RX bit=1
[tick=138100] [HOST_A] TX bit=0
[tick=138100] [HOST_B] RX bit=0
[tick=138200] [HOST_A] TX bit=0
[tick=138200] [HOST_B] RX bit=0
[tick=138300] [HOST_A] TX bit=0
[tick=138300] [HOST_B] RX bit=0
[tick=138400] [HOST_A] TX bit=0
[tick=138400] [HOST_B] RX bit=0
[tick=138500] [HOST_A] TX bit=0
[tick=138500] [HOST_B] RX bit=0
[tick=138600] [HOST_A] TX bit=1
[tick=138600] [HOST_B] RX bit=1
[tick=138700] [HOST_A] TX bit=0
[tick=138700] [HOST_B] RX bit=0
[tick=138800] [HOST_A] TX bit=1
[tick=138800] [HOST_B] RX bit=1
[tick=138900] [HOST_A] TX bit=0
[tick=138900] [HOST_B] RX bit=0
[tick=139000] [HOST_A] TX bit=1
[tick=139000] [HOST_B] RX bit=1
[tick=139100] [HOST_A] TX bit=0
[tick=139100] [HOST_B] RX bit=0
[tick=139100] [HOST_B] RX complete frame=0101010000010010
[tick=139100] [HOST_B] accepted segment 4 on attempt 32; sending ACK
[tick=139200] [HOST_B] TX bit=0
[tick=139200] [HOST_A] RX bit=0
[tick=139300] [HOST_B] TX bit=1
[tick=139300] [HOST_A] RX bit=1
[tick=139400] [HOST_B] TX bit=0
[tick=139400] [HOST_A] RX bit=0
[tick=139500] [HOST_B] TX bit=1
[tick=139500] [HOST_A] RX bit=1
[tick=139600] [HOST_B] TX bit=1
[tick=139600] [HOST_A] RX bit=1
[tick=139700] [HOST_B] TX bit=0
[tick=139700] [HOST_A] RX bit=0
[tick=139800] [HOST_B] TX bit=0
[tick=139800] [HOST_A] RX bit=0
[tick=139900] [HOST_B] TX bit=0
[tick=139900] [HOST_A] RX bit=0
[tick=140000] [HOST_B] TX bit=0
[tick=140000] [HOST_A] RX bit=0
[tick=140100] [HOST_B] TX bit=0
[tick=140100] [HOST_A] RX bit=0
[tick=140200] [HOST_B] TX bit=0
[tick=140200] [HOST_A] RX bit=0
[tick=140300] [HOST_B] TX bit=0
[tick=140300] [HOST_A] RX bit=0
[tick=140400] [HOST_B] TX bit=1
[tick=140400] [HOST_A] RX bit=1
[tick=140500] [HOST_B] TX bit=0
[tick=140500] [HOST_A] RX bit=0
[tick=140600] [HOST_B] TX bit=1
[tick=140600] [HOST_A] RX bit=1
[tick=140700] [HOST_B] TX bit=0
[tick=140700] [HOST_A] RX bit=0
[tick=140700] [HOST_A] RX complete frame=0101000000011010
[tick=140700] [HOST_A] received ACK for segment 4
[tick=140800] [HOST_A] TX bit=0
[tick=140800] [HOST_B] RX bit=0
[tick=140900] [HOST_A] TX bit=1
[tick=140900] [HOST_B] RX bit=1
[tick=141000] [HOST_A] TX bit=0
[tick=141000] [HOST_B] RX bit=0
[tick=141100] [HOST_A] TX bit=1
[tick=141100] [HOST_B] RX bit=1
[tick=141200] [HOST_A] TX bit=0
[tick=141200] [HOST_B] RX bit=0
[tick=141300] [HOST_A] TX bit=1
[tick=141300] [HOST_B] RX bit=1
[tick=141400] [HOST_A] TX bit=1
[tick=141400] [HOST_B] RX bit=1
[tick=141500] [HOST_A] TX bit=1
[tick=141500] [HOST_B] RX bit=1
[tick=141600] [HOST_A] TX bit=0
[tick=141600] [HOST_B] RX bit=0
[tick=141700] [HOST_A] TX bit=1
[tick=141700] [HOST_B] RX bit=1
[tick=141800] [HOST_A] TX bit=1
[tick=141800] [HOST_B] RX bit=1
[tick=141900] [HOST_A] TX bit=0
[tick=141900] [HOST_B] RX bit=0
[tick=142000] [HOST_A] TX bit=1
[tick=142000] [HOST_B] RX bit=1
[tick=142100] [HOST_A] TX bit=0
[tick=142100] [HOST_B] RX bit=0
[tick=142200] [HOST_A] TX bit=1
[tick=142200] [HOST_B] RX bit=1
[tick=142300] [HOST_A] TX bit=0
[tick=142300] [HOST_B] RX bit=0
[tick=142300] [HOST_B] RX complete frame=0101011011101010
[tick=142300] [HOST_B] accepted segment 5 on attempt 1; sending ACK
[tick=142400] [HOST_B] TX bit=0
[tick=142400] [HOST_A] RX bit=0
[tick=142500] [HOST_B] TX bit=1
[tick=142500] [HOST_A] RX bit=1
[tick=142600] [HOST_B] TX bit=0
[tick=142600] [HOST_A] RX bit=0
[tick=142700] [HOST_B] TX bit=1
[tick=142700] [HOST_A] RX bit=1
[tick=142800] [HOST_B] TX bit=1
[tick=142800] [HOST_A] RX bit=1
[tick=142900] [HOST_B] TX bit=0
[tick=142900] [HOST_A] RX bit=0
[tick=143000] [HOST_B] TX bit=0
[tick=143000] [HOST_A] RX bit=0
[tick=143100] [HOST_B] TX bit=0
[tick=143100] [HOST_A] RX bit=0
[tick=143200] [HOST_B] TX bit=0
[tick=143200] [HOST_A] RX bit=0
[tick=143300] [HOST_B] TX bit=0
[tick=143300] [HOST_A] RX bit=0
[tick=143400] [HOST_B] TX bit=0
[tick=143400] [HOST_A] RX bit=0
[tick=143500] [HOST_B] TX bit=0
[tick=143500] [HOST_A] RX bit=0
[tick=143600] [HOST_B] TX bit=1
[tick=143600] [HOST_A] RX bit=1
[tick=143700] [HOST_B] TX bit=0
[tick=143700] [HOST_A] RX bit=0
[tick=143800] [HOST_B] TX bit=1
[tick=143800] [HOST_A] RX bit=1
[tick=143900] [HOST_B] TX bit=0
[tick=143900] [HOST_A] RX bit=True
[tick=143900] [HOST_A] RX complete frame=1101000000011010
[tick=143900] [HOST_A] received corrupt ACK/NACK (status=FS); retransmitting segment 5
[tick=144000] [HOST_A] TX bit=0
[tick=144000] [HOST_B] RX bit=0
[tick=144100] [HOST_A] TX bit=1
[tick=144100] [HOST_B] RX bit=1
[tick=144200] [HOST_A] TX bit=0
[tick=144200] [HOST_B] RX bit=0
[tick=144300] [HOST_A] TX bit=1
[tick=144300] [HOST_B] RX bit=1
[tick=144400] [HOST_A] TX bit=0
[tick=144400] [HOST_B] RX bit=0
[tick=144500] [HOST_A] TX bit=1
[tick=144500] [HOST_B] RX bit=False
[tick=144600] [HOST_A] TX bit=1
[tick=144600] [HOST_B] RX bit=1
[tick=144700] [HOST_A] TX bit=1
[tick=144700] [HOST_B] RX bit=1
[tick=144800] [HOST_A] TX bit=0
[tick=144800] [HOST_B] RX bit=0
[tick=144900] [HOST_A] TX bit=1
[tick=144900] [HOST_B] RX bit=1
[tick=145000] [HOST_A] TX bit=1
[tick=145000] [HOST_B] RX bit=1
[tick=145100] [HOST_A] TX bit=0
[tick=145100] [HOST_B] RX bit=0
[tick=145200] [HOST_A] TX bit=1
[tick=145200] [HOST_B] RX bit=1
[tick=145300] [HOST_A] TX bit=0
[tick=145300] [HOST_B] RX bit=0
[tick=145400] [HOST_A] TX bit=1
[tick=145400] [HOST_B] RX bit=1
[tick=145500] [HOST_A] TX bit=0
[tick=145500] [HOST_B] RX bit=0
[tick=145500] [HOST_B] RX complete frame=0101011011001010
[tick=145500] [HOST_B] rejected received frame and sends NACK for segment 5 (attempt 2, status=PE)
[tick=145600] [HOST_B] TX bit=0
[tick=145600] [HOST_A] RX bit=0
[tick=145700] [HOST_B] TX bit=1
[tick=145700] [HOST_A] RX bit=1
[tick=145800] [HOST_B] TX bit=0
[tick=145800] [HOST_A] RX bit=0
[tick=145900] [HOST_B] TX bit=1
[tick=145900] [HOST_A] RX bit=1
[tick=146000] [HOST_B] TX bit=0
[tick=146000] [HOST_A] RX bit=0
[tick=146100] [HOST_B] TX bit=1
[tick=146100] [HOST_A] RX bit=1
[tick=146200] [HOST_B] TX bit=0
[tick=146200] [HOST_A] RX bit=0
[tick=146300] [HOST_B] TX bit=0
[tick=146300] [HOST_A] RX bit=0
[tick=146400] [HOST_B] TX bit=0
[tick=146400] [HOST_A] RX bit=0
[tick=146500] [HOST_B] TX bit=0
[tick=146500] [HOST_A] RX bit=0
[tick=146600] [HOST_B] TX bit=0
[tick=146600] [HOST_A] RX bit=0
[tick=146700] [HOST_B] TX bit=0
[tick=146700] [HOST_A] RX bit=0
[tick=146800] [HOST_B] TX bit=1
[tick=146800] [HOST_A] RX bit=1
[tick=146900] [HOST_B] TX bit=0
[tick=146900] [HOST_A] RX bit=0
[tick=147000] [HOST_B] TX bit=1
[tick=147000] [HOST_A] RX bit=False
[tick=147100] [HOST_B] TX bit=0
[tick=147100] [HOST_A] RX bit=0
[tick=147100] [HOST_A] RX complete frame=0001000000101010
[tick=147100] [HOST_A] received corrupt ACK/NACK (status=FS); retransmitting segment 5
[tick=147200] [HOST_A] TX bit=0
[tick=147200] [HOST_B] RX bit=0
[tick=147300] [HOST_A] TX bit=1
[tick=147300] [HOST_B] RX bit=1
[tick=147400] [HOST_A] TX bit=0
[tick=147400] [HOST_B] RX bit=0
[tick=147500] [HOST_A] TX bit=1
[tick=147500] [HOST_B] RX bit=1
[tick=147600] [HOST_A] TX bit=0
[tick=147600] [HOST_B] RX bit=0
[tick=147700] [HOST_A] TX bit=1
[tick=147700] [HOST_B] RX bit=1
[tick=147800] [HOST_A] TX bit=1
[tick=147800] [HOST_B] RX bit=1
[tick=147900] [HOST_A] TX bit=1
[tick=147900] [HOST_B] RX bit=1
[tick=148000] [HOST_A] TX bit=0
[tick=148000] [HOST_B] RX bit=0
[tick=148100] [HOST_A] TX bit=1
[tick=148100] [HOST_B] RX bit=1
[tick=148200] [HOST_A] TX bit=1
[tick=148200] [HOST_B] RX bit=1
[tick=148300] [HOST_A] TX bit=0
[tick=148300] [HOST_B] RX bit=0
[tick=148400] [HOST_A] TX bit=1
[tick=148400] [HOST_B] RX bit=1
[tick=148500] [HOST_A] TX bit=0
[tick=148500] [HOST_B] RX bit=0
[tick=148600] [HOST_A] TX bit=1
[tick=148600] [HOST_B] RX bit=1
[tick=148700] [HOST_A] TX bit=0
[tick=148700] [HOST_B] RX bit=0
[tick=148700] [HOST_B] RX complete frame=0101011011101010
[tick=148700] [HOST_B] accepted segment 5 on attempt 3; sending ACK
[tick=148800] [HOST_B] TX bit=0
[tick=148800] [HOST_A] RX bit=0
[tick=148900] [HOST_B] TX bit=1
[tick=148900] [HOST_A] RX bit=1
[tick=149000] [HOST_B] TX bit=0
[tick=149000] [HOST_A] RX bit=0
[tick=149100] [HOST_B] TX bit=1
[tick=149100] [HOST_A] RX bit=1
[tick=149200] [HOST_B] TX bit=1
[tick=149200] [HOST_A] RX bit=1
[tick=149300] [HOST_B] TX bit=0
[tick=149300] [HOST_A] RX bit=0
[tick=149400] [HOST_B] TX bit=0
[tick=149400] [HOST_A] RX bit=0
[tick=149500] [HOST_B] TX bit=0
[tick=149500] [HOST_A] RX bit=0
[tick=149600] [HOST_B] TX bit=0
[tick=149600] [HOST_A] RX bit=0
[tick=149700] [HOST_B] TX bit=0
[tick=149700] [HOST_A] RX bit=0
[tick=149800] [HOST_B] TX bit=0
[tick=149800] [HOST_A] RX bit=0
[tick=149900] [HOST_B] TX bit=0
[tick=149900] [HOST_A] RX bit=0
[tick=150000] [HOST_B] TX bit=1
[tick=150000] [HOST_A] RX bit=1
[tick=150100] [HOST_B] TX bit=0
[tick=150100] [HOST_A] RX bit=0
[tick=150200] [HOST_B] TX bit=1
[tick=150200] [HOST_A] RX bit=1
[tick=150300] [HOST_B] TX bit=0
[tick=150300] [HOST_A] RX bit=0
[tick=150300] [HOST_A] RX complete frame=0101000000011010
[tick=150300] [HOST_A] received ACK for segment 5
[tick=150400] [HOST_A] TX bit=0
[tick=150400] [HOST_B] RX bit=True
[tick=150500] [HOST_A] TX bit=1
[tick=150500] [HOST_B] RX bit=False
[tick=150600] [HOST_A] TX bit=0
[tick=150600] [HOST_B] RX bit=0
[tick=150700] [HOST_A] TX bit=0
[tick=150700] [HOST_B] RX bit=0
[tick=150800] [HOST_A] TX bit=1
[tick=150800] [HOST_B] RX bit=1
[tick=150900] [HOST_A] TX bit=0
[tick=150900] [HOST_B] RX bit=True
[tick=151000] [HOST_A] TX bit=1
[tick=151000] [HOST_B] RX bit=1
[tick=151100] [HOST_A] TX bit=1
[tick=151100] [HOST_B] RX bit=1
[tick=151200] [HOST_A] TX bit=0
[tick=151200] [HOST_B] RX bit=0
[tick=151300] [HOST_A] TX bit=1
[tick=151300] [HOST_B] RX bit=1
[tick=151400] [HOST_A] TX bit=0
[tick=151400] [HOST_B] RX bit=0
[tick=151500] [HOST_A] TX bit=0
[tick=151500] [HOST_B] RX bit=0
[tick=151600] [HOST_A] TX bit=1
[tick=151600] [HOST_B] RX bit=1
[tick=151700] [HOST_A] TX bit=0
[tick=151700] [HOST_B] RX bit=0
[tick=151800] [HOST_A] TX bit=1
[tick=151800] [HOST_B] RX bit=1
[tick=151900] [HOST_A] TX bit=0
[tick=151900] [HOST_B] RX bit=0
[tick=151900] [HOST_B] RX complete frame=0101001011110001
[tick=151900] [HOST_B] rejected received frame and sends NACK for segment 6 (attempt 1, status=FE)
[tick=152000] [HOST_B] TX bit=0
[tick=152000] [HOST_A] RX bit=0
[tick=152100] [HOST_B] TX bit=1
[tick=152100] [HOST_A] RX bit=1
[tick=152200] [HOST_B] TX bit=0
[tick=152200] [HOST_A] RX bit=0
[tick=152300] [HOST_B] TX bit=1
[tick=152300] [HOST_A] RX bit=1
[tick=152400] [HOST_B] TX bit=0
[tick=152400] [HOST_A] RX bit=0
[tick=152500] [HOST_B] TX bit=1
[tick=152500] [HOST_A] RX bit=1
[tick=152600] [HOST_B] TX bit=0
[tick=152600] [HOST_A] RX bit=0
[tick=152700] [HOST_B] TX bit=0
[tick=152700] [HOST_A] RX bit=0
[tick=152800] [HOST_B] TX bit=0
[tick=152800] [HOST_A] RX bit=0
[tick=152900] [HOST_B] TX bit=0
[tick=152900] [HOST_A] RX bit=0
[tick=153000] [HOST_B] TX bit=0
[tick=153000] [HOST_A] RX bit=0
[tick=153100] [HOST_B] TX bit=0
[tick=153100] [HOST_A] RX bit=0
[tick=153200] [HOST_B] TX bit=1
[tick=153200] [HOST_A] RX bit=False
[tick=153300] [HOST_B] TX bit=0
[tick=153300] [HOST_A] RX bit=True
[tick=153400] [HOST_B] TX bit=1
[tick=153400] [HOST_A] RX bit=1
[tick=153500] [HOST_B] TX bit=0
[tick=153500] [HOST_A] RX bit=0
[tick=153500] [HOST_A] RX complete frame=0110000000101010
[tick=153500] [HOST_A] received corrupt ACK/NACK (status=FS); retransmitting segment 6
[tick=153600] [HOST_A] TX bit=0
[tick=153600] [HOST_B] RX bit=0
[tick=153700] [HOST_A] TX bit=1
[tick=153700] [HOST_B] RX bit=1
[tick=153800] [HOST_A] TX bit=0
[tick=153800] [HOST_B] RX bit=0
[tick=153900] [HOST_A] TX bit=0
[tick=153900] [HOST_B] RX bit=0
[tick=154000] [HOST_A] TX bit=1
[tick=154000] [HOST_B] RX bit=1
[tick=154100] [HOST_A] TX bit=0
[tick=154100] [HOST_B] RX bit=0
[tick=154200] [HOST_A] TX bit=1
[tick=154200] [HOST_B] RX bit=1
[tick=154300] [HOST_A] TX bit=1
[tick=154300] [HOST_B] RX bit=1
[tick=154400] [HOST_A] TX bit=0
[tick=154400] [HOST_B] RX bit=0
[tick=154500] [HOST_A] TX bit=1
[tick=154500] [HOST_B] RX bit=1
[tick=154600] [HOST_A] TX bit=0
[tick=154600] [HOST_B] RX bit=0
[tick=154700] [HOST_A] TX bit=0
[tick=154700] [HOST_B] RX bit=0
[tick=154800] [HOST_A] TX bit=1
[tick=154800] [HOST_B] RX bit=1
[tick=154900] [HOST_A] TX bit=0
[tick=154900] [HOST_B] RX bit=0
[tick=155000] [HOST_A] TX bit=1
[tick=155000] [HOST_B] RX bit=1
[tick=155100] [HOST_A] TX bit=0
[tick=155100] [HOST_B] RX bit=0
[tick=155100] [HOST_B] RX complete frame=0101001011010010
[tick=155100] [HOST_B] accepted segment 6 on attempt 2; sending ACK
[tick=155200] [HOST_B] TX bit=0
[tick=155200] [HOST_A] RX bit=0
[tick=155300] [HOST_B] TX bit=1
[tick=155300] [HOST_A] RX bit=1
[tick=155400] [HOST_B] TX bit=0
[tick=155400] [HOST_A] RX bit=0
[tick=155500] [HOST_B] TX bit=1
[tick=155500] [HOST_A] RX bit=1
[tick=155600] [HOST_B] TX bit=1
[tick=155600] [HOST_A] RX bit=1
[tick=155700] [HOST_B] TX bit=0
[tick=155700] [HOST_A] RX bit=0
[tick=155800] [HOST_B] TX bit=0
[tick=155800] [HOST_A] RX bit=0
[tick=155900] [HOST_B] TX bit=0
[tick=155900] [HOST_A] RX bit=0
[tick=156000] [HOST_B] TX bit=0
[tick=156000] [HOST_A] RX bit=0
[tick=156100] [HOST_B] TX bit=0
[tick=156100] [HOST_A] RX bit=0
[tick=156200] [HOST_B] TX bit=0
[tick=156200] [HOST_A] RX bit=0
[tick=156300] [HOST_B] TX bit=0
[tick=156300] [HOST_A] RX bit=0
[tick=156400] [HOST_B] TX bit=1
[tick=156400] [HOST_A] RX bit=1
[tick=156500] [HOST_B] TX bit=0
[tick=156500] [HOST_A] RX bit=0
[tick=156600] [HOST_B] TX bit=1
[tick=156600] [HOST_A] RX bit=1
[tick=156700] [HOST_B] TX bit=0
[tick=156700] [HOST_A] RX bit=0
[tick=156700] [HOST_A] RX complete frame=0101000000011010
[tick=156700] [HOST_A] received ACK for segment 6
[tick=156800] [HOST_A] TX bit=0
[tick=156800] [HOST_B] RX bit=0
[tick=156900] [HOST_A] TX bit=1
[tick=156900] [HOST_B] RX bit=1
[tick=157000] [HOST_A] TX bit=0
[tick=157000] [HOST_B] RX bit=0
[tick=157100] [HOST_A] TX bit=1
[tick=157100] [HOST_B] RX bit=1
[tick=157200] [HOST_A] TX bit=0
[tick=157200] [HOST_B] RX bit=0
[tick=157300] [HOST_A] TX bit=0
[tick=157300] [HOST_B] RX bit=0
[tick=157400] [HOST_A] TX bit=1
[tick=157400] [HOST_B] RX bit=1
[tick=157500] [HOST_A] TX bit=0
[tick=157500] [HOST_B] RX bit=0
[tick=157600] [HOST_A] TX bit=1
[tick=157600] [HOST_B] RX bit=1
[tick=157700] [HOST_A] TX bit=0
[tick=157700] [HOST_B] RX bit=0
[tick=157800] [HOST_A] TX bit=1
[tick=157800] [HOST_B] RX bit=1
[tick=157900] [HOST_A] TX bit=0
[tick=157900] [HOST_B] RX bit=0
[tick=158000] [HOST_A] TX bit=1
[tick=158000] [HOST_B] RX bit=1
[tick=158100] [HOST_A] TX bit=0
[tick=158100] [HOST_B] RX bit=0
[tick=158200] [HOST_A] TX bit=1
[tick=158200] [HOST_B] RX bit=1
[tick=158300] [HOST_A] TX bit=0
[tick=158300] [HOST_B] RX bit=0
[tick=158300] [HOST_B] RX complete frame=0101010101001010
[tick=158300] [HOST_B] accepted segment 7 on attempt 1; sending ACK
[tick=158400] [HOST_B] TX bit=0
[tick=158400] [HOST_A] RX bit=0
[tick=158500] [HOST_B] TX bit=1
[tick=158500] [HOST_A] RX bit=1
[tick=158600] [HOST_B] TX bit=0
[tick=158600] [HOST_A] RX bit=0
[tick=158700] [HOST_B] TX bit=1
[tick=158700] [HOST_A] RX bit=False
[tick=158800] [HOST_B] TX bit=1
[tick=158800] [HOST_A] RX bit=1
[tick=158900] [HOST_B] TX bit=0
[tick=158900] [HOST_A] RX bit=0
[tick=159000] [HOST_B] TX bit=0
[tick=159000] [HOST_A] RX bit=0
[tick=159100] [HOST_B] TX bit=0
[tick=159100] [HOST_A] RX bit=0
[tick=159200] [HOST_B] TX bit=0
[tick=159200] [HOST_A] RX bit=0
[tick=159300] [HOST_B] TX bit=0
[tick=159300] [HOST_A] RX bit=0
[tick=159400] [HOST_B] TX bit=0
[tick=159400] [HOST_A] RX bit=0
[tick=159500] [HOST_B] TX bit=0
[tick=159500] [HOST_A] RX bit=0
[tick=159600] [HOST_B] TX bit=1
[tick=159600] [HOST_A] RX bit=1
[tick=159700] [HOST_B] TX bit=0
[tick=159700] [HOST_A] RX bit=0
[tick=159800] [HOST_B] TX bit=1
[tick=159800] [HOST_A] RX bit=1
[tick=159900] [HOST_B] TX bit=0
[tick=159900] [HOST_A] RX bit=0
[tick=159900] [HOST_A] RX complete frame=0101000000010010
[tick=159900] [HOST_A] received corrupt ACK/NACK (status=PE); retransmitting segment 7
[tick=160000] [HOST_A] TX bit=0
[tick=160000] [HOST_B] RX bit=True
[tick=160100] [HOST_A] TX bit=1
[tick=160100] [HOST_B] RX bit=1
[tick=160200] [HOST_A] TX bit=0
[tick=160200] [HOST_B] RX bit=0
[tick=160300] [HOST_A] TX bit=1
[tick=160300] [HOST_B] RX bit=1
[tick=160400] [HOST_A] TX bit=0
[tick=160400] [HOST_B] RX bit=0
[tick=160500] [HOST_A] TX bit=0
[tick=160500] [HOST_B] RX bit=0
[tick=160600] [HOST_A] TX bit=1
[tick=160600] [HOST_B] RX bit=1
[tick=160700] [HOST_A] TX bit=0
[tick=160700] [HOST_B] RX bit=0
[tick=160800] [HOST_A] TX bit=1
[tick=160800] [HOST_B] RX bit=1
[tick=160900] [HOST_A] TX bit=0
[tick=160900] [HOST_B] RX bit=0
[tick=161000] [HOST_A] TX bit=1
[tick=161000] [HOST_B] RX bit=1
[tick=161100] [HOST_A] TX bit=0
[tick=161100] [HOST_B] RX bit=0
[tick=161200] [HOST_A] TX bit=1
[tick=161200] [HOST_B] RX bit=1
[tick=161300] [HOST_A] TX bit=0
[tick=161300] [HOST_B] RX bit=0
[tick=161400] [HOST_A] TX bit=1
[tick=161400] [HOST_B] RX bit=1
[tick=161500] [HOST_A] TX bit=0
[tick=161500] [HOST_B] RX bit=0
[tick=161500] [HOST_B] RX complete frame=0101010101001011
[tick=161500] [HOST_B] rejected received frame and sends NACK for segment 7 (attempt 2, status=FE)
[tick=161600] [HOST_B] TX bit=0
[tick=161600] [HOST_A] RX bit=0
[tick=161700] [HOST_B] TX bit=1
[tick=161700] [HOST_A] RX bit=1
[tick=161800] [HOST_B] TX bit=0
[tick=161800] [HOST_A] RX bit=0
[tick=161900] [HOST_B] TX bit=1
[tick=161900] [HOST_A] RX bit=1
[tick=162000] [HOST_B] TX bit=0
[tick=162000] [HOST_A] RX bit=0
[tick=162100] [HOST_B] TX bit=1
[tick=162100] [HOST_A] RX bit=1
[tick=162200] [HOST_B] TX bit=0
[tick=162200] [HOST_A] RX bit=0
[tick=162300] [HOST_B] TX bit=0
[tick=162300] [HOST_A] RX bit=0
[tick=162400] [HOST_B] TX bit=0
[tick=162400] [HOST_A] RX bit=0
[tick=162500] [HOST_B] TX bit=0
[tick=162500] [HOST_A] RX bit=0
[tick=162600] [HOST_B] TX bit=0
[tick=162600] [HOST_A] RX bit=0
[tick=162700] [HOST_B] TX bit=0
[tick=162700] [HOST_A] RX bit=0
[tick=162800] [HOST_B] TX bit=1
[tick=162800] [HOST_A] RX bit=1
[tick=162900] [HOST_B] TX bit=0
[tick=162900] [HOST_A] RX bit=0
[tick=163000] [HOST_B] TX bit=1
[tick=163000] [HOST_A] RX bit=1
[tick=163100] [HOST_B] TX bit=0
[tick=163100] [HOST_A] RX bit=0
[tick=163100] [HOST_A] RX complete frame=0101000000101010
[tick=163100] [HOST_A] received NACK for segment 7; retransmitting
[tick=163200] [HOST_A] TX bit=0
[tick=163200] [HOST_B] RX bit=0
[tick=163300] [HOST_A] TX bit=1
[tick=163300] [HOST_B] RX bit=1
[tick=163400] [HOST_A] TX bit=0
[tick=163400] [HOST_B] RX bit=0
[tick=163500] [HOST_A] TX bit=1
[tick=163500] [HOST_B] RX bit=1
[tick=163600] [HOST_A] TX bit=0
[tick=163600] [HOST_B] RX bit=0
[tick=163700] [HOST_A] TX bit=0
[tick=163700] [HOST_B] RX bit=0
[tick=163800] [HOST_A] TX bit=1
[tick=163800] [HOST_B] RX bit=1
[tick=163900] [HOST_A] TX bit=0
[tick=163900] [HOST_B] RX bit=0
[tick=164000] [HOST_A] TX bit=1
[tick=164000] [HOST_B] RX bit=1
[tick=164100] [HOST_A] TX bit=0
[tick=164100] [HOST_B] RX bit=0
[tick=164200] [HOST_A] TX bit=1
[tick=164200] [HOST_B] RX bit=1
[tick=164300] [HOST_A] TX bit=0
[tick=164300] [HOST_B] RX bit=0
[tick=164400] [HOST_A] TX bit=1
[tick=164400] [HOST_B] RX bit=1
[tick=164500] [HOST_A] TX bit=0
[tick=164500] [HOST_B] RX bit=0
[tick=164600] [HOST_A] TX bit=1
[tick=164600] [HOST_B] RX bit=1
[tick=164700] [HOST_A] TX bit=0
[tick=164700] [HOST_B] RX bit=0
[tick=164700] [HOST_B] RX complete frame=0101010101001010
[tick=164700] [HOST_B] accepted segment 7 on attempt 3; sending ACK
[tick=164800] [HOST_B] TX bit=0
[tick=164800] [HOST_A] RX bit=0
[tick=164900] [HOST_B] TX bit=1
[tick=164900] [HOST_A] RX bit=False
[tick=165000] [HOST_B] TX bit=0
[tick=165000] [HOST_A] RX bit=0
[tick=165100] [HOST_B] TX bit=1
[tick=165100] [HOST_A] RX bit=1
[tick=165200] [HOST_B] TX bit=1
[tick=165200] [HOST_A] RX bit=1
[tick=165300] [HOST_B] TX bit=0
[tick=165300] [HOST_A] RX bit=0
[tick=165400] [HOST_B] TX bit=0
[tick=165400] [HOST_A] RX bit=0
[tick=165500] [HOST_B] TX bit=0
[tick=165500] [HOST_A] RX bit=0
[tick=165600] [HOST_B] TX bit=0
[tick=165600] [HOST_A] RX bit=0
[tick=165700] [HOST_B] TX bit=0
[tick=165700] [HOST_A] RX bit=0
[tick=165800] [HOST_B] TX bit=0
[tick=165800] [HOST_A] RX bit=0
[tick=165900] [HOST_B] TX bit=0
[tick=165900] [HOST_A] RX bit=0
[tick=166000] [HOST_B] TX bit=1
[tick=166000] [HOST_A] RX bit=1
[tick=166100] [HOST_B] TX bit=0
[tick=166100] [HOST_A] RX bit=0
[tick=166200] [HOST_B] TX bit=1
[tick=166200] [HOST_A] RX bit=1
[tick=166300] [HOST_B] TX bit=0
[tick=166300] [HOST_A] RX bit=0
[tick=166300] [HOST_A] RX complete frame=0101000000011000
[tick=166300] [HOST_A] received corrupt ACK/NACK (status=FE); retransmitting segment 7
[tick=166400] [HOST_A] TX bit=0
[tick=166400] [HOST_B] RX bit=0
[tick=166500] [HOST_A] TX bit=1
[tick=166500] [HOST_B] RX bit=1
[tick=166600] [HOST_A] TX bit=0
[tick=166600] [HOST_B] RX bit=0
[tick=166700] [HOST_A] TX bit=1
[tick=166700] [HOST_B] RX bit=1
[tick=166800] [HOST_A] TX bit=0
[tick=166800] [HOST_B] RX bit=0
[tick=166900] [HOST_A] TX bit=0
[tick=166900] [HOST_B] RX bit=0
[tick=167000] [HOST_A] TX bit=1
[tick=167000] [HOST_B] RX bit=1
[tick=167100] [HOST_A] TX bit=0
[tick=167100] [HOST_B] RX bit=0
[tick=167200] [HOST_A] TX bit=1
[tick=167200] [HOST_B] RX bit=1
[tick=167300] [HOST_A] TX bit=0
[tick=167300] [HOST_B] RX bit=0
[tick=167400] [HOST_A] TX bit=1
[tick=167400] [HOST_B] RX bit=1
[tick=167500] [HOST_A] TX bit=0
[tick=167500] [HOST_B] RX bit=0
[tick=167600] [HOST_A] TX bit=1
[tick=167600] [HOST_B] RX bit=1
[tick=167700] [HOST_A] TX bit=0
[tick=167700] [HOST_B] RX bit=0
[tick=167800] [HOST_A] TX bit=1
[tick=167800] [HOST_B] RX bit=1
[tick=167900] [HOST_A] TX bit=0
[tick=167900] [HOST_B] RX bit=0
[tick=167900] [HOST_B] RX complete frame=0101010101001010
[tick=167900] [HOST_B] accepted segment 7 on attempt 4; sending ACK
[tick=168000] [HOST_B] TX bit=0
[tick=168000] [HOST_A] RX bit=True
[tick=168100] [HOST_B] TX bit=1
[tick=168100] [HOST_A] RX bit=1
[tick=168200] [HOST_B] TX bit=0
[tick=168200] [HOST_A] RX bit=0
[tick=168300] [HOST_B] TX bit=1
[tick=168300] [HOST_A] RX bit=1
[tick=168400] [HOST_B] TX bit=1
[tick=168400] [HOST_A] RX bit=1
[tick=168500] [HOST_B] TX bit=0
[tick=168500] [HOST_A] RX bit=0
[tick=168600] [HOST_B] TX bit=0
[tick=168600] [HOST_A] RX bit=0
[tick=168700] [HOST_B] TX bit=0
[tick=168700] [HOST_A] RX bit=0
[tick=168800] [HOST_B] TX bit=0
[tick=168800] [HOST_A] RX bit=0
[tick=168900] [HOST_B] TX bit=0
[tick=168900] [HOST_A] RX bit=0
[tick=169000] [HOST_B] TX bit=0
[tick=169000] [HOST_A] RX bit=0
[tick=169100] [HOST_B] TX bit=0
[tick=169100] [HOST_A] RX bit=True
[tick=169200] [HOST_B] TX bit=1
[tick=169200] [HOST_A] RX bit=False
[tick=169300] [HOST_B] TX bit=0
[tick=169300] [HOST_A] RX bit=0
[tick=169400] [HOST_B] TX bit=1
[tick=169400] [HOST_A] RX bit=1
[tick=169500] [HOST_B] TX bit=0
[tick=169500] [HOST_A] RX bit=0
[tick=169500] [HOST_A] RX complete frame=0100100000011011
[tick=169500] [HOST_A] received corrupt ACK/NACK (status=FE); retransmitting segment 7
[tick=169600] [HOST_A] TX bit=0
[tick=169600] [HOST_B] RX bit=0
[tick=169700] [HOST_A] TX bit=1
[tick=169700] [HOST_B] RX bit=1
[tick=169800] [HOST_A] TX bit=0
[tick=169800] [HOST_B] RX bit=0
[tick=169900] [HOST_A] TX bit=1
[tick=169900] [HOST_B] RX bit=1
[tick=170000] [HOST_A] TX bit=0
[tick=170000] [HOST_B] RX bit=0
[tick=170100] [HOST_A] TX bit=0
[tick=170100] [HOST_B] RX bit=0
[tick=170200] [HOST_A] TX bit=1
[tick=170200] [HOST_B] RX bit=1
[tick=170300] [HOST_A] TX bit=0
[tick=170300] [HOST_B] RX bit=True
[tick=170400] [HOST_A] TX bit=1
[tick=170400] [HOST_B] RX bit=1
[tick=170500] [HOST_A] TX bit=0
[tick=170500] [HOST_B] RX bit=True
[tick=170600] [HOST_A] TX bit=1
[tick=170600] [HOST_B] RX bit=1
[tick=170700] [HOST_A] TX bit=0
[tick=170700] [HOST_B] RX bit=0
[tick=170800] [HOST_A] TX bit=1
[tick=170800] [HOST_B] RX bit=1
[tick=170900] [HOST_A] TX bit=0
[tick=170900] [HOST_B] RX bit=0
[tick=171000] [HOST_A] TX bit=1
[tick=171000] [HOST_B] RX bit=1
[tick=171100] [HOST_A] TX bit=0
[tick=171100] [HOST_B] RX bit=0
[tick=171100] [HOST_B] RX complete frame=0101011111001010
[tick=171100] [HOST_B] accepted segment 7 on attempt 5; sending ACK
[tick=171200] [HOST_B] TX bit=0
[tick=171200] [HOST_A] RX bit=0
[tick=171300] [HOST_B] TX bit=1
[tick=171300] [HOST_A] RX bit=1
[tick=171400] [HOST_B] TX bit=0
[tick=171400] [HOST_A] RX bit=0
[tick=171500] [HOST_B] TX bit=1
[tick=171500] [HOST_A] RX bit=1
[tick=171600] [HOST_B] TX bit=1
[tick=171600] [HOST_A] RX bit=1
[tick=171700] [HOST_B] TX bit=0
[tick=171700] [HOST_A] RX bit=0
[tick=171800] [HOST_B] TX bit=0
[tick=171800] [HOST_A] RX bit=0
[tick=171900] [HOST_B] TX bit=0
[tick=171900] [HOST_A] RX bit=0
[tick=172000] [HOST_B] TX bit=0
[tick=172000] [HOST_A] RX bit=0
[tick=172100] [HOST_B] TX bit=0
[tick=172100] [HOST_A] RX bit=0
[tick=172200] [HOST_B] TX bit=0
[tick=172200] [HOST_A] RX bit=True
[tick=172300] [HOST_B] TX bit=0
[tick=172300] [HOST_A] RX bit=0
[tick=172400] [HOST_B] TX bit=1
[tick=172400] [HOST_A] RX bit=False
[tick=172500] [HOST_B] TX bit=0
[tick=172500] [HOST_A] RX bit=0
[tick=172600] [HOST_B] TX bit=1
[tick=172600] [HOST_A] RX bit=1
[tick=172700] [HOST_B] TX bit=0
[tick=172700] [HOST_A] RX bit=0
[tick=172700] [HOST_A] RX complete frame=0100010000011010
[tick=172700] [HOST_A] received corrupt ACK/NACK (status=PE); retransmitting segment 7
[tick=172800] [HOST_A] TX bit=0
[tick=172800] [HOST_B] RX bit=0
[tick=172900] [HOST_A] TX bit=1
[tick=172900] [HOST_B] RX bit=1
[tick=173000] [HOST_A] TX bit=0
[tick=173000] [HOST_B] RX bit=0
[tick=173100] [HOST_A] TX bit=1
[tick=173100] [HOST_B] RX bit=1
[tick=173200] [HOST_A] TX bit=0
[tick=173200] [HOST_B] RX bit=True
[tick=173300] [HOST_A] TX bit=0
[tick=173300] [HOST_B] RX bit=0
[tick=173400] [HOST_A] TX bit=1
[tick=173400] [HOST_B] RX bit=1
[tick=173500] [HOST_A] TX bit=0
[tick=173500] [HOST_B] RX bit=True
[tick=173600] [HOST_A] TX bit=1
[tick=173600] [HOST_B] RX bit=1
[tick=173700] [HOST_A] TX bit=0
[tick=173700] [HOST_B] RX bit=0
[tick=173800] [HOST_A] TX bit=1
[tick=173800] [HOST_B] RX bit=1
[tick=173900] [HOST_A] TX bit=0
[tick=173900] [HOST_B] RX bit=0
[tick=174000] [HOST_A] TX bit=1
[tick=174000] [HOST_B] RX bit=1
[tick=174100] [HOST_A] TX bit=0
[tick=174100] [HOST_B] RX bit=0
[tick=174200] [HOST_A] TX bit=1
[tick=174200] [HOST_B] RX bit=1
[tick=174300] [HOST_A] TX bit=0
[tick=174300] [HOST_B] RX bit=0
[tick=174300] [HOST_B] RX complete frame=0101010111011010
[tick=174300] [HOST_B] accepted segment 7 on attempt 6; sending ACK
[tick=174400] [HOST_B] TX bit=0
[tick=174400] [HOST_A] RX bit=0
[tick=174500] [HOST_B] TX bit=1
[tick=174500] [HOST_A] RX bit=1
[tick=174600] [HOST_B] TX bit=0
[tick=174600] [HOST_A] RX bit=0
[tick=174700] [HOST_B] TX bit=1
[tick=174700] [HOST_A] RX bit=1
[tick=174800] [HOST_B] TX bit=1
[tick=174800] [HOST_A] RX bit=1
[tick=174900] [HOST_B] TX bit=0
[tick=174900] [HOST_A] RX bit=0
[tick=175000] [HOST_B] TX bit=0
[tick=175000] [HOST_A] RX bit=0
[tick=175100] [HOST_B] TX bit=0
[tick=175100] [HOST_A] RX bit=True
[tick=175200] [HOST_B] TX bit=0
[tick=175200] [HOST_A] RX bit=0
[tick=175300] [HOST_B] TX bit=0
[tick=175300] [HOST_A] RX bit=0
[tick=175400] [HOST_B] TX bit=0
[tick=175400] [HOST_A] RX bit=0
[tick=175500] [HOST_B] TX bit=0
[tick=175500] [HOST_A] RX bit=0
[tick=175600] [HOST_B] TX bit=1
[tick=175600] [HOST_A] RX bit=1
[tick=175700] [HOST_B] TX bit=0
[tick=175700] [HOST_A] RX bit=0
[tick=175800] [HOST_B] TX bit=1
[tick=175800] [HOST_A] RX bit=1
[tick=175900] [HOST_B] TX bit=0
[tick=175900] [HOST_A] RX bit=0
[tick=175900] [HOST_A] RX complete frame=0101000010011010
[tick=175900] [HOST_A] received corrupt ACK/NACK (status=PE); retransmitting segment 7
[tick=176000] [HOST_A] TX bit=0
[tick=176000] [HOST_B] RX bit=0
[tick=176100] [HOST_A] TX bit=1
[tick=176100] [HOST_B] RX bit=1
[tick=176200] [HOST_A] TX bit=0
[tick=176200] [HOST_B] RX bit=0
[tick=176300] [HOST_A] TX bit=1
[tick=176300] [HOST_B] RX bit=1
[tick=176400] [HOST_A] TX bit=0
[tick=176400] [HOST_B] RX bit=0
[tick=176500] [HOST_A] TX bit=0
[tick=176500] [HOST_B] RX bit=0
[tick=176600] [HOST_A] TX bit=1
[tick=176600] [HOST_B] RX bit=1
[tick=176700] [HOST_A] TX bit=0
[tick=176700] [HOST_B] RX bit=0
[tick=176800] [HOST_A] TX bit=1
[tick=176800] [HOST_B] RX bit=1
[tick=176900] [HOST_A] TX bit=0
[tick=176900] [HOST_B] RX bit=0
[tick=177000] [HOST_A] TX bit=1
[tick=177000] [HOST_B] RX bit=1
[tick=177100] [HOST_A] TX bit=0
[tick=177100] [HOST_B] RX bit=0
[tick=177200] [HOST_A] TX bit=1
[tick=177200] [HOST_B] RX bit=1
[tick=177300] [HOST_A] TX bit=0
[tick=177300] [HOST_B] RX bit=0
[tick=177400] [HOST_A] TX bit=1
[tick=177400] [HOST_B] RX bit=1
[tick=177500] [HOST_A] TX bit=0
[tick=177500] [HOST_B] RX bit=0
[tick=177500] [HOST_B] RX complete frame=0101010101001010
[tick=177500] [HOST_B] accepted segment 7 on attempt 7; sending ACK
[tick=177600] [HOST_B] TX bit=0
[tick=177600] [HOST_A] RX bit=0
[tick=177700] [HOST_B] TX bit=1
[tick=177700] [HOST_A] RX bit=1
[tick=177800] [HOST_B] TX bit=0
[tick=177800] [HOST_A] RX bit=0
[tick=177900] [HOST_B] TX bit=1
[tick=177900] [HOST_A] RX bit=1
[tick=178000] [HOST_B] TX bit=1
[tick=178000] [HOST_A] RX bit=1
[tick=178100] [HOST_B] TX bit=0
[tick=178100] [HOST_A] RX bit=0
[tick=178200] [HOST_B] TX bit=0
[tick=178200] [HOST_A] RX bit=True
[tick=178300] [HOST_B] TX bit=0
[tick=178300] [HOST_A] RX bit=0
[tick=178400] [HOST_B] TX bit=0
[tick=178400] [HOST_A] RX bit=0
[tick=178500] [HOST_B] TX bit=0
[tick=178500] [HOST_A] RX bit=0
[tick=178600] [HOST_B] TX bit=0
[tick=178600] [HOST_A] RX bit=0
[tick=178700] [HOST_B] TX bit=0
[tick=178700] [HOST_A] RX bit=0
[tick=178800] [HOST_B] TX bit=1
[tick=178800] [HOST_A] RX bit=False
[tick=178900] [HOST_B] TX bit=0
[tick=178900] [HOST_A] RX bit=0
[tick=179000] [HOST_B] TX bit=1
[tick=179000] [HOST_A] RX bit=1
[tick=179100] [HOST_B] TX bit=0
[tick=179100] [HOST_A] RX bit=0
[tick=179100] [HOST_A] RX complete frame=0100000001011010
[tick=179100] [HOST_A] received corrupt ACK/NACK (status=PE); retransmitting segment 7
[tick=179200] [HOST_A] TX bit=0
[tick=179200] [HOST_B] RX bit=0
[tick=179300] [HOST_A] TX bit=1
[tick=179300] [HOST_B] RX bit=1
[tick=179400] [HOST_A] TX bit=0
[tick=179400] [HOST_B] RX bit=0
[tick=179500] [HOST_A] TX bit=1
[tick=179500] [HOST_B] RX bit=1
[tick=179600] [HOST_A] TX bit=0
[tick=179600] [HOST_B] RX bit=0
[tick=179700] [HOST_A] TX bit=0
[tick=179700] [HOST_B] RX bit=0
[tick=179800] [HOST_A] TX bit=1
[tick=179800] [HOST_B] RX bit=1
[tick=179900] [HOST_A] TX bit=0
[tick=179900] [HOST_B] RX bit=0
[tick=180000] [HOST_A] TX bit=1
[tick=180000] [HOST_B] RX bit=1
[tick=180100] [HOST_A] TX bit=0
[tick=180100] [HOST_B] RX bit=0
[tick=180200] [HOST_A] TX bit=1
[tick=180200] [HOST_B] RX bit=1
[tick=180300] [HOST_A] TX bit=0
[tick=180300] [HOST_B] RX bit=0
[tick=180400] [HOST_A] TX bit=1
[tick=180400] [HOST_B] RX bit=1
[tick=180500] [HOST_A] TX bit=0
[tick=180500] [HOST_B] RX bit=0
[tick=180600] [HOST_A] TX bit=1
[tick=180600] [HOST_B] RX bit=1
[tick=180700] [HOST_A] TX bit=0
[tick=180700] [HOST_B] RX bit=0
[tick=180700] [HOST_B] RX complete frame=0101010101001010
[tick=180700] [HOST_B] accepted segment 7 on attempt 8; sending ACK
[tick=180800] [HOST_B] TX bit=0
[tick=180800] [HOST_A] RX bit=0
[tick=180900] [HOST_B] TX bit=1
[tick=180900] [HOST_A] RX bit=1
[tick=181000] [HOST_B] TX bit=0
[tick=181000] [HOST_A] RX bit=0
[tick=181100] [HOST_B] TX bit=1
[tick=181100] [HOST_A] RX bit=1
[tick=181200] [HOST_B] TX bit=1
[tick=181200] [HOST_A] RX bit=1
[tick=181300] [HOST_B] TX bit=0
[tick=181300] [HOST_A] RX bit=0
[tick=181400] [HOST_B] TX bit=0
[tick=181400] [HOST_A] RX bit=0
[tick=181500] [HOST_B] TX bit=0
[tick=181500] [HOST_A] RX bit=0
[tick=181600] [HOST_B] TX bit=0
[tick=181600] [HOST_A] RX bit=True
[tick=181700] [HOST_B] TX bit=0
[tick=181700] [HOST_A] RX bit=0
[tick=181800] [HOST_B] TX bit=0
[tick=181800] [HOST_A] RX bit=0
[tick=181900] [HOST_B] TX bit=0
[tick=181900] [HOST_A] RX bit=0
[tick=182000] [HOST_B] TX bit=1
[tick=182000] [HOST_A] RX bit=1
[tick=182100] [HOST_B] TX bit=0
[tick=182100] [HOST_A] RX bit=0
[tick=182200] [HOST_B] TX bit=1
[tick=182200] [HOST_A] RX bit=1
[tick=182300] [HOST_B] TX bit=0
[tick=182300] [HOST_A] RX bit=0
[tick=182300] [HOST_A] RX complete frame=0101000100011010
[tick=182300] [HOST_A] received corrupt ACK/NACK (status=PE); retransmitting segment 7
[tick=182400] [HOST_A] TX bit=0
[tick=182400] [HOST_B] RX bit=0
[tick=182500] [HOST_A] TX bit=1
[tick=182500] [HOST_B] RX bit=1
[tick=182600] [HOST_A] TX bit=0
[tick=182600] [HOST_B] RX bit=0
[tick=182700] [HOST_A] TX bit=1
[tick=182700] [HOST_B] RX bit=1
[tick=182800] [HOST_A] TX bit=0
[tick=182800] [HOST_B] RX bit=0
[tick=182900] [HOST_A] TX bit=0
[tick=182900] [HOST_B] RX bit=0
[tick=183000] [HOST_A] TX bit=1
[tick=183000] [HOST_B] RX bit=1
[tick=183100] [HOST_A] TX bit=0
[tick=183100] [HOST_B] RX bit=0
[tick=183200] [HOST_A] TX bit=1
[tick=183200] [HOST_B] RX bit=1
[tick=183300] [HOST_A] TX bit=0
[tick=183300] [HOST_B] RX bit=0
[tick=183400] [HOST_A] TX bit=1
[tick=183400] [HOST_B] RX bit=1
[tick=183500] [HOST_A] TX bit=0
[tick=183500] [HOST_B] RX bit=0
[tick=183600] [HOST_A] TX bit=1
[tick=183600] [HOST_B] RX bit=1
[tick=183700] [HOST_A] TX bit=0
[tick=183700] [HOST_B] RX bit=0
[tick=183800] [HOST_A] TX bit=1
[tick=183800] [HOST_B] RX bit=1
[tick=183900] [HOST_A] TX bit=0
[tick=183900] [HOST_B] RX bit=0
[tick=183900] [HOST_B] RX complete frame=0101010101001010
[tick=183900] [HOST_B] accepted segment 7 on attempt 9; sending ACK
[tick=184000] [HOST_B] TX bit=0
[tick=184000] [HOST_A] RX bit=0
[tick=184100] [HOST_B] TX bit=1
[tick=184100] [HOST_A] RX bit=1
[tick=184200] [HOST_B] TX bit=0
[tick=184200] [HOST_A] RX bit=0
[tick=184300] [HOST_B] TX bit=1
[tick=184300] [HOST_A] RX bit=1
[tick=184400] [HOST_B] TX bit=1
[tick=184400] [HOST_A] RX bit=1
[tick=184500] [HOST_B] TX bit=0
[tick=184500] [HOST_A] RX bit=0
[tick=184600] [HOST_B] TX bit=0
[tick=184600] [HOST_A] RX bit=0
[tick=184700] [HOST_B] TX bit=0
[tick=184700] [HOST_A] RX bit=0
[tick=184800] [HOST_B] TX bit=0
[tick=184800] [HOST_A] RX bit=0
[tick=184900] [HOST_B] TX bit=0
[tick=184900] [HOST_A] RX bit=0
[tick=185000] [HOST_B] TX bit=0
[tick=185000] [HOST_A] RX bit=0
[tick=185100] [HOST_B] TX bit=0
[tick=185100] [HOST_A] RX bit=0
[tick=185200] [HOST_B] TX bit=1
[tick=185200] [HOST_A] RX bit=1
[tick=185300] [HOST_B] TX bit=0
[tick=185300] [HOST_A] RX bit=0
[tick=185400] [HOST_B] TX bit=1
[tick=185400] [HOST_A] RX bit=1
[tick=185500] [HOST_B] TX bit=0
[tick=185500] [HOST_A] RX bit=0
[tick=185500] [HOST_A] RX complete frame=0101000000011010
[tick=185500] [HOST_A] received ACK for segment 7
[tick=0] [HOST_A] TX bit=0
[tick=0] [HOST_B] RX bit=0
[tick=100] [HOST_A] TX bit=1
[tick=100] [HOST_B] RX bit=1
[tick=200] [HOST_A] TX bit=0
[tick=200] [HOST_B] RX bit=0
[tick=300] [HOST_A] TX bit=0
[tick=300] [HOST_B] RX bit=True
[tick=400] [HOST_A] TX bit=1
[tick=400] [HOST_B] RX bit=False
[tick=500] [HOST_A] TX bit=0
[tick=500] [HOST_B] RX bit=0
[tick=600] [HOST_A] TX bit=0
[tick=600] [HOST_B] RX bit=0
[tick=700] [HOST_A] TX bit=0
[tick=700] [HOST_B] RX bit=0
[tick=800] [HOST_A] TX bit=0
[tick=800] [HOST_B] RX bit=0
[tick=900] [HOST_A] TX bit=0
[tick=900] [HOST_B] RX bit=0
[tick=1000] [HOST_A] TX bit=1
[tick=1000] [HOST_B] RX bit=1
[tick=1100] [HOST_A] TX bit=0
[tick=1100] [HOST_B] RX bit=0
[tick=1200] [HOST_A] TX bit=1
[tick=1200] [HOST_B] RX bit=1
[tick=1300] [HOST_A] TX bit=0
[tick=1300] [HOST_B] RX bit=0
[tick=1400] [HOST_A] TX bit=1
[tick=1400] [HOST_B] RX bit=1
[tick=1500] [HOST_A] TX bit=0
[tick=1500] [HOST_B] RX bit=0
[tick=1500] [HOST_B] RX complete frame=0101010000001010
[tick=1500] [HOST_B] accepted segment 1 on attempt 1; sending ACK
[tick=1500] [HOST_B] last decoded frame for segment 1: '@'
[tick=1600] [HOST_B] TX bit=0
[tick=1600] [HOST_A] RX bit=0
[tick=1700] [HOST_B] TX bit=1
[tick=1700] [HOST_A] RX bit=1
[tick=1800] [HOST_B] TX bit=0
[tick=1800] [HOST_A] RX bit=0
[tick=1900] [HOST_B] TX bit=1
[tick=1900] [HOST_A] RX bit=1
[tick=2000] [HOST_B] TX bit=1
[tick=2000] [HOST_A] RX bit=1
[tick=2100] [HOST_B] TX bit=0
[tick=2100] [HOST_A] RX bit=0
[tick=2200] [HOST_B] TX bit=0
[tick=2200] [HOST_A] RX bit=0
[tick=2300] [HOST_B] TX bit=0
[tick=2300] [HOST_A] RX bit=0
[tick=2400] [HOST_B] TX bit=0
[tick=2400] [HOST_A] RX bit=0
[tick=2500] [HOST_B] TX bit=0
[tick=2500] [HOST_A] RX bit=0
[tick=2600] [HOST_B] TX bit=0
[tick=2600] [HOST_A] RX bit=0
[tick=2700] [HOST_B] TX bit=0
[tick=2700] [HOST_A] RX bit=0
[tick=2800] [HOST_B] TX bit=1
[tick=2800] [HOST_A] RX bit=1
[tick=2900] [HOST_B] TX bit=0
[tick=2900] [HOST_A] RX bit=0
[tick=3000] [HOST_B] TX bit=1
[tick=3000] [HOST_A] RX bit=False
[tick=3100] [HOST_B] TX bit=0
[tick=3100] [HOST_A] RX bit=0
[tick=3100] [HOST_A] RX complete frame=0001000000011010
[tick=3100] [HOST_A] received corrupt ACK/NACK (status=FS); retransmitting segment 1
[tick=3200] [HOST_A] TX bit=0
[tick=3200] [HOST_B] RX bit=0
[tick=3300] [HOST_A] TX bit=1
[tick=3300] [HOST_B] RX bit=1
[tick=3400] [HOST_A] TX bit=0
[tick=3400] [HOST_B] RX bit=0
[tick=3500] [HOST_A] TX bit=0
[tick=3500] [HOST_B] RX bit=0
[tick=3600] [HOST_A] TX bit=1
[tick=3600] [HOST_B] RX bit=1
[tick=3700] [HOST_A] TX bit=0
[tick=3700] [HOST_B] RX bit=0
[tick=3800] [HOST_A] TX bit=0
[tick=3800] [HOST_B] RX bit=0
[tick=3900] [HOST_A] TX bit=0
[tick=3900] [HOST_B] RX bit=0
[tick=4000] [HOST_A] TX bit=0
[tick=4000] [HOST_B] RX bit=0
[tick=4100] [HOST_A] TX bit=0
[tick=4100] [HOST_B] RX bit=0
[tick=4200] [HOST_A] TX bit=1
[tick=4200] [HOST_B] RX bit=1
[tick=4300] [HOST_A] TX bit=0
[tick=4300] [HOST_B] RX bit=0
[tick=4400] [HOST_A] TX bit=1
[tick=4400] [HOST_B] RX bit=1
[tick=4500] [HOST_A] TX bit=0
[tick=4500] [HOST_B] RX bit=0
[tick=4600] [HOST_A] TX bit=1
[tick=4600] [HOST_B] RX bit=1
[tick=4700] [HOST_A] TX bit=0
[tick=4700] [HOST_B] RX bit=True
[tick=4700] [HOST_B] RX complete frame=1101010000010010
[tick=4700] [HOST_B] rejected received frame and sends NACK for segment 1 (attempt 2, status=FS)
[tick=4800] [HOST_B] TX bit=0
[tick=4800] [HOST_A] RX bit=0
[tick=4900] [HOST_B] TX bit=1
[tick=4900] [HOST_A] RX bit=1
[tick=5000] [HOST_B] TX bit=0
[tick=5000] [HOST_A] RX bit=0
[tick=5100] [HOST_B] TX bit=1
[tick=5100] [HOST_A] RX bit=1
[tick=5200] [HOST_B] TX bit=0
[tick=5200] [HOST_A] RX bit=0
[tick=5300] [HOST_B] TX bit=1
[tick=5300] [HOST_A] RX bit=1
[tick=5400] [HOST_B] TX bit=0
[tick=5400] [HOST_A] RX bit=0
[tick=5500] [HOST_B] TX bit=0
[tick=5500] [HOST_A] RX bit=0
[tick=5600] [HOST_B] TX bit=0
[tick=5600] [HOST_A] RX bit=0
[tick=5700] [HOST_B] TX bit=0
[tick=5700] [HOST_A] RX bit=0
[tick=5800] [HOST_B] TX bit=0
[tick=5800] [HOST_A] RX bit=0
[tick=5900] [HOST_B] TX bit=0
[tick=5900] [HOST_A] RX bit=0
[tick=6000] [HOST_B] TX bit=1
[tick=6000] [HOST_A] RX bit=1
[tick=6100] [HOST_B] TX bit=0
[tick=6100] [HOST_A] RX bit=0
[tick=6200] [HOST_B] TX bit=1
[tick=6200] [HOST_A] RX bit=1
[tick=6300] [HOST_B] TX bit=0
[tick=6300] [HOST_A] RX bit=0
[tick=6300] [HOST_A] RX complete frame=0101000000101010
[tick=6300] [HOST_A] received NACK for segment 1; retransmitting
[tick=6400] [HOST_A] TX bit=0
[tick=6400] [HOST_B] RX bit=0
[tick=6500] [HOST_A] TX bit=1
[tick=6500] [HOST_B] RX bit=False
[tick=6600] [HOST_A] TX bit=0
[tick=6600] [HOST_B] RX bit=0
[tick=6700] [HOST_A] TX bit=0
[tick=6700] [HOST_B] RX bit=0
[tick=6800] [HOST_A] TX bit=1
[tick=6800] [HOST_B] RX bit=1
[tick=6900] [HOST_A] TX bit=0
[tick=6900] [HOST_B] RX bit=0
[tick=7000] [HOST_A] TX bit=0
[tick=7000] [HOST_B] RX bit=0
[tick=7100] [HOST_A] TX bit=0
[tick=7100] [HOST_B] RX bit=True
[tick=7200] [HOST_A] TX bit=0
[tick=7200] [HOST_B] RX bit=0
[tick=7300] [HOST_A] TX bit=0
[tick=7300] [HOST_B] RX bit=True
[tick=7400] [HOST_A] TX bit=1
[tick=7400] [HOST_B] RX bit=1
[tick=7500] [HOST_A] TX bit=0
[tick=7500] [HOST_B] RX bit=0
[tick=7600] [HOST_A] TX bit=1
[tick=7600] [HOST_B] RX bit=1
[tick=7700] [HOST_A] TX bit=0
[tick=7700] [HOST_B] RX bit=0
[tick=7800] [HOST_A] TX bit=1
[tick=7800] [HOST_B] RX bit=False
[tick=7900] [HOST_A] TX bit=0
[tick=7900] [HOST_B] RX bit=0
[tick=7900] [HOST_B] RX complete frame=0001011010010000
[tick=7900] [HOST_B] rejected received frame and sends NACK for segment 1 (attempt 3, status=FE)
[tick=8000] [HOST_B] TX bit=0
[tick=8000] [HOST_A] RX bit=0
[tick=8100] [HOST_B] TX bit=1
[tick=8100] [HOST_A] RX bit=1
[tick=8200] [HOST_B] TX bit=0
[tick=8200] [HOST_A] RX bit=0
[tick=8300] [HOST_B] TX bit=1
[tick=8300] [HOST_A] RX bit=1
[tick=8400] [HOST_B] TX bit=0
[tick=8400] [HOST_A] RX bit=0
[tick=8500] [HOST_B] TX bit=1
[tick=8500] [HOST_A] RX bit=1
[tick=8600] [HOST_B] TX bit=0
[tick=8600] [HOST_A] RX bit=0
[tick=8700] [HOST_B] TX bit=0
[tick=8700] [HOST_A] RX bit=0
[tick=8800] [HOST_B] TX bit=0
[tick=8800] [HOST_A] RX bit=0
[tick=8900] [HOST_B] TX bit=0
[tick=8900] [HOST_A] RX bit=0
[tick=9000] [HOST_B] TX bit=0
[tick=9000] [HOST_A] RX bit=0
[tick=9100] [HOST_B] TX bit=0
[tick=9100] [HOST_A] RX bit=0
[tick=9200] [HOST_B] TX bit=1
[tick=9200] [HOST_A] RX bit=1
[tick=9300] [HOST_B] TX bit=0
[tick=9300] [HOST_A] RX bit=True
[tick=9400] [HOST_B] TX bit=1
[tick=9400] [HOST_A] RX bit=1
[tick=9500] [HOST_B] TX bit=0
[tick=9500] [HOST_A] RX bit=0
[tick=9500] [HOST_A] RX complete frame=0111000000101010
[tick=9500] [HOST_A] received corrupt ACK/NACK (status=FS); retransmitting segment 1
[tick=9600] [HOST_A] TX bit=0
[tick=9600] [HOST_B] RX bit=0
[tick=9700] [HOST_A] TX bit=1
[tick=9700] [HOST_B] RX bit=1
[tick=9800] [HOST_A] TX bit=0
[tick=9800] [HOST_B] RX bit=0
[tick=9900] [HOST_A] TX bit=0
[tick=9900] [HOST_B] RX bit=0
[tick=10000] [HOST_A] TX bit=1
[tick=10000] [HOST_B] RX bit=1
[tick=10100] [HOST_A] TX bit=0
[tick=10100] [HOST_B] RX bit=0
[tick=10200] [HOST_A] TX bit=0
[tick=10200] [HOST_B] RX bit=True
[tick=10300] [HOST_A] TX bit=0
[tick=10300] [HOST_B] RX bit=True
[tick=10400] [HOST_A] TX bit=0
[tick=10400] [HOST_B] RX bit=0
[tick=10500] [HOST_A] TX bit=0
[tick=10500] [HOST_B] RX bit=0
[tick=10600] [HOST_A] TX bit=1
[tick=10600] [HOST_B] RX bit=1
[tick=10700] [HOST_A] TX bit=0
[tick=10700] [HOST_B] RX bit=0
[tick=10800] [HOST_A] TX bit=1
[tick=10800] [HOST_B] RX bit=1
[tick=10900] [HOST_A] TX bit=0
[tick=10900] [HOST_B] RX bit=0
[tick=11000] [HOST_A] TX bit=1
[tick=11000] [HOST_B] RX bit=1
[tick=11100] [HOST_A] TX bit=0
[tick=11100] [HOST_B] RX bit=0
[tick=11100] [HOST_B] RX complete frame=0101010011010010
[tick=11100] [HOST_B] accepted segment 1 on attempt 4; sending ACK
[tick=11200] [HOST_B] TX bit=0
[tick=11200] [HOST_A] RX bit=0
[tick=11300] [HOST_B] TX bit=1
[tick=11300] [HOST_A] RX bit=1
[tick=11400] [HOST_B] TX bit=0
[tick=11400] [HOST_A] RX bit=0
[tick=11500] [HOST_B] TX bit=1
[tick=11500] [HOST_A] RX bit=False
[tick=11600] [HOST_B] TX bit=1
[tick=11600] [HOST_A] RX bit=1
[tick=11700] [HOST_B] TX bit=0
[tick=11700] [HOST_A] RX bit=0
[tick=11800] [HOST_B] TX bit=0
[tick=11800] [HOST_A] RX bit=0
[tick=11900] [HOST_B] TX bit=0
[tick=11900] [HOST_A] RX bit=0
[tick=12000] [HOST_B] TX bit=0
[tick=12000] [HOST_A] RX bit=0
[tick=12100] [HOST_B] TX bit=0
[tick=12100] [HOST_A] RX bit=0
[tick=12200] [HOST_B] TX bit=0
[tick=12200] [HOST_A] RX bit=0
[tick=12300] [HOST_B] TX bit=0
[tick=12300] [HOST_A] RX bit=0
[tick=12400] [HOST_B] TX bit=1
[tick=12400] [HOST_A] RX bit=1
[tick=12500] [HOST_B] TX bit=0
[tick=12500] [HOST_A] RX bit=0
[tick=12600] [HOST_B] TX bit=1
[tick=12600] [HOST_A] RX bit=1
[tick=12700] [HOST_B] TX bit=0
[tick=12700] [HOST_A] RX bit=0
[tick=12700] [HOST_A] RX complete frame=0101000000010010
[tick=12700] [HOST_A] received corrupt ACK/NACK (status=PE); retransmitting segment 1
[tick=12800] [HOST_A] TX bit=0
[tick=12800] [HOST_B] RX bit=0
[tick=12900] [HOST_A] TX bit=1
[tick=12900] [HOST_B] RX bit=1
[tick=13000] [HOST_A] TX bit=0
[tick=13000] [HOST_B] RX bit=0
[tick=13100] [HOST_A] TX bit=0
[tick=13100] [HOST_B] RX bit=0
[tick=13200] [HOST_A] TX bit=1
[tick=13200] [HOST_B] RX bit=1
[tick=13300] [HOST_A] TX bit=0
[tick=13300] [HOST_B] RX bit=0
[tick=13400] [HOST_A] TX bit=0
[tick=13400] [HOST_B] RX bit=0
[tick=13500] [HOST_A] TX bit=0
[tick=13500] [HOST_B] RX bit=0
[tick=13600] [HOST_A] TX bit=0
[tick=13600] [HOST_B] RX bit=0
[tick=13700] [HOST_A] TX bit=0
[tick=13700] [HOST_B] RX bit=0
[tick=13800] [HOST_A] TX bit=1
[tick=13800] [HOST_B] RX bit=1
[tick=13900] [HOST_A] TX bit=0
[tick=13900] [HOST_B] RX bit=0
[tick=14000] [HOST_A] TX bit=1
[tick=14000] [HOST_B] RX bit=False
[tick=14100] [HOST_A] TX bit=0
[tick=14100] [HOST_B] RX bit=0
[tick=14200] [HOST_A] TX bit=1
[tick=14200] [HOST_B] RX bit=1
[tick=14300] [HOST_A] TX bit=0
[tick=14300] [HOST_B] RX bit=0
[tick=14300] [HOST_B] RX complete frame=0100010000010010
[tick=14300] [HOST_B] rejected received frame and sends NACK for segment 1 (attempt 5, status=FS)
[tick=14400] [HOST_B] TX bit=0
[tick=14400] [HOST_A] RX bit=0
[tick=14500] [HOST_B] TX bit=1
[tick=14500] [HOST_A] RX bit=1
[tick=14600] [HOST_B] TX bit=0
[tick=14600] [HOST_A] RX bit=0
[tick=14700] [HOST_B] TX bit=1
[tick=14700] [HOST_A] RX bit=False
[tick=14800] [HOST_B] TX bit=0
[tick=14800] [HOST_A] RX bit=0
[tick=14900] [HOST_B] TX bit=1
[tick=14900] [HOST_A] RX bit=1
[tick=15000] [HOST_B] TX bit=0
[tick=15000] [HOST_A] RX bit=0
[tick=15100] [HOST_B] TX bit=0
[tick=15100] [HOST_A] RX bit=0
[tick=15200] [HOST_B] TX bit=0
[tick=15200] [HOST_A] RX bit=0
[tick=15300] [HOST_B] TX bit=0
[tick=15300] [HOST_A] RX bit=0
[tick=15400] [HOST_B] TX bit=0
[tick=15400] [HOST_A] RX bit=0
[tick=15500] [HOST_B] TX bit=0
[tick=15500] [HOST_A] RX bit=0
[tick=15600] [HOST_B] TX bit=1
[tick=15600] [HOST_A] RX bit=1
[tick=15700] [HOST_B] TX bit=0
[tick=15700] [HOST_A] RX bit=0
[tick=15800] [HOST_B] TX bit=1
[tick=15800] [HOST_A] RX bit=1
[tick=15900] [HOST_B] TX bit=0
[tick=15900] [HOST_A] RX bit=0
[tick=15900] [HOST_A] RX complete frame=0101000000100010
[tick=15900] [HOST_A] received corrupt ACK/NACK (status=PE); retransmitting segment 1
[tick=16000] [HOST_A] TX bit=0
[tick=16000] [HOST_B] RX bit=0
[tick=16100] [HOST_A] TX bit=1
[tick=16100] [HOST_B] RX bit=1
[tick=16200] [HOST_A] TX bit=0
[tick=16200] [HOST_B] RX bit=0
[tick=16300] [HOST_A] TX bit=0
[tick=16300] [HOST_B] RX bit=0
[tick=16400] [HOST_A] TX bit=1
[tick=16400] [HOST_B] RX bit=1
[tick=16500] [HOST_A] TX bit=0
[tick=16500] [HOST_B] RX bit=0
[tick=16600] [HOST_A] TX bit=0
[tick=16600] [HOST_B] RX bit=0
[tick=16700] [HOST_A] TX bit=0
[tick=16700] [HOST_B] RX bit=0
[tick=16800] [HOST_A] TX bit=0
[tick=16800] [HOST_B] RX bit=0
[tick=16900] [HOST_A] TX bit=0
[tick=16900] [HOST_B] RX bit=0
[tick=17000] [HOST_A] TX bit=1
[tick=17000] [HOST_B] RX bit=1
[tick=17100] [HOST_A] TX bit=0
[tick=17100] [HOST_B] RX bit=0
[tick=17200] [HOST_A] TX bit=1
[tick=17200] [HOST_B] RX bit=1
[tick=17300] [HOST_A] TX bit=0
[tick=17300] [HOST_B] RX bit=0
[tick=17400] [HOST_A] TX bit=1
[tick=17400] [HOST_B] RX bit=1
[tick=17500] [HOST_A] TX bit=0
[tick=17500] [HOST_B] RX bit=0
[tick=17500] [HOST_B] RX complete frame=0101010000010010
[tick=17500] [HOST_B] accepted segment 1 on attempt 6; sending ACK
[tick=17600] [HOST_B] TX bit=0
[tick=17600] [HOST_A] RX bit=0
[tick=17700] [HOST_B] TX bit=1
[tick=17700] [HOST_A] RX bit=1
[tick=17800] [HOST_B] TX bit=0
[tick=17800] [HOST_A] RX bit=0
[tick=17900] [HOST_B] TX bit=1
[tick=17900] [HOST_A] RX bit=1
[tick=18000] [HOST_B] TX bit=1
[tick=18000] [HOST_A] RX bit=1
[tick=18100] [HOST_B] TX bit=0
[tick=18100] [HOST_A] RX bit=0
[tick=18200] [HOST_B] TX bit=0
[tick=18200] [HOST_A] RX bit=0
[tick=18300] [HOST_B] TX bit=0
[tick=18300] [HOST_A] RX bit=0
[tick=18400] [HOST_B] TX bit=0
[tick=18400] [HOST_A] RX bit=0
[tick=18500] [HOST_B] TX bit=0
[tick=18500] [HOST_A] RX bit=0
[tick=18600] [HOST_B] TX bit=0
[tick=18600] [HOST_A] RX bit=0
[tick=18700] [HOST_B] TX bit=0
[tick=18700] [HOST_A] RX bit=0
[tick=18800] [HOST_B] TX bit=1
[tick=18800] [HOST_A] RX bit=1
[tick=18900] [HOST_B] TX bit=0
[tick=18900] [HOST_A] RX bit=0
[tick=19000] [HOST_B] TX bit=1
[tick=19000] [HOST_A] RX bit=1
[tick=19100] [HOST_B] TX bit=0
[tick=19100] [HOST_A] RX bit=0
[tick=19100] [HOST_A] RX complete frame=0101000000011010
[tick=19100] [HOST_A] received ACK for segment 1
[tick=19200] [HOST_A] TX bit=0
[tick=19200] [HOST_B] RX bit=0
[tick=19300] [HOST_A] TX bit=1
[tick=19300] [HOST_B] RX bit=1
[tick=19400] [HOST_A] TX bit=0
[tick=19400] [HOST_B] RX bit=0
[tick=19500] [HOST_A] TX bit=1
[tick=19500] [HOST_B] RX bit=1
[tick=19600] [HOST_A] TX bit=0
[tick=19600] [HOST_B] RX bit=0
[tick=19700] [HOST_A] TX bit=1
[tick=19700] [HOST_B] RX bit=1
[tick=19800] [HOST_A] TX bit=1
[tick=19800] [HOST_B] RX bit=1
[tick=19900] [HOST_A] TX bit=1
[tick=19900] [HOST_B] RX bit=1
[tick=20000] [HOST_A] TX bit=0
[tick=20000] [HOST_B] RX bit=0
[tick=20100] [HOST_A] TX bit=1
[tick=20100] [HOST_B] RX bit=1
[tick=20200] [HOST_A] TX bit=1
[tick=20200] [HOST_B] RX bit=1
[tick=20300] [HOST_A] TX bit=0
[tick=20300] [HOST_B] RX bit=0
[tick=20400] [HOST_A] TX bit=1
[tick=20400] [HOST_B] RX bit=1
[tick=20500] [HOST_A] TX bit=0
[tick=20500] [HOST_B] RX bit=0
[tick=20600] [HOST_A] TX bit=1
[tick=20600] [HOST_B] RX bit=1
[tick=20700] [HOST_A] TX bit=0
[tick=20700] [HOST_B] RX bit=0
[tick=20700] [HOST_B] RX complete frame=0101011011101010
[tick=20700] [HOST_B] accepted segment 2 on attempt 1; sending ACK
[tick=20700] [HOST_B] last decoded frame for segment 2: 'n'
[tick=20800] [HOST_B] TX bit=0
[tick=20800] [HOST_A] RX bit=0
[tick=20900] [HOST_B] TX bit=1
[tick=20900] [HOST_A] RX bit=1
[tick=21000] [HOST_B] TX bit=0
[tick=21000] [HOST_A] RX bit=0
[tick=21100] [HOST_B] TX bit=1
[tick=21100] [HOST_A] RX bit=1
[tick=21200] [HOST_B] TX bit=1
[tick=21200] [HOST_A] RX bit=1
[tick=21300] [HOST_B] TX bit=0
[tick=21300] [HOST_A] RX bit=0
[tick=21400] [HOST_B] TX bit=0
[tick=21400] [HOST_A] RX bit=0
[tick=21500] [HOST_B] TX bit=0
[tick=21500] [HOST_A] RX bit=0
[tick=21600] [HOST_B] TX bit=0
[tick=21600] [HOST_A] RX bit=0
[tick=21700] [HOST_B] TX bit=0
[tick=21700] [HOST_A] RX bit=0
[tick=21800] [HOST_B] TX bit=0
[tick=21800] [HOST_A] RX bit=0
[tick=21900] [HOST_B] TX bit=0
[tick=21900] [HOST_A] RX bit=0
[tick=22000] [HOST_B] TX bit=1
[tick=22000] [HOST_A] RX bit=1
[tick=22100] [HOST_B] TX bit=0
[tick=22100] [HOST_A] RX bit=0
[tick=22200] [HOST_B] TX bit=1
[tick=22200] [HOST_A] RX bit=1
[tick=22300] [HOST_B] TX bit=0
[tick=22300] [HOST_A] RX bit=0
[tick=22300] [HOST_A] RX complete frame=0101000000011010
[tick=22300] [HOST_A] received ACK for segment 2
[tick=22400] [HOST_A] TX bit=0
[tick=22400] [HOST_B] RX bit=0
[tick=22500] [HOST_A] TX bit=1
[tick=22500] [HOST_B] RX bit=1
[tick=22600] [HOST_A] TX bit=0
[tick=22600] [HOST_B] RX bit=0
[tick=22700] [HOST_A] TX bit=0
[tick=22700] [HOST_B] RX bit=0
[tick=22800] [HOST_A] TX bit=1
[tick=22800] [HOST_B] RX bit=1
[tick=22900] [HOST_A] TX bit=0
[tick=22900] [HOST_B] RX bit=0
[tick=23000] [HOST_A] TX bit=1
[tick=23000] [HOST_B] RX bit=1
[tick=23100] [HOST_A] TX bit=1
[tick=23100] [HOST_B] RX bit=1
[tick=23200] [HOST_A] TX bit=0
[tick=23200] [HOST_B] RX bit=0
[tick=23300] [HOST_A] TX bit=1
[tick=23300] [HOST_B] RX bit=1
[tick=23400] [HOST_A] TX bit=0
[tick=23400] [HOST_B] RX bit=0
[tick=23500] [HOST_A] TX bit=0
[tick=23500] [HOST_B] RX bit=0
[tick=23600] [HOST_A] TX bit=1
[tick=23600] [HOST_B] RX bit=1
[tick=23700] [HOST_A] TX bit=0
[tick=23700] [HOST_B] RX bit=0
[tick=23800] [HOST_A] TX bit=1
[tick=23800] [HOST_B] RX bit=1
[tick=23900] [HOST_A] TX bit=0
[tick=23900] [HOST_B] RX bit=0
[tick=23900] [HOST_B] RX complete frame=0101001011010010
[tick=23900] [HOST_B] accepted segment 3 on attempt 1; sending ACK
[tick=23900] [HOST_B] last decoded frame for segment 3: '-'
[tick=24000] [HOST_B] TX bit=0
[tick=24000] [HOST_A] RX bit=0
[tick=24100] [HOST_B] TX bit=1
[tick=24100] [HOST_A] RX bit=1
[tick=24200] [HOST_B] TX bit=0
[tick=24200] [HOST_A] RX bit=0
[tick=24300] [HOST_B] TX bit=1
[tick=24300] [HOST_A] RX bit=1
[tick=24400] [HOST_B] TX bit=1
[tick=24400] [HOST_A] RX bit=1
[tick=24500] [HOST_B] TX bit=0
[tick=24500] [HOST_A] RX bit=0
[tick=24600] [HOST_B] TX bit=0
[tick=24600] [HOST_A] RX bit=0
[tick=24700] [HOST_B] TX bit=0
[tick=24700] [HOST_A] RX bit=0
[tick=24800] [HOST_B] TX bit=0
[tick=24800] [HOST_A] RX bit=0
[tick=24900] [HOST_B] TX bit=0
[tick=24900] [HOST_A] RX bit=0
[tick=25000] [HOST_B] TX bit=0
[tick=25000] [HOST_A] RX bit=0
[tick=25100] [HOST_B] TX bit=0
[tick=25100] [HOST_A] RX bit=0
[tick=25200] [HOST_B] TX bit=1
[tick=25200] [HOST_A] RX bit=1
[tick=25300] [HOST_B] TX bit=0
[tick=25300] [HOST_A] RX bit=0
[tick=25400] [HOST_B] TX bit=1
[tick=25400] [HOST_A] RX bit=False
[tick=25500] [HOST_B] TX bit=0
[tick=25500] [HOST_A] RX bit=0
[tick=25500] [HOST_A] RX complete frame=0001000000011010
[tick=25500] [HOST_A] received corrupt ACK/NACK (status=FS); retransmitting segment 3
[tick=25600] [HOST_A] TX bit=0
[tick=25600] [HOST_B] RX bit=0
[tick=25700] [HOST_A] TX bit=1
[tick=25700] [HOST_B] RX bit=1
[tick=25800] [HOST_A] TX bit=0
[tick=25800] [HOST_B] RX bit=0
[tick=25900] [HOST_A] TX bit=0
[tick=25900] [HOST_B] RX bit=0
[tick=26000] [HOST_A] TX bit=1
[tick=26000] [HOST_B] RX bit=1
[tick=26100] [HOST_A] TX bit=0
[tick=26100] [HOST_B] RX bit=0
[tick=26200] [HOST_A] TX bit=1
[tick=26200] [HOST_B] RX bit=1
[tick=26300] [HOST_A] TX bit=1
[tick=26300] [HOST_B] RX bit=1
[tick=26400] [HOST_A] TX bit=0
[tick=26400] [HOST_B] RX bit=0
[tick=26500] [HOST_A] TX bit=1
[tick=26500] [HOST_B] RX bit=1
[tick=26600] [HOST_A] TX bit=0
[tick=26600] [HOST_B] RX bit=0
[tick=26700] [HOST_A] TX bit=0
[tick=26700] [HOST_B] RX bit=0
[tick=26800] [HOST_A] TX bit=1
[tick=26800] [HOST_B] RX bit=1
[tick=26900] [HOST_A] TX bit=0
[tick=26900] [HOST_B] RX bit=0
[tick=27000] [HOST_A] TX bit=1
[tick=27000] [HOST_B] RX bit=1
[tick=27100] [HOST_A] TX bit=0
[tick=27100] [HOST_B] RX bit=0
[tick=27100] [HOST_B] RX complete frame=0101001011010010
[tick=27100] [HOST_B] accepted segment 3 on attempt 2; sending ACK
[tick=27200] [HOST_B] TX bit=0
[tick=27200] [HOST_A] RX bit=0
[tick=27300] [HOST_B] TX bit=1
[tick=27300] [HOST_A] RX bit=1
[tick=27400] [HOST_B] TX bit=0
[tick=27400] [HOST_A] RX bit=0
[tick=27500] [HOST_B] TX bit=1
[tick=27500] [HOST_A] RX bit=1
[tick=27600] [HOST_B] TX bit=1
[tick=27600] [HOST_A] RX bit=1
[tick=27700] [HOST_B] TX bit=0
[tick=27700] [HOST_A] RX bit=0
[tick=27800] [HOST_B] TX bit=0
[tick=27800] [HOST_A] RX bit=0
[tick=27900] [HOST_B] TX bit=0
[tick=27900] [HOST_A] RX bit=0
[tick=28000] [HOST_B] TX bit=0
[tick=28000] [HOST_A] RX bit=0
[tick=28100] [HOST_B] TX bit=0
[tick=28100] [HOST_A] RX bit=0
[tick=28200] [HOST_B] TX bit=0
[tick=28200] [HOST_A] RX bit=True
[tick=28300] [HOST_B] TX bit=0
[tick=28300] [HOST_A] RX bit=0
[tick=28400] [HOST_B] TX bit=1
[tick=28400] [HOST_A] RX bit=1
[tick=28500] [HOST_B] TX bit=0
[tick=28500] [HOST_A] RX bit=0
[tick=28600] [HOST_B] TX bit=1
[tick=28600] [HOST_A] RX bit=1
[tick=28700] [HOST_B] TX bit=0
[tick=28700] [HOST_A] RX bit=0
[tick=28700] [HOST_A] RX complete frame=0101010000011010
[tick=28700] [HOST_A] received corrupt ACK/NACK (status=PE); retransmitting segment 3
[tick=28800] [HOST_A] TX bit=0
[tick=28800] [HOST_B] RX bit=0
[tick=28900] [HOST_A] TX bit=1
[tick=28900] [HOST_B] RX bit=1
[tick=29000] [HOST_A] TX bit=0
[tick=29000] [HOST_B] RX bit=0
[tick=29100] [HOST_A] TX bit=0
[tick=29100] [HOST_B] RX bit=0
[tick=29200] [HOST_A] TX bit=1
[tick=29200] [HOST_B] RX bit=1
[tick=29300] [HOST_A] TX bit=0
[tick=29300] [HOST_B] RX bit=0
[tick=29400] [HOST_A] TX bit=1
[tick=29400] [HOST_B] RX bit=1
[tick=29500] [HOST_A] TX bit=1
[tick=29500] [HOST_B] RX bit=1
[tick=29600] [HOST_A] TX bit=0
[tick=29600] [HOST_B] RX bit=0
[tick=29700] [HOST_A] TX bit=1
[tick=29700] [HOST_B] RX bit=1
[tick=29800] [HOST_A] TX bit=0
[tick=29800] [HOST_B] RX bit=0
[tick=29900] [HOST_A] TX bit=0
[tick=29900] [HOST_B] RX bit=0
[tick=30000] [HOST_A] TX bit=1
[tick=30000] [HOST_B] RX bit=1
[tick=30100] [HOST_A] TX bit=0
[tick=30100] [HOST_B] RX bit=0
[tick=30200] [HOST_A] TX bit=1
[tick=30200] [HOST_B] RX bit=1
[tick=30300] [HOST_A] TX bit=0
[tick=30300] [HOST_B] RX bit=0
[tick=30300] [HOST_B] RX complete frame=0101001011010010
[tick=30300] [HOST_B] accepted segment 3 on attempt 3; sending ACK
[tick=30400] [HOST_B] TX bit=0
[tick=30400] [HOST_A] RX bit=0
[tick=30500] [HOST_B] TX bit=1
[tick=30500] [HOST_A] RX bit=1
[tick=30600] [HOST_B] TX bit=0
[tick=30600] [HOST_A] RX bit=0
[tick=30700] [HOST_B] TX bit=1
[tick=30700] [HOST_A] RX bit=1
[tick=30800] [HOST_B] TX bit=1
[tick=30800] [HOST_A] RX bit=1
[tick=30900] [HOST_B] TX bit=0
[tick=30900] [HOST_A] RX bit=0
[tick=31000] [HOST_B] TX bit=0
[tick=31000] [HOST_A] RX bit=0
[tick=31100] [HOST_B] TX bit=0
[tick=31100] [HOST_A] RX bit=0
[tick=31200] [HOST_B] TX bit=0
[tick=31200] [HOST_A] RX bit=0
[tick=31300] [HOST_B] TX bit=0
[tick=31300] [HOST_A] RX bit=0
[tick=31400] [HOST_B] TX bit=0
[tick=31400] [HOST_A] RX bit=0
[tick=31500] [HOST_B] TX bit=0
[tick=31500] [HOST_A] RX bit=0
[tick=31600] [HOST_B] TX bit=1
[tick=31600] [HOST_A] RX bit=1
[tick=31700] [HOST_B] TX bit=0
[tick=31700] [HOST_A] RX bit=0
[tick=31800] [HOST_B] TX bit=1
[tick=31800] [HOST_A] RX bit=1
[tick=31900] [HOST_B] TX bit=0
[tick=31900] [HOST_A] RX bit=0
[tick=31900] [HOST_A] RX complete frame=0101000000011010
[tick=31900] [HOST_A] received ACK for segment 3
[tick=32000] [HOST_A] TX bit=0
[tick=32000] [HOST_B] RX bit=0
[tick=32100] [HOST_A] TX bit=1
[tick=32100] [HOST_B] RX bit=1
[tick=32200] [HOST_A] TX bit=0
[tick=32200] [HOST_B] RX bit=0
[tick=32300] [HOST_A] TX bit=0
[tick=32300] [HOST_B] RX bit=0
[tick=32400] [HOST_A] TX bit=1
[tick=32400] [HOST_B] RX bit=1
[tick=32500] [HOST_A] TX bit=0
[tick=32500] [HOST_B] RX bit=0
[tick=32600] [HOST_A] TX bit=0
[tick=32600] [HOST_B] RX bit=0
[tick=32700] [HOST_A] TX bit=0
[tick=32700] [HOST_B] RX bit=0
[tick=32800] [HOST_A] TX bit=0
[tick=32800] [HOST_B] RX bit=0
[tick=32900] [HOST_A] TX bit=0
[tick=32900] [HOST_B] RX bit=0
[tick=33000] [HOST_A] TX bit=1
[tick=33000] [HOST_B] RX bit=1
[tick=33100] [HOST_A] TX bit=0
[tick=33100] [HOST_B] RX bit=0
[tick=33200] [HOST_A] TX bit=1
[tick=33200] [HOST_B] RX bit=1
[tick=33300] [HOST_A] TX bit=0
[tick=33300] [HOST_B] RX bit=0
[tick=33400] [HOST_A] TX bit=1
[tick=33400] [HOST_B] RX bit=1
[tick=33500] [HOST_A] TX bit=0
[tick=33500] [HOST_B] RX bit=0
[tick=33500] [HOST_B] RX complete frame=0101010000010010
[tick=33500] [HOST_B] accepted segment 4 on attempt 1; sending ACK
[tick=33500] [HOST_B] last decoded frame for segment 4: 'A'
[tick=33600] [HOST_B] TX bit=0
[tick=33600] [HOST_A] RX bit=0
[tick=33700] [HOST_B] TX bit=1
[tick=33700] [HOST_A] RX bit=1
[tick=33800] [HOST_B] TX bit=0
[tick=33800] [HOST_A] RX bit=0
[tick=33900] [HOST_B] TX bit=1
[tick=33900] [HOST_A] RX bit=1
[tick=34000] [HOST_B] TX bit=1
[tick=34000] [HOST_A] RX bit=1
[tick=34100] [HOST_B] TX bit=0
[tick=34100] [HOST_A] RX bit=0
[tick=34200] [HOST_B] TX bit=0
[tick=34200] [HOST_A] RX bit=0
[tick=34300] [HOST_B] TX bit=0
[tick=34300] [HOST_A] RX bit=0
[tick=34400] [HOST_B] TX bit=0
[tick=34400] [HOST_A] RX bit=0
[tick=34500] [HOST_B] TX bit=0
[tick=34500] [HOST_A] RX bit=0
[tick=34600] [HOST_B] TX bit=0
[tick=34600] [HOST_A] RX bit=0
[tick=34700] [HOST_B] TX bit=0
[tick=34700] [HOST_A] RX bit=0
[tick=34800] [HOST_B] TX bit=1
[tick=34800] [HOST_A] RX bit=1
[tick=34900] [HOST_B] TX bit=0
[tick=34900] [HOST_A] RX bit=0
[tick=35000] [HOST_B] TX bit=1
[tick=35000] [HOST_A] RX bit=1
[tick=35100] [HOST_B] TX bit=0
[tick=35100] [HOST_A] RX bit=0
[tick=35100] [HOST_A] RX complete frame=0101000000011010
[tick=35100] [HOST_A] received ACK for segment 4
[tick=35200] [HOST_A] TX bit=0
[tick=35200] [HOST_B] RX bit=0
[tick=35300] [HOST_A] TX bit=1
[tick=35300] [HOST_B] RX bit=1
[tick=35400] [HOST_A] TX bit=0
[tick=35400] [HOST_B] RX bit=0
[tick=35500] [HOST_A] TX bit=1
[tick=35500] [HOST_B] RX bit=1
[tick=35600] [HOST_A] TX bit=0
[tick=35600] [HOST_B] RX bit=0
[tick=35700] [HOST_A] TX bit=1
[tick=35700] [HOST_B] RX bit=1
[tick=35800] [HOST_A] TX bit=1
[tick=35800] [HOST_B] RX bit=1
[tick=35900] [HOST_A] TX bit=1
[tick=35900] [HOST_B] RX bit=False
[tick=36000] [HOST_A] TX bit=0
[tick=36000] [HOST_B] RX bit=0
[tick=36100] [HOST_A] TX bit=1
[tick=36100] [HOST_B] RX bit=1
[tick=36200] [HOST_A] TX bit=1
[tick=36200] [HOST_B] RX bit=1
[tick=36300] [HOST_A] TX bit=0
[tick=36300] [HOST_B] RX bit=0
[tick=36400] [HOST_A] TX bit=1
[tick=36400] [HOST_B] RX bit=1
[tick=36500] [HOST_A] TX bit=0
[tick=36500] [HOST_B] RX bit=0
[tick=36600] [HOST_A] TX bit=1
[tick=36600] [HOST_B] RX bit=1
[tick=36700] [HOST_A] TX bit=0
[tick=36700] [HOST_B] RX bit=0
[tick=36700] [HOST_B] RX complete frame=0101011001101010
[tick=36700] [HOST_B] rejected received frame and sends NACK for segment 5 (attempt 1, status=PE)
[tick=36800] [HOST_B] TX bit=0
[tick=36800] [HOST_A] RX bit=0
[tick=36900] [HOST_B] TX bit=1
[tick=36900] [HOST_A] RX bit=1
[tick=37000] [HOST_B] TX bit=0
[tick=37000] [HOST_A] RX bit=0
[tick=37100] [HOST_B] TX bit=1
[tick=37100] [HOST_A] RX bit=1
[tick=37200] [HOST_B] TX bit=0
[tick=37200] [HOST_A] RX bit=0
[tick=37300] [HOST_B] TX bit=1
[tick=37300] [HOST_A] RX bit=False
[tick=37400] [HOST_B] TX bit=0
[tick=37400] [HOST_A] RX bit=0
[tick=37500] [HOST_B] TX bit=0
[tick=37500] [HOST_A] RX bit=0
[tick=37600] [HOST_B] TX bit=0
[tick=37600] [HOST_A] RX bit=0
[tick=37700] [HOST_B] TX bit=0
[tick=37700] [HOST_A] RX bit=0
[tick=37800] [HOST_B] TX bit=0
[tick=37800] [HOST_A] RX bit=0
[tick=37900] [HOST_B] TX bit=0
[tick=37900] [HOST_A] RX bit=0
[tick=38000] [HOST_B] TX bit=1
[tick=38000] [HOST_A] RX bit=1
[tick=38100] [HOST_B] TX bit=0
[tick=38100] [HOST_A] RX bit=0
[tick=38200] [HOST_B] TX bit=1
[tick=38200] [HOST_A] RX bit=1
[tick=38300] [HOST_B] TX bit=0
[tick=38300] [HOST_A] RX bit=0
[tick=38300] [HOST_A] RX complete frame=0101000000001010
[tick=38300] [HOST_A] received corrupt ACK/NACK (status=PE); retransmitting segment 5
[tick=38400] [HOST_A] TX bit=0
[tick=38400] [HOST_B] RX bit=0
[tick=38500] [HOST_A] TX bit=1
[tick=38500] [HOST_B] RX bit=1
[tick=38600] [HOST_A] TX bit=0
[tick=38600] [HOST_B] RX bit=0
[tick=38700] [HOST_A] TX bit=1
[tick=38700] [HOST_B] RX bit=1
[tick=38800] [HOST_A] TX bit=0
[tick=38800] [HOST_B] RX bit=0
[tick=38900] [HOST_A] TX bit=1
[tick=38900] [HOST_B] RX bit=1
[tick=39000] [HOST_A] TX bit=1
[tick=39000] [HOST_B] RX bit=1
[tick=39100] [HOST_A] TX bit=1
[tick=39100] [HOST_B] RX bit=1
[tick=39200] [HOST_A] TX bit=0
[tick=39200] [HOST_B] RX bit=0
[tick=39300] [HOST_A] TX bit=1
[tick=39300] [HOST_B] RX bit=1
[tick=39400] [HOST_A] TX bit=1
[tick=39400] [HOST_B] RX bit=1
[tick=39500] [HOST_A] TX bit=0
[tick=39500] [HOST_B] RX bit=0
[tick=39600] [HOST_A] TX bit=1
[tick=39600] [HOST_B] RX bit=1
[tick=39700] [HOST_A] TX bit=0
[tick=39700] [HOST_B] RX bit=0
[tick=39800] [HOST_A] TX bit=1
[tick=39800] [HOST_B] RX bit=1
[tick=39900] [HOST_A] TX bit=0
[tick=39900] [HOST_B] RX bit=0
[tick=39900] [HOST_B] RX complete frame=0101011011101010
[tick=39900] [HOST_B] accepted segment 5 on attempt 2; sending ACK
[tick=39900] [HOST_B] last decoded frame for segment 5: 'n'
[tick=40000] [HOST_B] TX bit=0
[tick=40000] [HOST_A] RX bit=0
[tick=40100] [HOST_B] TX bit=1
[tick=40100] [HOST_A] RX bit=1
[tick=40200] [HOST_B] TX bit=0
[tick=40200] [HOST_A] RX bit=0
[tick=40300] [HOST_B] TX bit=1
[tick=40300] [HOST_A] RX bit=1
[tick=40400] [HOST_B] TX bit=1
[tick=40400] [HOST_A] RX bit=1
[tick=40500] [HOST_B] TX bit=0
[tick=40500] [HOST_A] RX bit=0
[tick=40600] [HOST_B] TX bit=0
[tick=40600] [HOST_A] RX bit=0
[tick=40700] [HOST_B] TX bit=0
[tick=40700] [HOST_A] RX bit=0
[tick=40800] [HOST_B] TX bit=0
[tick=40800] [HOST_A] RX bit=0
[tick=40900] [HOST_B] TX bit=0
[tick=40900] [HOST_A] RX bit=0
[tick=41000] [HOST_B] TX bit=0
[tick=41000] [HOST_A] RX bit=0
[tick=41100] [HOST_B] TX bit=0
[tick=41100] [HOST_A] RX bit=0
[tick=41200] [HOST_B] TX bit=1
[tick=41200] [HOST_A] RX bit=1
[tick=41300] [HOST_B] TX bit=0
[tick=41300] [HOST_A] RX bit=True
[tick=41400] [HOST_B] TX bit=1
[tick=41400] [HOST_A] RX bit=1
[tick=41500] [HOST_B] TX bit=0
[tick=41500] [HOST_A] RX bit=0
[tick=41500] [HOST_A] RX complete frame=0111000000011010
[tick=41500] [HOST_A] received corrupt ACK/NACK (status=FS); retransmitting segment 5
[tick=41600] [HOST_A] TX bit=0
[tick=41600] [HOST_B] RX bit=0
[tick=41700] [HOST_A] TX bit=1
[tick=41700] [HOST_B] RX bit=1
[tick=41800] [HOST_A] TX bit=0
[tick=41800] [HOST_B] RX bit=0
[tick=41900] [HOST_A] TX bit=1
[tick=41900] [HOST_B] RX bit=1
[tick=42000] [HOST_A] TX bit=0
[tick=42000] [HOST_B] RX bit=0
[tick=42100] [HOST_A] TX bit=1
[tick=42100] [HOST_B] RX bit=1
[tick=42200] [HOST_A] TX bit=1
[tick=42200] [HOST_B] RX bit=1
[tick=42300] [HOST_A] TX bit=1
[tick=42300] [HOST_B] RX bit=1
[tick=42400] [HOST_A] TX bit=0
[tick=42400] [HOST_B] RX bit=0
[tick=42500] [HOST_A] TX bit=1
[tick=42500] [HOST_B] RX bit=1
[tick=42600] [HOST_A] TX bit=1
[tick=42600] [HOST_B] RX bit=1
[tick=42700] [HOST_A] TX bit=0
[tick=42700] [HOST_B] RX bit=0
[tick=42800] [HOST_A] TX bit=1
[tick=42800] [HOST_B] RX bit=1
[tick=42900] [HOST_A] TX bit=0
[tick=42900] [HOST_B] RX bit=0
[tick=43000] [HOST_A] TX bit=1
[tick=43000] [HOST_B] RX bit=1
[tick=43100] [HOST_A] TX bit=0
[tick=43100] [HOST_B] RX bit=True
[tick=43100] [HOST_B] RX complete frame=1101011011101010
[tick=43100] [HOST_B] rejected received frame and sends NACK for segment 5 (attempt 3, status=FS)
[tick=43200] [HOST_B] TX bit=0
[tick=43200] [HOST_A] RX bit=0
[tick=43300] [HOST_B] TX bit=1
[tick=43300] [HOST_A] RX bit=1
[tick=43400] [HOST_B] TX bit=0
[tick=43400] [HOST_A] RX bit=0
[tick=43500] [HOST_B] TX bit=1
[tick=43500] [HOST_A] RX bit=1
[tick=43600] [HOST_B] TX bit=0
[tick=43600] [HOST_A] RX bit=0
[tick=43700] [HOST_B] TX bit=1
[tick=43700] [HOST_A] RX bit=1
[tick=43800] [HOST_B] TX bit=0
[tick=43800] [HOST_A] RX bit=0
[tick=43900] [HOST_B] TX bit=0
[tick=43900] [HOST_A] RX bit=0
[tick=44000] [HOST_B] TX bit=0
[tick=44000] [HOST_A] RX bit=0
[tick=44100] [HOST_B] TX bit=0
[tick=44100] [HOST_A] RX bit=0
[tick=44200] [HOST_B] TX bit=0
[tick=44200] [HOST_A] RX bit=0
[tick=44300] [HOST_B] TX bit=0
[tick=44300] [HOST_A] RX bit=0
[tick=44400] [HOST_B] TX bit=1
[tick=44400] [HOST_A] RX bit=1
[tick=44500] [HOST_B] TX bit=0
[tick=44500] [HOST_A] RX bit=0
[tick=44600] [HOST_B] TX bit=1
[tick=44600] [HOST_A] RX bit=1
[tick=44700] [HOST_B] TX bit=0
[tick=44700] [HOST_A] RX bit=0
[tick=44700] [HOST_A] RX complete frame=0101000000101010
[tick=44700] [HOST_A] received NACK for segment 5; retransmitting
[tick=44800] [HOST_A] TX bit=0
[tick=44800] [HOST_B] RX bit=0
[tick=44900] [HOST_A] TX bit=1
[tick=44900] [HOST_B] RX bit=1
[tick=45000] [HOST_A] TX bit=0
[tick=45000] [HOST_B] RX bit=0
[tick=45100] [HOST_A] TX bit=1
[tick=45100] [HOST_B] RX bit=1
[tick=45200] [HOST_A] TX bit=0
[tick=45200] [HOST_B] RX bit=0
[tick=45300] [HOST_A] TX bit=1
[tick=45300] [HOST_B] RX bit=1
[tick=45400] [HOST_A] TX bit=1
[tick=45400] [HOST_B] RX bit=1
[tick=45500] [HOST_A] TX bit=1
[tick=45500] [HOST_B] RX bit=1
[tick=45600] [HOST_A] TX bit=0
[tick=45600] [HOST_B] RX bit=0
[tick=45700] [HOST_A] TX bit=1
[tick=45700] [HOST_B] RX bit=1
[tick=45800] [HOST_A] TX bit=1
[tick=45800] [HOST_B] RX bit=1
[tick=45900] [HOST_A] TX bit=0
[tick=45900] [HOST_B] RX bit=0
[tick=46000] [HOST_A] TX bit=1
[tick=46000] [HOST_B] RX bit=1
[tick=46100] [HOST_A] TX bit=0
[tick=46100] [HOST_B] RX bit=0
[tick=46200] [HOST_A] TX bit=1
[tick=46200] [HOST_B] RX bit=1
[tick=46300] [HOST_A] TX bit=0
[tick=46300] [HOST_B] RX bit=0
[tick=46300] [HOST_B] RX complete frame=0101011011101010
[tick=46300] [HOST_B] accepted segment 5 on attempt 4; sending ACK
[tick=46400] [HOST_B] TX bit=0
[tick=46400] [HOST_A] RX bit=0
[tick=46500] [HOST_B] TX bit=1
[tick=46500] [HOST_A] RX bit=1
[tick=46600] [HOST_B] TX bit=0
[tick=46600] [HOST_A] RX bit=0
[tick=46700] [HOST_B] TX bit=1
[tick=46700] [HOST_A] RX bit=1
[tick=46800] [HOST_B] TX bit=1
[tick=46800] [HOST_A] RX bit=1
[tick=46900] [HOST_B] TX bit=0
[tick=46900] [HOST_A] RX bit=0
[tick=47000] [HOST_B] TX bit=0
[tick=47000] [HOST_A] RX bit=0
[tick=47100] [HOST_B] TX bit=0
[tick=47100] [HOST_A] RX bit=0
[tick=47200] [HOST_B] TX bit=0
[tick=47200] [HOST_A] RX bit=0
[tick=47300] [HOST_B] TX bit=0
[tick=47300] [HOST_A] RX bit=0
[tick=47400] [HOST_B] TX bit=0
[tick=47400] [HOST_A] RX bit=0
[tick=47500] [HOST_B] TX bit=0
[tick=47500] [HOST_A] RX bit=0
[tick=47600] [HOST_B] TX bit=1
[tick=47600] [HOST_A] RX bit=1
[tick=47700] [HOST_B] TX bit=0
[tick=47700] [HOST_A] RX bit=0
[tick=47800] [HOST_B] TX bit=1
[tick=47800] [HOST_A] RX bit=False
[tick=47900] [HOST_B] TX bit=0
[tick=47900] [HOST_A] RX bit=0
[tick=47900] [HOST_A] RX complete frame=0001000000011010
[tick=47900] [HOST_A] received corrupt ACK/NACK (status=FS); retransmitting segment 5
[tick=48000] [HOST_A] TX bit=0
[tick=48000] [HOST_B] RX bit=0
[tick=48100] [HOST_A] TX bit=1
[tick=48100] [HOST_B] RX bit=1
[tick=48200] [HOST_A] TX bit=0
[tick=48200] [HOST_B] RX bit=0
[tick=48300] [HOST_A] TX bit=1
[tick=48300] [HOST_B] RX bit=1
[tick=48400] [HOST_A] TX bit=0
[tick=48400] [HOST_B] RX bit=0
[tick=48500] [HOST_A] TX bit=1
[tick=48500] [HOST_B] RX bit=1
[tick=48600] [HOST_A] TX bit=1
[tick=48600] [HOST_B] RX bit=1
[tick=48700] [HOST_A] TX bit=1
[tick=48700] [HOST_B] RX bit=1
[tick=48800] [HOST_A] TX bit=0
[tick=48800] [HOST_B] RX bit=0
[tick=48900] [HOST_A] TX bit=1
[tick=48900] [HOST_B] RX bit=1
[tick=49000] [HOST_A] TX bit=1
[tick=49000] [HOST_B] RX bit=1
[tick=49100] [HOST_A] TX bit=0
[tick=49100] [HOST_B] RX bit=0
[tick=49200] [HOST_A] TX bit=1
[tick=49200] [HOST_B] RX bit=1
[tick=49300] [HOST_A] TX bit=0
[tick=49300] [HOST_B] RX bit=0
[tick=49400] [HOST_A] TX bit=1
[tick=49400] [HOST_B] RX bit=1
[tick=49500] [HOST_A] TX bit=0
[tick=49500] [HOST_B] RX bit=0
[tick=49500] [HOST_B] RX complete frame=0101011011101010
[tick=49500] [HOST_B] accepted segment 5 on attempt 5; sending ACK
[tick=49600] [HOST_B] TX bit=0
[tick=49600] [HOST_A] RX bit=0
[tick=49700] [HOST_B] TX bit=1
[tick=49700] [HOST_A] RX bit=False
[tick=49800] [HOST_B] TX bit=0
[tick=49800] [HOST_A] RX bit=0
[tick=49900] [HOST_B] TX bit=1
[tick=49900] [HOST_A] RX bit=1
[tick=50000] [HOST_B] TX bit=1
[tick=50000] [HOST_A] RX bit=1
[tick=50100] [HOST_B] TX bit=0
[tick=50100] [HOST_A] RX bit=0
[tick=50200] [HOST_B] TX bit=0
[tick=50200] [HOST_A] RX bit=0
[tick=50300] [HOST_B] TX bit=0
[tick=50300] [HOST_A] RX bit=0
[tick=50400] [HOST_B] TX bit=0
[tick=50400] [HOST_A] RX bit=0
[tick=50500] [HOST_B] TX bit=0
[tick=50500] [HOST_A] RX bit=0
[tick=50600] [HOST_B] TX bit=0
[tick=50600] [HOST_A] RX bit=0
[tick=50700] [HOST_B] TX bit=0
[tick=50700] [HOST_A] RX bit=0
[tick=50800] [HOST_B] TX bit=1
[tick=50800] [HOST_A] RX bit=1
[tick=50900] [HOST_B] TX bit=0
[tick=50900] [HOST_A] RX bit=0
[tick=51000] [HOST_B] TX bit=1
[tick=51000] [HOST_A] RX bit=1
[tick=51100] [HOST_B] TX bit=0
[tick=51100] [HOST_A] RX bit=0
[tick=51100] [HOST_A] RX complete frame=0101000000011000
[tick=51100] [HOST_A] received corrupt ACK/NACK (status=FE); retransmitting segment 5
[tick=51200] [HOST_A] TX bit=0
[tick=51200] [HOST_B] RX bit=0
[tick=51300] [HOST_A] TX bit=1
[tick=51300] [HOST_B] RX bit=1
[tick=51400] [HOST_A] TX bit=0
[tick=51400] [HOST_B] RX bit=0
[tick=51500] [HOST_A] TX bit=1
[tick=51500] [HOST_B] RX bit=1
[tick=51600] [HOST_A] TX bit=0
[tick=51600] [HOST_B] RX bit=0
[tick=51700] [HOST_A] TX bit=1
[tick=51700] [HOST_B] RX bit=1
[tick=51800] [HOST_A] TX bit=1
[tick=51800] [HOST_B] RX bit=1
[tick=51900] [HOST_A] TX bit=1
[tick=51900] [HOST_B] RX bit=1
[tick=52000] [HOST_A] TX bit=0
[tick=52000] [HOST_B] RX bit=0
[tick=52100] [HOST_A] TX bit=1
[tick=52100] [HOST_B] RX bit=1
[tick=52200] [HOST_A] TX bit=1
[tick=52200] [HOST_B] RX bit=1
[tick=52300] [HOST_A] TX bit=0
[tick=52300] [HOST_B] RX bit=0
[tick=52400] [HOST_A] TX bit=1
[tick=52400] [HOST_B] RX bit=1
[tick=52500] [HOST_A] TX bit=0
[tick=52500] [HOST_B] RX bit=0
[tick=52600] [HOST_A] TX bit=1
[tick=52600] [HOST_B] RX bit=1
[tick=52700] [HOST_A] TX bit=0
[tick=52700] [HOST_B] RX bit=0
[tick=52700] [HOST_B] RX complete frame=0101011011101010
[tick=52700] [HOST_B] accepted segment 5 on attempt 6; sending ACK
[tick=52800] [HOST_B] TX bit=0
[tick=52800] [HOST_A] RX bit=0
[tick=52900] [HOST_B] TX bit=1
[tick=52900] [HOST_A] RX bit=1
[tick=53000] [HOST_B] TX bit=0
[tick=53000] [HOST_A] RX bit=0
[tick=53100] [HOST_B] TX bit=1
[tick=53100] [HOST_A] RX bit=False
[tick=53200] [HOST_B] TX bit=1
[tick=53200] [HOST_A] RX bit=1
[tick=53300] [HOST_B] TX bit=0
[tick=53300] [HOST_A] RX bit=0
[tick=53400] [HOST_B] TX bit=0
[tick=53400] [HOST_A] RX bit=0
[tick=53500] [HOST_B] TX bit=0
[tick=53500] [HOST_A] RX bit=0
[tick=53600] [HOST_B] TX bit=0
[tick=53600] [HOST_A] RX bit=0
[tick=53700] [HOST_B] TX bit=0
[tick=53700] [HOST_A] RX bit=True
[tick=53800] [HOST_B] TX bit=0
[tick=53800] [HOST_A] RX bit=0
[tick=53900] [HOST_B] TX bit=0
[tick=53900] [HOST_A] RX bit=0
[tick=54000] [HOST_B] TX bit=1
[tick=54000] [HOST_A] RX bit=1
[tick=54100] [HOST_B] TX bit=0
[tick=54100] [HOST_A] RX bit=0
[tick=54200] [HOST_B] TX bit=1
[tick=54200] [HOST_A] RX bit=1
[tick=54300] [HOST_B] TX bit=0
[tick=54300] [HOST_A] RX bit=0
[tick=54300] [HOST_A] RX complete frame=0101001000010010
[tick=54300] [HOST_A] received unknown feedback 33; retransmitting segment 5
[tick=54400] [HOST_A] TX bit=0
[tick=54400] [HOST_B] RX bit=0
[tick=54500] [HOST_A] TX bit=1
[tick=54500] [HOST_B] RX bit=1
[tick=54600] [HOST_A] TX bit=0
[tick=54600] [HOST_B] RX bit=0
[tick=54700] [HOST_A] TX bit=1
[tick=54700] [HOST_B] RX bit=1
[tick=54800] [HOST_A] TX bit=0
[tick=54800] [HOST_B] RX bit=0
[tick=54900] [HOST_A] TX bit=1
[tick=54900] [HOST_B] RX bit=1
[tick=55000] [HOST_A] TX bit=1
[tick=55000] [HOST_B] RX bit=False
[tick=55100] [HOST_A] TX bit=1
[tick=55100] [HOST_B] RX bit=1
[tick=55200] [HOST_A] TX bit=0
[tick=55200] [HOST_B] RX bit=0
[tick=55300] [HOST_A] TX bit=1
[tick=55300] [HOST_B] RX bit=1
[tick=55400] [HOST_A] TX bit=1
[tick=55400] [HOST_B] RX bit=1
[tick=55500] [HOST_A] TX bit=0
[tick=55500] [HOST_B] RX bit=0
[tick=55600] [HOST_A] TX bit=1
[tick=55600] [HOST_B] RX bit=1
[tick=55700] [HOST_A] TX bit=0
[tick=55700] [HOST_B] RX bit=0
[tick=55800] [HOST_A] TX bit=1
[tick=55800] [HOST_B] RX bit=1
[tick=55900] [HOST_A] TX bit=0
[tick=55900] [HOST_B] RX bit=0
[tick=55900] [HOST_B] RX complete frame=0101011010101010
[tick=55900] [HOST_B] rejected received frame and sends NACK for segment 5 (attempt 7, status=PE)
[tick=56000] [HOST_B] TX bit=0
[tick=56000] [HOST_A] RX bit=0
[tick=56100] [HOST_B] TX bit=1
[tick=56100] [HOST_A] RX bit=1
[tick=56200] [HOST_B] TX bit=0
[tick=56200] [HOST_A] RX bit=0
[tick=56300] [HOST_B] TX bit=1
[tick=56300] [HOST_A] RX bit=1
[tick=56400] [HOST_B] TX bit=0
[tick=56400] [HOST_A] RX bit=0
[tick=56500] [HOST_B] TX bit=1
[tick=56500] [HOST_A] RX bit=1
[tick=56600] [HOST_B] TX bit=0
[tick=56600] [HOST_A] RX bit=0
[tick=56700] [HOST_B] TX bit=0
[tick=56700] [HOST_A] RX bit=0
[tick=56800] [HOST_B] TX bit=0
[tick=56800] [HOST_A] RX bit=0
[tick=56900] [HOST_B] TX bit=0
[tick=56900] [HOST_A] RX bit=0
[tick=57000] [HOST_B] TX bit=0
[tick=57000] [HOST_A] RX bit=0
[tick=57100] [HOST_B] TX bit=0
[tick=57100] [HOST_A] RX bit=0
[tick=57200] [HOST_B] TX bit=1
[tick=57200] [HOST_A] RX bit=1
[tick=57300] [HOST_B] TX bit=0
[tick=57300] [HOST_A] RX bit=0
[tick=57400] [HOST_B] TX bit=1
[tick=57400] [HOST_A] RX bit=1
[tick=57500] [HOST_B] TX bit=0
[tick=57500] [HOST_A] RX bit=0
[tick=57500] [HOST_A] RX complete frame=0101000000101010
[tick=57500] [HOST_A] received NACK for segment 5; retransmitting
[tick=57600] [HOST_A] TX bit=0
[tick=57600] [HOST_B] RX bit=0
[tick=57700] [HOST_A] TX bit=1
[tick=57700] [HOST_B] RX bit=1
[tick=57800] [HOST_A] TX bit=0
[tick=57800] [HOST_B] RX bit=0
[tick=57900] [HOST_A] TX bit=1
[tick=57900] [HOST_B] RX bit=1
[tick=58000] [HOST_A] TX bit=0
[tick=58000] [HOST_B] RX bit=0
[tick=58100] [HOST_A] TX bit=1
[tick=58100] [HOST_B] RX bit=1
[tick=58200] [HOST_A] TX bit=1
[tick=58200] [HOST_B] RX bit=1
[tick=58300] [HOST_A] TX bit=1
[tick=58300] [HOST_B] RX bit=1
[tick=58400] [HOST_A] TX bit=0
[tick=58400] [HOST_B] RX bit=0
[tick=58500] [HOST_A] TX bit=1
[tick=58500] [HOST_B] RX bit=1
[tick=58600] [HOST_A] TX bit=1
[tick=58600] [HOST_B] RX bit=1
[tick=58700] [HOST_A] TX bit=0
[tick=58700] [HOST_B] RX bit=0
[tick=58800] [HOST_A] TX bit=1
[tick=58800] [HOST_B] RX bit=1
[tick=58900] [HOST_A] TX bit=0
[tick=58900] [HOST_B] RX bit=0
[tick=59000] [HOST_A] TX bit=1
[tick=59000] [HOST_B] RX bit=1
[tick=59100] [HOST_A] TX bit=0
[tick=59100] [HOST_B] RX bit=0
[tick=59100] [HOST_B] RX complete frame=0101011011101010
[tick=59100] [HOST_B] accepted segment 5 on attempt 8; sending ACK
[tick=59200] [HOST_B] TX bit=0
[tick=59200] [HOST_A] RX bit=0
[tick=59300] [HOST_B] TX bit=1
[tick=59300] [HOST_A] RX bit=1
[tick=59400] [HOST_B] TX bit=0
[tick=59400] [HOST_A] RX bit=0
[tick=59500] [HOST_B] TX bit=1
[tick=59500] [HOST_A] RX bit=1
[tick=59600] [HOST_B] TX bit=1
[tick=59600] [HOST_A] RX bit=1
[tick=59700] [HOST_B] TX bit=0
[tick=59700] [HOST_A] RX bit=0
[tick=59800] [HOST_B] TX bit=0
[tick=59800] [HOST_A] RX bit=True
[tick=59900] [HOST_B] TX bit=0
[tick=59900] [HOST_A] RX bit=0
[tick=60000] [HOST_B] TX bit=0
[tick=60000] [HOST_A] RX bit=0
[tick=60100] [HOST_B] TX bit=0
[tick=60100] [HOST_A] RX bit=0
[tick=60200] [HOST_B] TX bit=0
[tick=60200] [HOST_A] RX bit=0
[tick=60300] [HOST_B] TX bit=0
[tick=60300] [HOST_A] RX bit=0
[tick=60400] [HOST_B] TX bit=1
[tick=60400] [HOST_A] RX bit=1
[tick=60500] [HOST_B] TX bit=0
[tick=60500] [HOST_A] RX bit=0
[tick=60600] [HOST_B] TX bit=1
[tick=60600] [HOST_A] RX bit=1
[tick=60700] [HOST_B] TX bit=0
[tick=60700] [HOST_A] RX bit=0
[tick=60700] [HOST_A] RX complete frame=0101000001011010
[tick=60700] [HOST_A] received corrupt ACK/NACK (status=PE); retransmitting segment 5
[tick=60800] [HOST_A] TX bit=0
[tick=60800] [HOST_B] RX bit=True
[tick=60900] [HOST_A] TX bit=1
[tick=60900] [HOST_B] RX bit=1
[tick=61000] [HOST_A] TX bit=0
[tick=61000] [HOST_B] RX bit=0
[tick=61100] [HOST_A] TX bit=1
[tick=61100] [HOST_B] RX bit=1
[tick=61200] [HOST_A] TX bit=0
[tick=61200] [HOST_B] RX bit=0
[tick=61300] [HOST_A] TX bit=1
[tick=61300] [HOST_B] RX bit=1
[tick=61400] [HOST_A] TX bit=1
[tick=61400] [HOST_B] RX bit=1
[tick=61500] [HOST_A] TX bit=1
[tick=61500] [HOST_B] RX bit=1
[tick=61600] [HOST_A] TX bit=0
[tick=61600] [HOST_B] RX bit=0
[tick=61700] [HOST_A] TX bit=1
[tick=61700] [HOST_B] RX bit=1
[tick=61800] [HOST_A] TX bit=1
[tick=61800] [HOST_B] RX bit=1
[tick=61900] [HOST_A] TX bit=0
[tick=61900] [HOST_B] RX bit=0
[tick=62000] [HOST_A] TX bit=1
[tick=62000] [HOST_B] RX bit=1
[tick=62100] [HOST_A] TX bit=0
[tick=62100] [HOST_B] RX bit=0
[tick=62200] [HOST_A] TX bit=1
[tick=62200] [HOST_B] RX bit=1
[tick=62300] [HOST_A] TX bit=0
[tick=62300] [HOST_B] RX bit=0
[tick=62300] [HOST_B] RX complete frame=0101011011101011
[tick=62300] [HOST_B] rejected received frame and sends NACK for segment 5 (attempt 9, status=FE)
[tick=62400] [HOST_B] TX bit=0
[tick=62400] [HOST_A] RX bit=0
[tick=62500] [HOST_B] TX bit=1
[tick=62500] [HOST_A] RX bit=1
[tick=62600] [HOST_B] TX bit=0
[tick=62600] [HOST_A] RX bit=0
[tick=62700] [HOST_B] TX bit=1
[tick=62700] [HOST_A] RX bit=False
[tick=62800] [HOST_B] TX bit=0
[tick=62800] [HOST_A] RX bit=True
[tick=62900] [HOST_B] TX bit=1
[tick=62900] [HOST_A] RX bit=1
[tick=63000] [HOST_B] TX bit=0
[tick=63000] [HOST_A] RX bit=0
[tick=63100] [HOST_B] TX bit=0
[tick=63100] [HOST_A] RX bit=0
[tick=63200] [HOST_B] TX bit=0
[tick=63200] [HOST_A] RX bit=0
[tick=63300] [HOST_B] TX bit=0
[tick=63300] [HOST_A] RX bit=0
[tick=63400] [HOST_B] TX bit=0
[tick=63400] [HOST_A] RX bit=0
[tick=63500] [HOST_B] TX bit=0
[tick=63500] [HOST_A] RX bit=0
[tick=63600] [HOST_B] TX bit=1
[tick=63600] [HOST_A] RX bit=1
[tick=63700] [HOST_B] TX bit=0
[tick=63700] [HOST_A] RX bit=0
[tick=63800] [HOST_B] TX bit=1
[tick=63800] [HOST_A] RX bit=1
[tick=63900] [HOST_B] TX bit=0
[tick=63900] [HOST_A] RX bit=0
[tick=63900] [HOST_A] RX complete frame=0101000000110010
[tick=63900] [HOST_A] received unknown feedback 3; retransmitting segment 5
[tick=64000] [HOST_A] TX bit=0
[tick=64000] [HOST_B] RX bit=0
[tick=64100] [HOST_A] TX bit=1
[tick=64100] [HOST_B] RX bit=1
[tick=64200] [HOST_A] TX bit=0
[tick=64200] [HOST_B] RX bit=0
[tick=64300] [HOST_A] TX bit=1
[tick=64300] [HOST_B] RX bit=False
[tick=64400] [HOST_A] TX bit=0
[tick=64400] [HOST_B] RX bit=0
[tick=64500] [HOST_A] TX bit=1
[tick=64500] [HOST_B] RX bit=1
[tick=64600] [HOST_A] TX bit=1
[tick=64600] [HOST_B] RX bit=1
[tick=64700] [HOST_A] TX bit=1
[tick=64700] [HOST_B] RX bit=1
[tick=64800] [HOST_A] TX bit=0
[tick=64800] [HOST_B] RX bit=0
[tick=64900] [HOST_A] TX bit=1
[tick=64900] [HOST_B] RX bit=1
[tick=65000] [HOST_A] TX bit=1
[tick=65000] [HOST_B] RX bit=1
[tick=65100] [HOST_A] TX bit=0
[tick=65100] [HOST_B] RX bit=0
[tick=65200] [HOST_A] TX bit=1
[tick=65200] [HOST_B] RX bit=1
[tick=65300] [HOST_A] TX bit=0
[tick=65300] [HOST_B] RX bit=0
[tick=65400] [HOST_A] TX bit=1
[tick=65400] [HOST_B] RX bit=1
[tick=65500] [HOST_A] TX bit=0
[tick=65500] [HOST_B] RX bit=0
[tick=65500] [HOST_B] RX complete frame=0101011011100010
[tick=65500] [HOST_B] rejected received frame and sends NACK for segment 5 (attempt 10, status=PE)
[tick=65600] [HOST_B] TX bit=0
[tick=65600] [HOST_A] RX bit=0
[tick=65700] [HOST_B] TX bit=1
[tick=65700] [HOST_A] RX bit=1
[tick=65800] [HOST_B] TX bit=0
[tick=65800] [HOST_A] RX bit=0
[tick=65900] [HOST_B] TX bit=1
[tick=65900] [HOST_A] RX bit=1
[tick=66000] [HOST_B] TX bit=0
[tick=66000] [HOST_A] RX bit=0
[tick=66100] [HOST_B] TX bit=1
[tick=66100] [HOST_A] RX bit=1
[tick=66200] [HOST_B] TX bit=0
[tick=66200] [HOST_A] RX bit=0
[tick=66300] [HOST_B] TX bit=0
[tick=66300] [HOST_A] RX bit=0
[tick=66400] [HOST_B] TX bit=0
[tick=66400] [HOST_A] RX bit=0
[tick=66500] [HOST_B] TX bit=0
[tick=66500] [HOST_A] RX bit=0
[tick=66600] [HOST_B] TX bit=0
[tick=66600] [HOST_A] RX bit=0
[tick=66700] [HOST_B] TX bit=0
[tick=66700] [HOST_A] RX bit=True
[tick=66800] [HOST_B] TX bit=1
[tick=66800] [HOST_A] RX bit=1
[tick=66900] [HOST_B] TX bit=0
[tick=66900] [HOST_A] RX bit=0
[tick=67000] [HOST_B] TX bit=1
[tick=67000] [HOST_A] RX bit=1
[tick=67100] [HOST_B] TX bit=0
[tick=67100] [HOST_A] RX bit=0
[tick=67100] [HOST_A] RX complete frame=0101100000101010
[tick=67100] [HOST_A] received corrupt ACK/NACK (status=PE); retransmitting segment 5
[tick=67200] [HOST_A] TX bit=0
[tick=67200] [HOST_B] RX bit=0
[tick=67300] [HOST_A] TX bit=1
[tick=67300] [HOST_B] RX bit=1
[tick=67400] [HOST_A] TX bit=0
[tick=67400] [HOST_B] RX bit=0
[tick=67500] [HOST_A] TX bit=1
[tick=67500] [HOST_B] RX bit=1
[tick=67600] [HOST_A] TX bit=0
[tick=67600] [HOST_B] RX bit=0
[tick=67700] [HOST_A] TX bit=1
[tick=67700] [HOST_B] RX bit=1
[tick=67800] [HOST_A] TX bit=1
[tick=67800] [HOST_B] RX bit=False
[tick=67900] [HOST_A] TX bit=1
[tick=67900] [HOST_B] RX bit=1
[tick=68000] [HOST_A] TX bit=0
[tick=68000] [HOST_B] RX bit=0
[tick=68100] [HOST_A] TX bit=1
[tick=68100] [HOST_B] RX bit=False
[tick=68200] [HOST_A] TX bit=1
[tick=68200] [HOST_B] RX bit=1
[tick=68300] [HOST_A] TX bit=0
[tick=68300] [HOST_B] RX bit=0
[tick=68400] [HOST_A] TX bit=1
[tick=68400] [HOST_B] RX bit=1
[tick=68500] [HOST_A] TX bit=0
[tick=68500] [HOST_B] RX bit=0
[tick=68600] [HOST_A] TX bit=1
[tick=68600] [HOST_B] RX bit=1
[tick=68700] [HOST_A] TX bit=0
[tick=68700] [HOST_B] RX bit=0
[tick=68700] [HOST_B] RX complete frame=0101010010101010
[tick=68700] [HOST_B] accepted segment 5 on attempt 11; sending ACK
[tick=68800] [HOST_B] TX bit=0
[tick=68800] [HOST_A] RX bit=0
[tick=68900] [HOST_B] TX bit=1
[tick=68900] [HOST_A] RX bit=1
[tick=69000] [HOST_B] TX bit=0
[tick=69000] [HOST_A] RX bit=0
[tick=69100] [HOST_B] TX bit=1
[tick=69100] [HOST_A] RX bit=1
[tick=69200] [HOST_B] TX bit=1
[tick=69200] [HOST_A] RX bit=1
[tick=69300] [HOST_B] TX bit=0
[tick=69300] [HOST_A] RX bit=0
[tick=69400] [HOST_B] TX bit=0
[tick=69400] [HOST_A] RX bit=0
[tick=69500] [HOST_B] TX bit=0
[tick=69500] [HOST_A] RX bit=0
[tick=69600] [HOST_B] TX bit=0
[tick=69600] [HOST_A] RX bit=0
[tick=69700] [HOST_B] TX bit=0
[tick=69700] [HOST_A] RX bit=0
[tick=69800] [HOST_B] TX bit=0
[tick=69800] [HOST_A] RX bit=0
[tick=69900] [HOST_B] TX bit=0
[tick=69900] [HOST_A] RX bit=0
[tick=70000] [HOST_B] TX bit=1
[tick=70000] [HOST_A] RX bit=1
[tick=70100] [HOST_B] TX bit=0
[tick=70100] [HOST_A] RX bit=0
[tick=70200] [HOST_B] TX bit=1
[tick=70200] [HOST_A] RX bit=False
[tick=70300] [HOST_B] TX bit=0
[tick=70300] [HOST_A] RX bit=0
[tick=70300] [HOST_A] RX complete frame=0001000000011010
[tick=70300] [HOST_A] received corrupt ACK/NACK (status=FS); retransmitting segment 5
[tick=70400] [HOST_A] TX bit=0
[tick=70400] [HOST_B] RX bit=0
[tick=70500] [HOST_A] TX bit=1
[tick=70500] [HOST_B] RX bit=1
[tick=70600] [HOST_A] TX bit=0
[tick=70600] [HOST_B] RX bit=0
[tick=70700] [HOST_A] TX bit=1
[tick=70700] [HOST_B] RX bit=1
[tick=70800] [HOST_A] TX bit=0
[tick=70800] [HOST_B] RX bit=0
[tick=70900] [HOST_A] TX bit=1
[tick=70900] [HOST_B] RX bit=1
[tick=71000] [HOST_A] TX bit=1
[tick=71000] [HOST_B] RX bit=1
[tick=71100] [HOST_A] TX bit=1
[tick=71100] [HOST_B] RX bit=1
[tick=71200] [HOST_A] TX bit=0
[tick=71200] [HOST_B] RX bit=0
[tick=71300] [HOST_A] TX bit=1
[tick=71300] [HOST_B] RX bit=1
[tick=71400] [HOST_A] TX bit=1
[tick=71400] [HOST_B] RX bit=1
[tick=71500] [HOST_A] TX bit=0
[tick=71500] [HOST_B] RX bit=0
[tick=71600] [HOST_A] TX bit=1
[tick=71600] [HOST_B] RX bit=1
[tick=71700] [HOST_A] TX bit=0
[tick=71700] [HOST_B] RX bit=0
[tick=71800] [HOST_A] TX bit=1
[tick=71800] [HOST_B] RX bit=1
[tick=71900] [HOST_A] TX bit=0
[tick=71900] [HOST_B] RX bit=0
[tick=71900] [HOST_B] RX complete frame=0101011011101010
[tick=71900] [HOST_B] accepted segment 5 on attempt 12; sending ACK
[tick=72000] [HOST_B] TX bit=0
[tick=72000] [HOST_A] RX bit=0
[tick=72100] [HOST_B] TX bit=1
[tick=72100] [HOST_A] RX bit=1
[tick=72200] [HOST_B] TX bit=0
[tick=72200] [HOST_A] RX bit=0
[tick=72300] [HOST_B] TX bit=1
[tick=72300] [HOST_A] RX bit=1
[tick=72400] [HOST_B] TX bit=1
[tick=72400] [HOST_A] RX bit=1
[tick=72500] [HOST_B] TX bit=0
[tick=72500] [HOST_A] RX bit=0
[tick=72600] [HOST_B] TX bit=0
[tick=72600] [HOST_A] RX bit=0
[tick=72700] [HOST_B] TX bit=0
[tick=72700] [HOST_A] RX bit=0
[tick=72800] [HOST_B] TX bit=0
[tick=72800] [HOST_A] RX bit=0
[tick=72900] [HOST_B] TX bit=0
[tick=72900] [HOST_A] RX bit=0
[tick=73000] [HOST_B] TX bit=0
[tick=73000] [HOST_A] RX bit=0
[tick=73100] [HOST_B] TX bit=0
[tick=73100] [HOST_A] RX bit=0
[tick=73200] [HOST_B] TX bit=1
[tick=73200] [HOST_A] RX bit=1
[tick=73300] [HOST_B] TX bit=0
[tick=73300] [HOST_A] RX bit=0
[tick=73400] [HOST_B] TX bit=1
[tick=73400] [HOST_A] RX bit=1
[tick=73500] [HOST_B] TX bit=0
[tick=73500] [HOST_A] RX bit=0
[tick=73500] [HOST_A] RX complete frame=0101000000011010
[tick=73500] [HOST_A] received ACK for segment 5
[tick=73600] [HOST_A] TX bit=0
[tick=73600] [HOST_B] RX bit=0
[tick=73700] [HOST_A] TX bit=1
[tick=73700] [HOST_B] RX bit=1
[tick=73800] [HOST_A] TX bit=0
[tick=73800] [HOST_B] RX bit=0
[tick=73900] [HOST_A] TX bit=0
[tick=73900] [HOST_B] RX bit=0
[tick=74000] [HOST_A] TX bit=1
[tick=74000] [HOST_B] RX bit=1
[tick=74100] [HOST_A] TX bit=0
[tick=74100] [HOST_B] RX bit=0
[tick=74200] [HOST_A] TX bit=1
[tick=74200] [HOST_B] RX bit=1
[tick=74300] [HOST_A] TX bit=1
[tick=74300] [HOST_B] RX bit=1
[tick=74400] [HOST_A] TX bit=0
[tick=74400] [HOST_B] RX bit=0
[tick=74500] [HOST_A] TX bit=1
[tick=74500] [HOST_B] RX bit=1
[tick=74600] [HOST_A] TX bit=0
[tick=74600] [HOST_B] RX bit=0
[tick=74700] [HOST_A] TX bit=0
[tick=74700] [HOST_B] RX bit=0
[tick=74800] [HOST_A] TX bit=1
[tick=74800] [HOST_B] RX bit=1
[tick=74900] [HOST_A] TX bit=0
[tick=74900] [HOST_B] RX bit=True
[tick=75000] [HOST_A] TX bit=1
[tick=75000] [HOST_B] RX bit=1
[tick=75100] [HOST_A] TX bit=0
[tick=75100] [HOST_B] RX bit=0
[tick=75100] [HOST_B] RX complete frame=0111001011010010
[tick=75100] [HOST_B] rejected received frame and sends NACK for segment 6 (attempt 1, status=FS)
[tick=75200] [HOST_B] TX bit=0
[tick=75200] [HOST_A] RX bit=0
[tick=75300] [HOST_B] TX bit=1
[tick=75300] [HOST_A] RX bit=1
[tick=75400] [HOST_B] TX bit=0
[tick=75400] [HOST_A] RX bit=0
[tick=75500] [HOST_B] TX bit=1
[tick=75500] [HOST_A] RX bit=1
[tick=75600] [HOST_B] TX bit=0
[tick=75600] [HOST_A] RX bit=0
[tick=75700] [HOST_B] TX bit=1
[tick=75700] [HOST_A] RX bit=1
[tick=75800] [HOST_B] TX bit=0
[tick=75800] [HOST_A] RX bit=0
[tick=75900] [HOST_B] TX bit=0
[tick=75900] [HOST_A] RX bit=0
[tick=76000] [HOST_B] TX bit=0
[tick=76000] [HOST_A] RX bit=0
[tick=76100] [HOST_B] TX bit=0
[tick=76100] [HOST_A] RX bit=0
[tick=76200] [HOST_B] TX bit=0
[tick=76200] [HOST_A] RX bit=0
[tick=76300] [HOST_B] TX bit=0
[tick=76300] [HOST_A] RX bit=0
[tick=76400] [HOST_B] TX bit=1
[tick=76400] [HOST_A] RX bit=1
[tick=76500] [HOST_B] TX bit=0
[tick=76500] [HOST_A] RX bit=0
[tick=76600] [HOST_B] TX bit=1
[tick=76600] [HOST_A] RX bit=1
[tick=76700] [HOST_B] TX bit=0
[tick=76700] [HOST_A] RX bit=0
[tick=76700] [HOST_A] RX complete frame=0101000000101010
[tick=76700] [HOST_A] received NACK for segment 6; retransmitting
[tick=76800] [HOST_A] TX bit=0
[tick=76800] [HOST_B] RX bit=0
[tick=76900] [HOST_A] TX bit=1
[tick=76900] [HOST_B] RX bit=1
[tick=77000] [HOST_A] TX bit=0
[tick=77000] [HOST_B] RX bit=0
[tick=77100] [HOST_A] TX bit=0
[tick=77100] [HOST_B] RX bit=0
[tick=77200] [HOST_A] TX bit=1
[tick=77200] [HOST_B] RX bit=1
[tick=77300] [HOST_A] TX bit=0
[tick=77300] [HOST_B] RX bit=0
[tick=77400] [HOST_A] TX bit=1
[tick=77400] [HOST_B] RX bit=1
[tick=77500] [HOST_A] TX bit=1
[tick=77500] [HOST_B] RX bit=1
[tick=77600] [HOST_A] TX bit=0
[tick=77600] [HOST_B] RX bit=0
[tick=77700] [HOST_A] TX bit=1
[tick=77700] [HOST_B] RX bit=1
[tick=77800] [HOST_A] TX bit=0
[tick=77800] [HOST_B] RX bit=0
[tick=77900] [HOST_A] TX bit=0
[tick=77900] [HOST_B] RX bit=0
[tick=78000] [HOST_A] TX bit=1
[tick=78000] [HOST_B] RX bit=1
[tick=78100] [HOST_A] TX bit=0
[tick=78100] [HOST_B] RX bit=0
[tick=78200] [HOST_A] TX bit=1
[tick=78200] [HOST_B] RX bit=1
[tick=78300] [HOST_A] TX bit=0
[tick=78300] [HOST_B] RX bit=0
[tick=78300] [HOST_B] RX complete frame=0101001011010010
[tick=78300] [HOST_B] accepted segment 6 on attempt 2; sending ACK
[tick=78300] [HOST_B] last decoded frame for segment 6: '-'
[tick=78400] [HOST_B] TX bit=0
[tick=78400] [HOST_A] RX bit=0
[tick=78500] [HOST_B] TX bit=1
[tick=78500] [HOST_A] RX bit=1
[tick=78600] [HOST_B] TX bit=0
[tick=78600] [HOST_A] RX bit=0
[tick=78700] [HOST_B] TX bit=1
[tick=78700] [HOST_A] RX bit=1
[tick=78800] [HOST_B] TX bit=1
[tick=78800] [HOST_A] RX bit=1
[tick=78900] [HOST_B] TX bit=0
[tick=78900] [HOST_A] RX bit=0
[tick=79000] [HOST_B] TX bit=0
[tick=79000] [HOST_A] RX bit=0
[tick=79100] [HOST_B] TX bit=0
[tick=79100] [HOST_A] RX bit=0
[tick=79200] [HOST_B] TX bit=0
[tick=79200] [HOST_A] RX bit=0
[tick=79300] [HOST_B] TX bit=0
[tick=79300] [HOST_A] RX bit=0
[tick=79400] [HOST_B] TX bit=0
[tick=79400] [HOST_A] RX bit=0
[tick=79500] [HOST_B] TX bit=0
[tick=79500] [HOST_A] RX bit=0
[tick=79600] [HOST_B] TX bit=1
[tick=79600] [HOST_A] RX bit=1
[tick=79700] [HOST_B] TX bit=0
[tick=79700] [HOST_A] RX bit=0
[tick=79800] [HOST_B] TX bit=1
[tick=79800] [HOST_A] RX bit=1
[tick=79900] [HOST_B] TX bit=0
[tick=79900] [HOST_A] RX bit=0
[tick=79900] [HOST_A] RX complete frame=0101000000011010
[tick=79900] [HOST_A] received ACK for segment 6
[tick=80000] [HOST_A] TX bit=0
[tick=80000] [HOST_B] RX bit=0
[tick=80100] [HOST_A] TX bit=1
[tick=80100] [HOST_B] RX bit=False
[tick=80200] [HOST_A] TX bit=0
[tick=80200] [HOST_B] RX bit=True
[tick=80300] [HOST_A] TX bit=1
[tick=80300] [HOST_B] RX bit=1
[tick=80400] [HOST_A] TX bit=0
[tick=80400] [HOST_B] RX bit=0
[tick=80500] [HOST_A] TX bit=0
[tick=80500] [HOST_B] RX bit=0
[tick=80600] [HOST_A] TX bit=1
[tick=80600] [HOST_B] RX bit=1
[tick=80700] [HOST_A] TX bit=0
[tick=80700] [HOST_B] RX bit=0
[tick=80800] [HOST_A] TX bit=1
[tick=80800] [HOST_B] RX bit=1
[tick=80900] [HOST_A] TX bit=0
[tick=80900] [HOST_B] RX bit=0
[tick=81000] [HOST_A] TX bit=1
[tick=81000] [HOST_B] RX bit=1
[tick=81100] [HOST_A] TX bit=0
[tick=81100] [HOST_B] RX bit=0
[tick=81200] [HOST_A] TX bit=1
[tick=81200] [HOST_B] RX bit=1
[tick=81300] [HOST_A] TX bit=0
[tick=81300] [HOST_B] RX bit=0
[tick=81400] [HOST_A] TX bit=1
[tick=81400] [HOST_B] RX bit=1
[tick=81500] [HOST_A] TX bit=0
[tick=81500] [HOST_B] RX bit=0
[tick=81500] [HOST_B] RX complete frame=0101010101001100
[tick=81500] [HOST_B] rejected received frame and sends NACK for segment 7 (attempt 1, status=FE)
[tick=81600] [HOST_B] TX bit=0
[tick=81600] [HOST_A] RX bit=0
[tick=81700] [HOST_B] TX bit=1
[tick=81700] [HOST_A] RX bit=1
[tick=81800] [HOST_B] TX bit=0
[tick=81800] [HOST_A] RX bit=0
[tick=81900] [HOST_B] TX bit=1
[tick=81900] [HOST_A] RX bit=1
[tick=82000] [HOST_B] TX bit=0
[tick=82000] [HOST_A] RX bit=0
[tick=82100] [HOST_B] TX bit=1
[tick=82100] [HOST_A] RX bit=1
[tick=82200] [HOST_B] TX bit=0
[tick=82200] [HOST_A] RX bit=0
[tick=82300] [HOST_B] TX bit=0
[tick=82300] [HOST_A] RX bit=0
[tick=82400] [HOST_B] TX bit=0
[tick=82400] [HOST_A] RX bit=0
[tick=82500] [HOST_B] TX bit=0
[tick=82500] [HOST_A] RX bit=0
[tick=82600] [HOST_B] TX bit=0
[tick=82600] [HOST_A] RX bit=0
[tick=82700] [HOST_B] TX bit=0
[tick=82700] [HOST_A] RX bit=0
[tick=82800] [HOST_B] TX bit=1
[tick=82800] [HOST_A] RX bit=1
[tick=82900] [HOST_B] TX bit=0
[tick=82900] [HOST_A] RX bit=0
[tick=83000] [HOST_B] TX bit=1
[tick=83000] [HOST_A] RX bit=1
[tick=83100] [HOST_B] TX bit=0
[tick=83100] [HOST_A] RX bit=0
[tick=83100] [HOST_A] RX complete frame=0101000000101010
[tick=83100] [HOST_A] received NACK for segment 7; retransmitting
[tick=83200] [HOST_A] TX bit=0
[tick=83200] [HOST_B] RX bit=0
[tick=83300] [HOST_A] TX bit=1
[tick=83300] [HOST_B] RX bit=1
[tick=83400] [HOST_A] TX bit=0
[tick=83400] [HOST_B] RX bit=0
[tick=83500] [HOST_A] TX bit=1
[tick=83500] [HOST_B] RX bit=False
[tick=83600] [HOST_A] TX bit=0
[tick=83600] [HOST_B] RX bit=0
[tick=83700] [HOST_A] TX bit=0
[tick=83700] [HOST_B] RX bit=0
[tick=83800] [HOST_A] TX bit=1
[tick=83800] [HOST_B] RX bit=False
[tick=83900] [HOST_A] TX bit=0
[tick=83900] [HOST_B] RX bit=0
[tick=84000] [HOST_A] TX bit=1
[tick=84000] [HOST_B] RX bit=1
[tick=84100] [HOST_A] TX bit=0
[tick=84100] [HOST_B] RX bit=0
[tick=84200] [HOST_A] TX bit=1
[tick=84200] [HOST_B] RX bit=1
[tick=84300] [HOST_A] TX bit=0
[tick=84300] [HOST_B] RX bit=0
[tick=84400] [HOST_A] TX bit=1
[tick=84400] [HOST_B] RX bit=1
[tick=84500] [HOST_A] TX bit=0
[tick=84500] [HOST_B] RX bit=0
[tick=84600] [HOST_A] TX bit=1
[tick=84600] [HOST_B] RX bit=1
[tick=84700] [HOST_A] TX bit=0
[tick=84700] [HOST_B] RX bit=0
[tick=84700] [HOST_B] RX complete frame=0101010100000010
[tick=84700] [HOST_B] accepted segment 7 on attempt 2; sending ACK
[tick=84700] [HOST_B] last decoded frame for segment 7: 'P'
[tick=84800] [HOST_B] TX bit=0
[tick=84800] [HOST_A] RX bit=0
[tick=84900] [HOST_B] TX bit=1
[tick=84900] [HOST_A] RX bit=1
[tick=85000] [HOST_B] TX bit=0
[tick=85000] [HOST_A] RX bit=0
[tick=85100] [HOST_B] TX bit=1
[tick=85100] [HOST_A] RX bit=1
[tick=85200] [HOST_B] TX bit=1
[tick=85200] [HOST_A] RX bit=1
[tick=85300] [HOST_B] TX bit=0
[tick=85300] [HOST_A] RX bit=True
[tick=85400] [HOST_B] TX bit=0
[tick=85400] [HOST_A] RX bit=0
[tick=85500] [HOST_B] TX bit=0
[tick=85500] [HOST_A] RX bit=0
[tick=85600] [HOST_B] TX bit=0
[tick=85600] [HOST_A] RX bit=0
[tick=85700] [HOST_B] TX bit=0
[tick=85700] [HOST_A] RX bit=0
[tick=85800] [HOST_B] TX bit=0
[tick=85800] [HOST_A] RX bit=0
[tick=85900] [HOST_B] TX bit=0
[tick=85900] [HOST_A] RX bit=0
[tick=86000] [HOST_B] TX bit=1
[tick=86000] [HOST_A] RX bit=1
[tick=86100] [HOST_B] TX bit=0
[tick=86100] [HOST_A] RX bit=0
[tick=86200] [HOST_B] TX bit=1
[tick=86200] [HOST_A] RX bit=1
[tick=86300] [HOST_B] TX bit=0
[tick=86300] [HOST_A] RX bit=0
[tick=86300] [HOST_A] RX complete frame=0101000000111010
[tick=86300] [HOST_A] received corrupt ACK/NACK (status=PE); retransmitting segment 7
[tick=86400] [HOST_A] TX bit=0
[tick=86400] [HOST_B] RX bit=0
[tick=86500] [HOST_A] TX bit=1
[tick=86500] [HOST_B] RX bit=1
[tick=86600] [HOST_A] TX bit=0
[tick=86600] [HOST_B] RX bit=0
[tick=86700] [HOST_A] TX bit=1
[tick=86700] [HOST_B] RX bit=1
[tick=86800] [HOST_A] TX bit=0
[tick=86800] [HOST_B] RX bit=0
[tick=86900] [HOST_A] TX bit=0
[tick=86900] [HOST_B] RX bit=0
[tick=87000] [HOST_A] TX bit=1
[tick=87000] [HOST_B] RX bit=1
[tick=87100] [HOST_A] TX bit=0
[tick=87100] [HOST_B] RX bit=0
[tick=87200] [HOST_A] TX bit=1
[tick=87200] [HOST_B] RX bit=1
[tick=87300] [HOST_A] TX bit=0
[tick=87300] [HOST_B] RX bit=0
[tick=87400] [HOST_A] TX bit=1
[tick=87400] [HOST_B] RX bit=1
[tick=87500] [HOST_A] TX bit=0
[tick=87500] [HOST_B] RX bit=0
[tick=87600] [HOST_A] TX bit=1
[tick=87600] [HOST_B] RX bit=1
[tick=87700] [HOST_A] TX bit=0
[tick=87700] [HOST_B] RX bit=0
[tick=87800] [HOST_A] TX bit=1
[tick=87800] [HOST_B] RX bit=1
[tick=87900] [HOST_A] TX bit=0
[tick=87900] [HOST_B] RX bit=0
[tick=87900] [HOST_B] RX complete frame=0101010101001010
[tick=87900] [HOST_B] accepted segment 7 on attempt 3; sending ACK
[tick=88000] [HOST_B] TX bit=0
[tick=88000] [HOST_A] RX bit=0
[tick=88100] [HOST_B] TX bit=1
[tick=88100] [HOST_A] RX bit=1
[tick=88200] [HOST_B] TX bit=0
[tick=88200] [HOST_A] RX bit=0
[tick=88300] [HOST_B] TX bit=1
[tick=88300] [HOST_A] RX bit=1
[tick=88400] [HOST_B] TX bit=1
[tick=88400] [HOST_A] RX bit=1
[tick=88500] [HOST_B] TX bit=0
[tick=88500] [HOST_A] RX bit=0
[tick=88600] [HOST_B] TX bit=0
[tick=88600] [HOST_A] RX bit=0
[tick=88700] [HOST_B] TX bit=0
[tick=88700] [HOST_A] RX bit=0
[tick=88800] [HOST_B] TX bit=0
[tick=88800] [HOST_A] RX bit=0
[tick=88900] [HOST_B] TX bit=0
[tick=88900] [HOST_A] RX bit=0
[tick=89000] [HOST_B] TX bit=0
[tick=89000] [HOST_A] RX bit=0
[tick=89100] [HOST_B] TX bit=0
[tick=89100] [HOST_A] RX bit=0
[tick=89200] [HOST_B] TX bit=1
[tick=89200] [HOST_A] RX bit=1
[tick=89300] [HOST_B] TX bit=0
[tick=89300] [HOST_A] RX bit=0
[tick=89400] [HOST_B] TX bit=1
[tick=89400] [HOST_A] RX bit=1
[tick=89500] [HOST_B] TX bit=0
[tick=89500] [HOST_A] RX bit=0
[tick=89500] [HOST_A] RX complete frame=0101000000011010
[tick=89500] [HOST_A] received ACK for segment 7
[tick=0] [HOST_A] TX bit=0
[tick=0] [HOST_B] RX bit=True
[tick=100] [HOST_A] TX bit=1
[tick=100] [HOST_B] RX bit=1
[tick=200] [HOST_A] TX bit=0
[tick=200] [HOST_B] RX bit=0
[tick=300] [HOST_A] TX bit=0
[tick=300] [HOST_B] RX bit=True
[tick=400] [HOST_A] TX bit=1
[tick=400] [HOST_B] RX bit=1
[tick=500] [HOST_A] TX bit=0
[tick=500] [HOST_B] RX bit=0
[tick=600] [HOST_A] TX bit=0
[tick=600] [HOST_B] RX bit=0
[tick=700] [HOST_A] TX bit=0
[tick=700] [HOST_B] RX bit=0
[tick=800] [HOST_A] TX bit=0
[tick=800] [HOST_B] RX bit=0
[tick=900] [HOST_A] TX bit=0
[tick=900] [HOST_B] RX bit=0
[tick=1000] [HOST_A] TX bit=1
[tick=1000] [HOST_B] RX bit=1
[tick=1100] [HOST_A] TX bit=0
[tick=1100] [HOST_B] RX bit=0
[tick=1200] [HOST_A] TX bit=1
[tick=1200] [HOST_B] RX bit=1
[tick=1300] [HOST_A] TX bit=0
[tick=1300] [HOST_B] RX bit=0
[tick=1400] [HOST_A] TX bit=1
[tick=1400] [HOST_B] RX bit=1
[tick=1500] [HOST_A] TX bit=0
[tick=1500] [HOST_B] RX bit=0
[tick=1500] [HOST_B] RX complete frame=0101010000011011
[tick=1500] [HOST_B] rejected received frame and sends NACK for segment 1 (attempt 1, status=FE)
[tick=1600] [HOST_B] TX bit=0
[tick=1600] [HOST_A] RX bit=0
[tick=1700] [HOST_B] TX bit=1
[tick=1700] [HOST_A] RX bit=1
[tick=1800] [HOST_B] TX bit=0
[tick=1800] [HOST_A] RX bit=0
[tick=1900] [HOST_B] TX bit=1
[tick=1900] [HOST_A] RX bit=1
[tick=2000] [HOST_B] TX bit=0
[tick=2000] [HOST_A] RX bit=0
[tick=2100] [HOST_B] TX bit=1
[tick=2100] [HOST_A] RX bit=1
[tick=2200] [HOST_B] TX bit=0
[tick=2200] [HOST_A] RX bit=0
[tick=2300] [HOST_B] TX bit=0
[tick=2300] [HOST_A] RX bit=0
[tick=2400] [HOST_B] TX bit=0
[tick=2400] [HOST_A] RX bit=0
[tick=2500] [HOST_B] TX bit=0
[tick=2500] [HOST_A] RX bit=0
[tick=2600] [HOST_B] TX bit=0
[tick=2600] [HOST_A] RX bit=True
[tick=2700] [HOST_B] TX bit=0
[tick=2700] [HOST_A] RX bit=0
[tick=2800] [HOST_B] TX bit=1
[tick=2800] [HOST_A] RX bit=1
[tick=2900] [HOST_B] TX bit=0
[tick=2900] [HOST_A] RX bit=0
[tick=3000] [HOST_B] TX bit=1
[tick=3000] [HOST_A] RX bit=1
[tick=3100] [HOST_B] TX bit=0
[tick=3100] [HOST_A] RX bit=0
[tick=3100] [HOST_A] RX complete frame=0101010000101010
[tick=3100] [HOST_A] received corrupt ACK/NACK (status=PE); retransmitting segment 1
[tick=3200] [HOST_A] TX bit=0
[tick=3200] [HOST_B] RX bit=0
[tick=3300] [HOST_A] TX bit=1
[tick=3300] [HOST_B] RX bit=1
[tick=3400] [HOST_A] TX bit=0
[tick=3400] [HOST_B] RX bit=0
[tick=3500] [HOST_A] TX bit=0
[tick=3500] [HOST_B] RX bit=0
[tick=3600] [HOST_A] TX bit=1
[tick=3600] [HOST_B] RX bit=1
[tick=3700] [HOST_A] TX bit=0
[tick=3700] [HOST_B] RX bit=0
[tick=3800] [HOST_A] TX bit=0
[tick=3800] [HOST_B] RX bit=0
[tick=3900] [HOST_A] TX bit=0
[tick=3900] [HOST_B] RX bit=0
[tick=4000] [HOST_A] TX bit=0
[tick=4000] [HOST_B] RX bit=0
[tick=4100] [HOST_A] TX bit=0
[tick=4100] [HOST_B] RX bit=0
[tick=4200] [HOST_A] TX bit=1
[tick=4200] [HOST_B] RX bit=1
[tick=4300] [HOST_A] TX bit=0
[tick=4300] [HOST_B] RX bit=0
[tick=4400] [HOST_A] TX bit=1
[tick=4400] [HOST_B] RX bit=False
[tick=4500] [HOST_A] TX bit=0
[tick=4500] [HOST_B] RX bit=0
[tick=4600] [HOST_A] TX bit=1
[tick=4600] [HOST_B] RX bit=1
[tick=4700] [HOST_A] TX bit=0
[tick=4700] [HOST_B] RX bit=0
[tick=4700] [HOST_B] RX complete frame=0100010000010010
[tick=4700] [HOST_B] rejected received frame and sends NACK for segment 1 (attempt 2, status=FS)
[tick=4800] [HOST_B] TX bit=0
[tick=4800] [HOST_A] RX bit=0
[tick=4900] [HOST_B] TX bit=1
[tick=4900] [HOST_A] RX bit=1
[tick=5000] [HOST_B] TX bit=0
[tick=5000] [HOST_A] RX bit=0
[tick=5100] [HOST_B] TX bit=1
[tick=5100] [HOST_A] RX bit=1
[tick=5200] [HOST_B] TX bit=0
[tick=5200] [HOST_A] RX bit=0
[tick=5300] [HOST_B] TX bit=1
[tick=5300] [HOST_A] RX bit=1
[tick=5400] [HOST_B] TX bit=0
[tick=5400] [HOST_A] RX bit=0
[tick=5500] [HOST_B] TX bit=0
[tick=5500] [HOST_A] RX bit=0
[tick=5600] [HOST_B] TX bit=0
[tick=5600] [HOST_A] RX bit=0
[tick=5700] [HOST_B] TX bit=0
[tick=5700] [HOST_A] RX bit=0
[tick=5800] [HOST_B] TX bit=0
[tick=5800] [HOST_A] RX bit=0
[tick=5900] [HOST_B] TX bit=0
[tick=5900] [HOST_A] RX bit=0
[tick=6000] [HOST_B] TX bit=1
[tick=6000] [HOST_A] RX bit=1
[tick=6100] [HOST_B] TX bit=0
[tick=6100] [HOST_A] RX bit=0
[tick=6200] [HOST_B] TX bit=1
[tick=6200] [HOST_A] RX bit=1
[tick=6300] [HOST_B] TX bit=0
[tick=6300] [HOST_A] RX bit=0
[tick=6300] [HOST_A] RX complete frame=0101000000101010
[tick=6300] [HOST_A] received NACK for segment 1; retransmitting
[tick=6400] [HOST_A] TX bit=0
[tick=6400] [HOST_B] RX bit=0
[tick=6500] [HOST_A] TX bit=1
[tick=6500] [HOST_B] RX bit=1
[tick=6600] [HOST_A] TX bit=0
[tick=6600] [HOST_B] RX bit=0
[tick=6700] [HOST_A] TX bit=0
[tick=6700] [HOST_B] RX bit=0
[tick=6800] [HOST_A] TX bit=1
[tick=6800] [HOST_B] RX bit=1
[tick=6900] [HOST_A] TX bit=0
[tick=6900] [HOST_B] RX bit=0
[tick=7000] [HOST_A] TX bit=0
[tick=7000] [HOST_B] RX bit=0
[tick=7100] [HOST_A] TX bit=0
[tick=7100] [HOST_B] RX bit=0
[tick=7200] [HOST_A] TX bit=0
[tick=7200] [HOST_B] RX bit=True
[tick=7300] [HOST_A] TX bit=0
[tick=7300] [HOST_B] RX bit=0
[tick=7400] [HOST_A] TX bit=1
[tick=7400] [HOST_B] RX bit=1
[tick=7500] [HOST_A] TX bit=0
[tick=7500] [HOST_B] RX bit=0
[tick=7600] [HOST_A] TX bit=1
[tick=7600] [HOST_B] RX bit=1
[tick=7700] [HOST_A] TX bit=0
[tick=7700] [HOST_B] RX bit=0
[tick=7800] [HOST_A] TX bit=1
[tick=7800] [HOST_B] RX bit=1
[tick=7900] [HOST_A] TX bit=0
[tick=7900] [HOST_B] RX bit=0
[tick=7900] [HOST_B] RX complete frame=0101010100010010
[tick=7900] [HOST_B] rejected received frame and sends NACK for segment 1 (attempt 3, status=PE)
[tick=8000] [HOST_B] TX bit=0
[tick=8000] [HOST_A] RX bit=0
[tick=8100] [HOST_B] TX bit=1
[tick=8100] [HOST_A] RX bit=1
[tick=8200] [HOST_B] TX bit=0
[tick=8200] [HOST_A] RX bit=True
[tick=8300] [HOST_B] TX bit=1
[tick=8300] [HOST_A] RX bit=1
[tick=8400] [HOST_B] TX bit=0
[tick=8400] [HOST_A] RX bit=0
[tick=8500] [HOST_B] TX bit=1
[tick=8500] [HOST_A] RX bit=1
[tick=8600] [HOST_B] TX bit=0
[tick=8600] [HOST_A] RX bit=0
[tick=8700] [HOST_B] TX bit=0
[tick=8700] [HOST_A] RX bit=0
[tick=8800] [HOST_B] TX bit=0
[tick=8800] [HOST_A] RX bit=0
[tick=8900] [HOST_B] TX bit=0
[tick=8900] [HOST_A] RX bit=0
[tick=9000] [HOST_B] TX bit=0
[tick=9000] [HOST_A] RX bit=0
[tick=9100] [HOST_B] TX bit=0
[tick=9100] [HOST_A] RX bit=0
[tick=9200] [HOST_B] TX bit=1
[tick=9200] [HOST_A] RX bit=1
[tick=9300] [HOST_B] TX bit=0
[tick=9300] [HOST_A] RX bit=0
[tick=9400] [HOST_B] TX bit=1
[tick=9400] [HOST_A] RX bit=1
[tick=9500] [HOST_B] TX bit=0
[tick=9500] [HOST_A] RX bit=0
[tick=9500] [HOST_A] RX complete frame=0101000000101110
[tick=9500] [HOST_A] received corrupt ACK/NACK (status=FE); retransmitting segment 1
[tick=9600] [HOST_A] TX bit=0
[tick=9600] [HOST_B] RX bit=0
[tick=9700] [HOST_A] TX bit=1
[tick=9700] [HOST_B] RX bit=1
[tick=9800] [HOST_A] TX bit=0
[tick=9800] [HOST_B] RX bit=0
[tick=9900] [HOST_A] TX bit=0
[tick=9900] [HOST_B] RX bit=0
[tick=10000] [HOST_A] TX bit=1
[tick=10000] [HOST_B] RX bit=1
[tick=10100] [HOST_A] TX bit=0
[tick=10100] [HOST_B] RX bit=0
[tick=10200] [HOST_A] TX bit=0
[tick=10200] [HOST_B] RX bit=0
[tick=10300] [HOST_A] TX bit=0
[tick=10300] [HOST_B] RX bit=0
[tick=10400] [HOST_A] TX bit=0
[tick=10400] [HOST_B] RX bit=0
[tick=10500] [HOST_A] TX bit=0
[tick=10500] [HOST_B] RX bit=0
[tick=10600] [HOST_A] TX bit=1
[tick=10600] [HOST_B] RX bit=1
[tick=10700] [HOST_A] TX bit=0
[tick=10700] [HOST_B] RX bit=0
[tick=10800] [HOST_A] TX bit=1
[tick=10800] [HOST_B] RX bit=1
[tick=10900] [HOST_A] TX bit=0
[tick=10900] [HOST_B] RX bit=0
[tick=11000] [HOST_A] TX bit=1
[tick=11000] [HOST_B] RX bit=1
[tick=11100] [HOST_A] TX bit=0
[tick=11100] [HOST_B] RX bit=0
[tick=11100] [HOST_B] RX complete frame=0101010000010010
[tick=11100] [HOST_B] accepted segment 1 on attempt 4; sending ACK
[tick=11100] [HOST_B] last decoded frame for segment 1: 'A'
[tick=11200] [HOST_B] TX bit=0
[tick=11200] [HOST_A] RX bit=0
[tick=11300] [HOST_B] TX bit=1
[tick=11300] [HOST_A] RX bit=1
[tick=11400] [HOST_B] TX bit=0
[tick=11400] [HOST_A] RX bit=0
[tick=11500] [HOST_B] TX bit=1
[tick=11500] [HOST_A] RX bit=1
[tick=11600] [HOST_B] TX bit=1
[tick=11600] [HOST_A] RX bit=1
[tick=11700] [HOST_B] TX bit=0
[tick=11700] [HOST_A] RX bit=0
[tick=11800] [HOST_B] TX bit=0
[tick=11800] [HOST_A] RX bit=0
[tick=11900] [HOST_B] TX bit=0
[tick=11900] [HOST_A] RX bit=0
[tick=12000] [HOST_B] TX bit=0
[tick=12000] [HOST_A] RX bit=0
[tick=12100] [HOST_B] TX bit=0
[tick=12100] [HOST_A] RX bit=0
[tick=12200] [HOST_B] TX bit=0
[tick=12200] [HOST_A] RX bit=0
[tick=12300] [HOST_B] TX bit=0
[tick=12300] [HOST_A] RX bit=0
[tick=12400] [HOST_B] TX bit=1
[tick=12400] [HOST_A] RX bit=1
[tick=12500] [HOST_B] TX bit=0
[tick=12500] [HOST_A] RX bit=0
[tick=12600] [HOST_B] TX bit=1
[tick=12600] [HOST_A] RX bit=1
[tick=12700] [HOST_B] TX bit=0
[tick=12700] [HOST_A] RX bit=0
[tick=12700] [HOST_A] RX complete frame=0101000000011010
[tick=12700] [HOST_A] received ACK for segment 1
[tick=12800] [HOST_A] TX bit=0
[tick=12800] [HOST_B] RX bit=0
[tick=12900] [HOST_A] TX bit=1
[tick=12900] [HOST_B] RX bit=1
[tick=13000] [HOST_A] TX bit=0
[tick=13000] [HOST_B] RX bit=0
[tick=13100] [HOST_A] TX bit=1
[tick=13100] [HOST_B] RX bit=1
[tick=13200] [HOST_A] TX bit=0
[tick=13200] [HOST_B] RX bit=0
[tick=13300] [HOST_A] TX bit=1
[tick=13300] [HOST_B] RX bit=1
[tick=13400] [HOST_A] TX bit=1
[tick=13400] [HOST_B] RX bit=1
[tick=13500] [HOST_A] TX bit=1
[tick=13500] [HOST_B] RX bit=1
[tick=13600] [HOST_A] TX bit=0
[tick=13600] [HOST_B] RX bit=0
[tick=13700] [HOST_A] TX bit=1
[tick=13700] [HOST_B] RX bit=1
[tick=13800] [HOST_A] TX bit=1
[tick=13800] [HOST_B] RX bit=1
[tick=13900] [HOST_A] TX bit=0
[tick=13900] [HOST_B] RX bit=0
[tick=14000] [HOST_A] TX bit=1
[tick=14000] [HOST_B] RX bit=1
[tick=14100] [HOST_A] TX bit=0
[tick=14100] [HOST_B] RX bit=0
[tick=14200] [HOST_A] TX bit=1
[tick=14200] [HOST_B] RX bit=1
[tick=14300] [HOST_A] TX bit=0
[tick=14300] [HOST_B] RX bit=0
[tick=14300] [HOST_B] RX complete frame=0101011011101010
[tick=14300] [HOST_B] accepted segment 2 on attempt 1; sending ACK
[tick=14300] [HOST_B] last decoded frame for segment 2: 'n'
[tick=14400] [HOST_B] TX bit=0
[tick=14400] [HOST_A] RX bit=0
[tick=14500] [HOST_B] TX bit=1
[tick=14500] [HOST_A] RX bit=1
[tick=14600] [HOST_B] TX bit=0
[tick=14600] [HOST_A] RX bit=0
[tick=14700] [HOST_B] TX bit=1
[tick=14700] [HOST_A] RX bit=1
[tick=14800] [HOST_B] TX bit=1
[tick=14800] [HOST_A] RX bit=1
[tick=14900] [HOST_B] TX bit=0
[tick=14900] [HOST_A] RX bit=0
[tick=15000] [HOST_B] TX bit=0
[tick=15000] [HOST_A] RX bit=True
[tick=15100] [HOST_B] TX bit=0
[tick=15100] [HOST_A] RX bit=0
[tick=15200] [HOST_B] TX bit=0
[tick=15200] [HOST_A] RX bit=0
[tick=15300] [HOST_B] TX bit=0
[tick=15300] [HOST_A] RX bit=0
[tick=15400] [HOST_B] TX bit=0
[tick=15400] [HOST_A] RX bit=0
[tick=15500] [HOST_B] TX bit=0
[tick=15500] [HOST_A] RX bit=0
[tick=15600] [HOST_B] TX bit=1
[tick=15600] [HOST_A] RX bit=1
[tick=15700] [HOST_B] TX bit=0
[tick=15700] [HOST_A] RX bit=0
[tick=15800] [HOST_B] TX bit=1
[tick=15800] [HOST_A] RX bit=1
[tick=15900] [HOST_B] TX bit=0
[tick=15900] [HOST_A] RX bit=0
[tick=15900] [HOST_A] RX complete frame=0101000001011010
[tick=15900] [HOST_A] received corrupt ACK/NACK (status=PE); retransmitting segment 2
[tick=16000] [HOST_A] TX bit=0
[tick=16000] [HOST_B] RX bit=0
[tick=16100] [HOST_A] TX bit=1
[tick=16100] [HOST_B] RX bit=False
[tick=16200] [HOST_A] TX bit=0
[tick=16200] [HOST_B] RX bit=0
[tick=16300] [HOST_A] TX bit=1
[tick=16300] [HOST_B] RX bit=1
[tick=16400] [HOST_A] TX bit=0
[tick=16400] [HOST_B] RX bit=0
[tick=16500] [HOST_A] TX bit=1
[tick=16500] [HOST_B] RX bit=1
[tick=16600] [HOST_A] TX bit=1
[tick=16600] [HOST_B] RX bit=1
[tick=16700] [HOST_A] TX bit=1
[tick=16700] [HOST_B] RX bit=1
[tick=16800] [HOST_A] TX bit=0
[tick=16800] [HOST_B] RX bit=0
[tick=16900] [HOST_A] TX bit=1
[tick=16900] [HOST_B] RX bit=1
[tick=17000] [HOST_A] TX bit=1
[tick=17000] [HOST_B] RX bit=1
[tick=17100] [HOST_A] TX bit=0
[tick=17100] [HOST_B] RX bit=0
[tick=17200] [HOST_A] TX bit=1
[tick=17200] [HOST_B] RX bit=1
[tick=17300] [HOST_A] TX bit=0
[tick=17300] [HOST_B] RX bit=0
[tick=17400] [HOST_A] TX bit=1
[tick=17400] [HOST_B] RX bit=1
[tick=17500] [HOST_A] TX bit=0
[tick=17500] [HOST_B] RX bit=0
[tick=17500] [HOST_B] RX complete frame=0101011011101000
[tick=17500] [HOST_B] rejected received frame and sends NACK for segment 2 (attempt 2, status=FE)
[tick=17600] [HOST_B] TX bit=0
[tick=17600] [HOST_A] RX bit=0
[tick=17700] [HOST_B] TX bit=1
[tick=17700] [HOST_A] RX bit=1
[tick=17800] [HOST_B] TX bit=0
[tick=17800] [HOST_A] RX bit=0
[tick=17900] [HOST_B] TX bit=1
[tick=17900] [HOST_A] RX bit=1
[tick=18000] [HOST_B] TX bit=0
[tick=18000] [HOST_A] RX bit=0
[tick=18100] [HOST_B] TX bit=1
[tick=18100] [HOST_A] RX bit=1
[tick=18200] [HOST_B] TX bit=0
[tick=18200] [HOST_A] RX bit=0
[tick=18300] [HOST_B] TX bit=0
[tick=18300] [HOST_A] RX bit=0
[tick=18400] [HOST_B] TX bit=0
[tick=18400] [HOST_A] RX bit=0
[tick=18500] [HOST_B] TX bit=0
[tick=18500] [HOST_A] RX bit=0
[tick=18600] [HOST_B] TX bit=0
[tick=18600] [HOST_A] RX bit=0
[tick=18700] [HOST_B] TX bit=0
[tick=18700] [HOST_A] RX bit=0
[tick=18800] [HOST_B] TX bit=1
[tick=18800] [HOST_A] RX bit=1
[tick=18900] [HOST_B] TX bit=0
[tick=18900] [HOST_A] RX bit=0
[tick=19000] [HOST_B] TX bit=1
[tick=19000] [HOST_A] RX bit=1
[tick=19100] [HOST_B] TX bit=0
[tick=19100] [HOST_A] RX bit=0
[tick=19100] [HOST_A] RX complete frame=0101000000101010
[tick=19100] [HOST_A] received NACK for segment 2; retransmitting
[tick=19200] [HOST_A] TX bit=0
[tick=19200] [HOST_B] RX bit=0
[tick=19300] [HOST_A] TX bit=1
[tick=19300] [HOST_B] RX bit=1
[tick=19400] [HOST_A] TX bit=0
[tick=19400] [HOST_B] RX bit=0
[tick=19500] [HOST_A] TX bit=1
[tick=19500] [HOST_B] RX bit=1
[tick=19600] [HOST_A] TX bit=0
[tick=19600] [HOST_B] RX bit=0
[tick=19700] [HOST_A] TX bit=1
[tick=19700] [HOST_B] RX bit=1
[tick=19800] [HOST_A] TX bit=1
[tick=19800] [HOST_B] RX bit=1
[tick=19900] [HOST_A] TX bit=1
[tick=19900] [HOST_B] RX bit=1
[tick=20000] [HOST_A] TX bit=0
[tick=20000] [HOST_B] RX bit=0
[tick=20100] [HOST_A] TX bit=1
[tick=20100] [HOST_B] RX bit=False
[tick=20200] [HOST_A] TX bit=1
[tick=20200] [HOST_B] RX bit=1
[tick=20300] [HOST_A] TX bit=0
[tick=20300] [HOST_B] RX bit=0
[tick=20400] [HOST_A] TX bit=1
[tick=20400] [HOST_B] RX bit=1
[tick=20500] [HOST_A] TX bit=0
[tick=20500] [HOST_B] RX bit=0
[tick=20600] [HOST_A] TX bit=1
[tick=20600] [HOST_B] RX bit=1
[tick=20700] [HOST_A] TX bit=0
[tick=20700] [HOST_B] RX bit=0
[tick=20700] [HOST_B] RX complete frame=0101010011101010
[tick=20700] [HOST_B] rejected received frame and sends NACK for segment 2 (attempt 3, status=PE)
[tick=20800] [HOST_B] TX bit=0
[tick=20800] [HOST_A] RX bit=0
[tick=20900] [HOST_B] TX bit=1
[tick=20900] [HOST_A] RX bit=1
[tick=21000] [HOST_B] TX bit=0
[tick=21000] [HOST_A] RX bit=0
[tick=21100] [HOST_B] TX bit=1
[tick=21100] [HOST_A] RX bit=1
[tick=21200] [HOST_B] TX bit=0
[tick=21200] [HOST_A] RX bit=0
[tick=21300] [HOST_B] TX bit=1
[tick=21300] [HOST_A] RX bit=1
[tick=21400] [HOST_B] TX bit=0
[tick=21400] [HOST_A] RX bit=True
[tick=21500] [HOST_B] TX bit=0
[tick=21500] [HOST_A] RX bit=0
[tick=21600] [HOST_B] TX bit=0
[tick=21600] [HOST_A] RX bit=True
[tick=21700] [HOST_B] TX bit=0
[tick=21700] [HOST_A] RX bit=0
[tick=21800] [HOST_B] TX bit=0
[tick=21800] [HOST_A] RX bit=0
[tick=21900] [HOST_B] TX bit=0
[tick=21900] [HOST_A] RX bit=0
[tick=22000] [HOST_B] TX bit=1
[tick=22000] [HOST_A] RX bit=1
[tick=22100] [HOST_B] TX bit=0
[tick=22100] [HOST_A] RX bit=0
[tick=22200] [HOST_B] TX bit=1
[tick=22200] [HOST_A] RX bit=1
[tick=22300] [HOST_B] TX bit=0
[tick=22300] [HOST_A] RX bit=0
[tick=22300] [HOST_A] RX complete frame=0101000101101010
[tick=22300] [HOST_A] received unknown feedback 22; retransmitting segment 2
[tick=22400] [HOST_A] TX bit=0
[tick=22400] [HOST_B] RX bit=0
[tick=22500] [HOST_A] TX bit=1
[tick=22500] [HOST_B] RX bit=1
[tick=22600] [HOST_A] TX bit=0
[tick=22600] [HOST_B] RX bit=0
[tick=22700] [HOST_A] TX bit=1
[tick=22700] [HOST_B] RX bit=1
[tick=22800] [HOST_A] TX bit=0
[tick=22800] [HOST_B] RX bit=True
[tick=22900] [HOST_A] TX bit=1
[tick=22900] [HOST_B] RX bit=1
[tick=23000] [HOST_A] TX bit=1
[tick=23000] [HOST_B] RX bit=1
[tick=23100] [HOST_A] TX bit=1
[tick=23100] [HOST_B] RX bit=1
[tick=23200] [HOST_A] TX bit=0
[tick=23200] [HOST_B] RX bit=0
[tick=23300] [HOST_A] TX bit=1
[tick=23300] [HOST_B] RX bit=1
[tick=23400] [HOST_A] TX bit=1
[tick=23400] [HOST_B] RX bit=1
[tick=23500] [HOST_A] TX bit=0
[tick=23500] [HOST_B] RX bit=True
[tick=23600] [HOST_A] TX bit=1
[tick=23600] [HOST_B] RX bit=1
[tick=23700] [HOST_A] TX bit=0
[tick=23700] [HOST_B] RX bit=0
[tick=23800] [HOST_A] TX bit=1
[tick=23800] [HOST_B] RX bit=1
[tick=23900] [HOST_A] TX bit=0
[tick=23900] [HOST_B] RX bit=0
[tick=23900] [HOST_B] RX complete frame=0101111011111010
[tick=23900] [HOST_B] rejected received frame and sends NACK for segment 2 (attempt 4, status=PE)
[tick=24000] [HOST_B] TX bit=0
[tick=24000] [HOST_A] RX bit=0
[tick=24100] [HOST_B] TX bit=1
[tick=24100] [HOST_A] RX bit=1
[tick=24200] [HOST_B] TX bit=0
[tick=24200] [HOST_A] RX bit=0
[tick=24300] [HOST_B] TX bit=1
[tick=24300] [HOST_A] RX bit=1
[tick=24400] [HOST_B] TX bit=0
[tick=24400] [HOST_A] RX bit=0
[tick=24500] [HOST_B] TX bit=1
[tick=24500] [HOST_A] RX bit=1
[tick=24600] [HOST_B] TX bit=0
[tick=24600] [HOST_A] RX bit=0
[tick=24700] [HOST_B] TX bit=0
[tick=24700] [HOST_A] RX bit=0
[tick=24800] [HOST_B] TX bit=0
[tick=24800] [HOST_A] RX bit=0
[tick=24900] [HOST_B] TX bit=0
[tick=24900] [HOST_A] RX bit=0
[tick=25000] [HOST_B] TX bit=0
[tick=25000] [HOST_A] RX bit=0
[tick=25100] [HOST_B] TX bit=0
[tick=25100] [HOST_A] RX bit=0
[tick=25200] [HOST_B] TX bit=1
[tick=25200] [HOST_A] RX bit=1
[tick=25300] [HOST_B] TX bit=0
[tick=25300] [HOST_A] RX bit=True
[tick=25400] [HOST_B] TX bit=1
[tick=25400] [HOST_A] RX bit=1
[tick=25500] [HOST_B] TX bit=0
[tick=25500] [HOST_A] RX bit=0
[tick=25500] [HOST_A] RX complete frame=0111000000101010
[tick=25500] [HOST_A] received corrupt ACK/NACK (status=FS); retransmitting segment 2
[tick=25600] [HOST_A] TX bit=0
[tick=25600] [HOST_B] RX bit=0
[tick=25700] [HOST_A] TX bit=1
[tick=25700] [HOST_B] RX bit=1
[tick=25800] [HOST_A] TX bit=0
[tick=25800] [HOST_B] RX bit=0
[tick=25900] [HOST_A] TX bit=1
[tick=25900] [HOST_B] RX bit=1
[tick=26000] [HOST_A] TX bit=0
[tick=26000] [HOST_B] RX bit=0
[tick=26100] [HOST_A] TX bit=1
[tick=26100] [HOST_B] RX bit=1
[tick=26200] [HOST_A] TX bit=1
[tick=26200] [HOST_B] RX bit=1
[tick=26300] [HOST_A] TX bit=1
[tick=26300] [HOST_B] RX bit=1
[tick=26400] [HOST_A] TX bit=0
[tick=26400] [HOST_B] RX bit=0
[tick=26500] [HOST_A] TX bit=1
[tick=26500] [HOST_B] RX bit=1
[tick=26600] [HOST_A] TX bit=1
[tick=26600] [HOST_B] RX bit=1
[tick=26700] [HOST_A] TX bit=0
[tick=26700] [HOST_B] RX bit=0
[tick=26800] [HOST_A] TX bit=1
[tick=26800] [HOST_B] RX bit=1
[tick=26900] [HOST_A] TX bit=0
[tick=26900] [HOST_B] RX bit=0
[tick=27000] [HOST_A] TX bit=1
[tick=27000] [HOST_B] RX bit=1
[tick=27100] [HOST_A] TX bit=0
[tick=27100] [HOST_B] RX bit=0
[tick=27100] [HOST_B] RX complete frame=0101011011101010
[tick=27100] [HOST_B] accepted segment 2 on attempt 5; sending ACK
[tick=27200] [HOST_B] TX bit=0
[tick=27200] [HOST_A] RX bit=0
[tick=27300] [HOST_B] TX bit=1
[tick=27300] [HOST_A] RX bit=1
[tick=27400] [HOST_B] TX bit=0
[tick=27400] [HOST_A] RX bit=0
[tick=27500] [HOST_B] TX bit=1
[tick=27500] [HOST_A] RX bit=False
[tick=27600] [HOST_B] TX bit=1
[tick=27600] [HOST_A] RX bit=1
[tick=27700] [HOST_B] TX bit=0
[tick=27700] [HOST_A] RX bit=0
[tick=27800] [HOST_B] TX bit=0
[tick=27800] [HOST_A] RX bit=0
[tick=27900] [HOST_B] TX bit=0
[tick=27900] [HOST_A] RX bit=0
[tick=28000] [HOST_B] TX bit=0
[tick=28000] [HOST_A] RX bit=0
[tick=28100] [HOST_B] TX bit=0
[tick=28100] [HOST_A] RX bit=0
[tick=28200] [HOST_B] TX bit=0
[tick=28200] [HOST_A] RX bit=0
[tick=28300] [HOST_B] TX bit=0
[tick=28300] [HOST_A] RX bit=0
[tick=28400] [HOST_B] TX bit=1
[tick=28400] [HOST_A] RX bit=1
[tick=28500] [HOST_B] TX bit=0
[tick=28500] [HOST_A] RX bit=0
[tick=28600] [HOST_B] TX bit=1
[tick=28600] [HOST_A] RX bit=1
[tick=28700] [HOST_B] TX bit=0
[tick=28700] [HOST_A] RX bit=0
[tick=28700] [HOST_A] RX complete frame=0101000000010010
[tick=28700] [HOST_A] received corrupt ACK/NACK (status=PE); retransmitting segment 2
[tick=28800] [HOST_A] TX bit=0
[tick=28800] [HOST_B] RX bit=0
[tick=28900] [HOST_A] TX bit=1
[tick=28900] [HOST_B] RX bit=1
[tick=29000] [HOST_A] TX bit=0
[tick=29000] [HOST_B] RX bit=0
[tick=29100] [HOST_A] TX bit=1
[tick=29100] [HOST_B] RX bit=1
[tick=29200] [HOST_A] TX bit=0
[tick=29200] [HOST_B] RX bit=0
[tick=29300] [HOST_A] TX bit=1
[tick=29300] [HOST_B] RX bit=1
[tick=29400] [HOST_A] TX bit=1
[tick=29400] [HOST_B] RX bit=1
[tick=29500] [HOST_A] TX bit=1
[tick=29500] [HOST_B] RX bit=1
[tick=29600] [HOST_A] TX bit=0
[tick=29600] [HOST_B] RX bit=0
[tick=29700] [HOST_A] TX bit=1
[tick=29700] [HOST_B] RX bit=1
[tick=29800] [HOST_A] TX bit=1
[tick=29800] [HOST_B] RX bit=1
[tick=29900] [HOST_A] TX bit=0
[tick=29900] [HOST_B] RX bit=0
[tick=30000] [HOST_A] TX bit=1
[tick=30000] [HOST_B] RX bit=1
[tick=30100] [HOST_A] TX bit=0
[tick=30100] [HOST_B] RX bit=0
[tick=30200] [HOST_A] TX bit=1
[tick=30200] [HOST_B] RX bit=1
[tick=30300] [HOST_A] TX bit=0
[tick=30300] [HOST_B] RX bit=0
[tick=30300] [HOST_B] RX complete frame=0101011011101010
[tick=30300] [HOST_B] accepted segment 2 on attempt 6; sending ACK
[tick=30400] [HOST_B] TX bit=0
[tick=30400] [HOST_A] RX bit=0
[tick=30500] [HOST_B] TX bit=1
[tick=30500] [HOST_A] RX bit=1
[tick=30600] [HOST_B] TX bit=0
[tick=30600] [HOST_A] RX bit=0
[tick=30700] [HOST_B] TX bit=1
[tick=30700] [HOST_A] RX bit=1
[tick=30800] [HOST_B] TX bit=1
[tick=30800] [HOST_A] RX bit=1
[tick=30900] [HOST_B] TX bit=0
[tick=30900] [HOST_A] RX bit=0
[tick=31000] [HOST_B] TX bit=0
[tick=31000] [HOST_A] RX bit=0
[tick=31100] [HOST_B] TX bit=0
[tick=31100] [HOST_A] RX bit=0
[tick=31200] [HOST_B] TX bit=0
[tick=31200] [HOST_A] RX bit=0
[tick=31300] [HOST_B] TX bit=0
[tick=31300] [HOST_A] RX bit=True
[tick=31400] [HOST_B] TX bit=0
[tick=31400] [HOST_A] RX bit=0
[tick=31500] [HOST_B] TX bit=0
[tick=31500] [HOST_A] RX bit=0
[tick=31600] [HOST_B] TX bit=1
[tick=31600] [HOST_A] RX bit=1
[tick=31700] [HOST_B] TX bit=0
[tick=31700] [HOST_A] RX bit=0
[tick=31800] [HOST_B] TX bit=1
[tick=31800] [HOST_A] RX bit=1
[tick=31900] [HOST_B] TX bit=0
[tick=31900] [HOST_A] RX bit=0
[tick=31900] [HOST_A] RX complete frame=0101001000011010
[tick=31900] [HOST_A] received corrupt ACK/NACK (status=PE); retransmitting segment 2
[tick=32000] [HOST_A] TX bit=0
[tick=32000] [HOST_B] RX bit=True
[tick=32100] [HOST_A] TX bit=1
[tick=32100] [HOST_B] RX bit=1
[tick=32200] [HOST_A] TX bit=0
[tick=32200] [HOST_B] RX bit=0
[tick=32300] [HOST_A] TX bit=1
[tick=32300] [HOST_B] RX bit=1
[tick=32400] [HOST_A] TX bit=0
[tick=32400] [HOST_B] RX bit=0
[tick=32500] [HOST_A] TX bit=1
[tick=32500] [HOST_B] RX bit=1
[tick=32600] [HOST_A] TX bit=1
[tick=32600] [HOST_B] RX bit=1
[tick=32700] [HOST_A] TX bit=1
[tick=32700] [HOST_B] RX bit=1
[tick=32800] [HOST_A] TX bit=0
[tick=32800] [HOST_B] RX bit=0
[tick=32900] [HOST_A] TX bit=1
[tick=32900] [HOST_B] RX bit=1
[tick=33000] [HOST_A] TX bit=1
[tick=33000] [HOST_B] RX bit=1
[tick=33100] [HOST_A] TX bit=0
[tick=33100] [HOST_B] RX bit=0
[tick=33200] [HOST_A] TX bit=1
[tick=33200] [HOST_B] RX bit=1
[tick=33300] [HOST_A] TX bit=0
[tick=33300] [HOST_B] RX bit=0
[tick=33400] [HOST_A] TX bit=1
[tick=33400] [HOST_B] RX bit=1
[tick=33500] [HOST_A] TX bit=0
[tick=33500] [HOST_B] RX bit=0
[tick=33500] [HOST_B] RX complete frame=0101011011101011
[tick=33500] [HOST_B] rejected received frame and sends NACK for segment 2 (attempt 7, status=FE)
[tick=33600] [HOST_B] TX bit=0
[tick=33600] [HOST_A] RX bit=0
[tick=33700] [HOST_B] TX bit=1
[tick=33700] [HOST_A] RX bit=1
[tick=33800] [HOST_B] TX bit=0
[tick=33800] [HOST_A] RX bit=0
[tick=33900] [HOST_B] TX bit=1
[tick=33900] [HOST_A] RX bit=1
[tick=34000] [HOST_B] TX bit=0
[tick=34000] [HOST_A] RX bit=0
[tick=34100] [HOST_B] TX bit=1
[tick=34100] [HOST_A] RX bit=1
[tick=34200] [HOST_B] TX bit=0
[tick=34200] [HOST_A] RX bit=0
[tick=34300] [HOST_B] TX bit=0
[tick=34300] [HOST_A] RX bit=0
[tick=34400] [HOST_B] TX bit=0
[tick=34400] [HOST_A] RX bit=0
[tick=34500] [HOST_B] TX bit=0
[tick=34500] [HOST_A] RX bit=0
[tick=34600] [HOST_B] TX bit=0
[tick=34600] [HOST_A] RX bit=0
[tick=34700] [HOST_B] TX bit=0
[tick=34700] [HOST_A] RX bit=True
[tick=34800] [HOST_B] TX bit=1
[tick=34800] [HOST_A] RX bit=1
[tick=34900] [HOST_B] TX bit=0
[tick=34900] [HOST_A] RX bit=0
[tick=35000] [HOST_B] TX bit=1
[tick=35000] [HOST_A] RX bit=1
[tick=35100] [HOST_B] TX bit=0
[tick=35100] [HOST_A] RX bit=0
[tick=35100] [HOST_A] RX complete frame=0101100000101010
[tick=35100] [HOST_A] received corrupt ACK/NACK (status=PE); retransmitting segment 2
[tick=35200] [HOST_A] TX bit=0
[tick=35200] [HOST_B] RX bit=0
[tick=35300] [HOST_A] TX bit=1
[tick=35300] [HOST_B] RX bit=False
[tick=35400] [HOST_A] TX bit=0
[tick=35400] [HOST_B] RX bit=0
[tick=35500] [HOST_A] TX bit=1
[tick=35500] [HOST_B] RX bit=1
[tick=35600] [HOST_A] TX bit=0
[tick=35600] [HOST_B] RX bit=0
[tick=35700] [HOST_A] TX bit=1
[tick=35700] [HOST_B] RX bit=1
[tick=35800] [HOST_A] TX bit=1
[tick=35800] [HOST_B] RX bit=1
[tick=35900] [HOST_A] TX bit=1
[tick=35900] [HOST_B] RX bit=1
[tick=36000] [HOST_A] TX bit=0
[tick=36000] [HOST_B] RX bit=0
[tick=36100] [HOST_A] TX bit=1
[tick=36100] [HOST_B] RX bit=1
[tick=36200] [HOST_A] TX bit=1
[tick=36200] [HOST_B] RX bit=1
[tick=36300] [HOST_A] TX bit=0
[tick=36300] [HOST_B] RX bit=0
[tick=36400] [HOST_A] TX bit=1
[tick=36400] [HOST_B] RX bit=1
[tick=36500] [HOST_A] TX bit=0
[tick=36500] [HOST_B] RX bit=0
[tick=36600] [HOST_A] TX bit=1
[tick=36600] [HOST_B] RX bit=1
[tick=36700] [HOST_A] TX bit=0
[tick=36700] [HOST_B] RX bit=0
[tick=36700] [HOST_B] RX complete frame=0101011011101000
[tick=36700] [HOST_B] rejected received frame and sends NACK for segment 2 (attempt 8, status=FE)
[tick=36800] [HOST_B] TX bit=0
[tick=36800] [HOST_A] RX bit=0
[tick=36900] [HOST_B] TX bit=1
[tick=36900] [HOST_A] RX bit=1
[tick=37000] [HOST_B] TX bit=0
[tick=37000] [HOST_A] RX bit=0
[tick=37100] [HOST_B] TX bit=1
[tick=37100] [HOST_A] RX bit=1
[tick=37200] [HOST_B] TX bit=0
[tick=37200] [HOST_A] RX bit=True
[tick=37300] [HOST_B] TX bit=1
[tick=37300] [HOST_A] RX bit=1
[tick=37400] [HOST_B] TX bit=0
[tick=37400] [HOST_A] RX bit=0
[tick=37500] [HOST_B] TX bit=0
[tick=37500] [HOST_A] RX bit=0
[tick=37600] [HOST_B] TX bit=0
[tick=37600] [HOST_A] RX bit=0
[tick=37700] [HOST_B] TX bit=0
[tick=37700] [HOST_A] RX bit=0
[tick=37800] [HOST_B] TX bit=0
[tick=37800] [HOST_A] RX bit=0
[tick=37900] [HOST_B] TX bit=0
[tick=37900] [HOST_A] RX bit=0
[tick=38000] [HOST_B] TX bit=1
[tick=38000] [HOST_A] RX bit=1
[tick=38100] [HOST_B] TX bit=0
[tick=38100] [HOST_A] RX bit=0
[tick=38200] [HOST_B] TX bit=1
[tick=38200] [HOST_A] RX bit=1
[tick=38300] [HOST_B] TX bit=0
[tick=38300] [HOST_A] RX bit=0
[tick=38300] [HOST_A] RX complete frame=0101000000111010
[tick=38300] [HOST_A] received corrupt ACK/NACK (status=PE); retransmitting segment 2
[tick=38400] [HOST_A] TX bit=0
[tick=38400] [HOST_B] RX bit=0
[tick=38500] [HOST_A] TX bit=1
[tick=38500] [HOST_B] RX bit=1
[tick=38600] [HOST_A] TX bit=0
[tick=38600] [HOST_B] RX bit=0
[tick=38700] [HOST_A] TX bit=1
[tick=38700] [HOST_B] RX bit=1
[tick=38800] [HOST_A] TX bit=0
[tick=38800] [HOST_B] RX bit=0
[tick=38900] [HOST_A] TX bit=1
[tick=38900] [HOST_B] RX bit=1
[tick=39000] [HOST_A] TX bit=1
[tick=39000] [HOST_B] RX bit=1
[tick=39100] [HOST_A] TX bit=1
[tick=39100] [HOST_B] RX bit=1
[tick=39200] [HOST_A] TX bit=0
[tick=39200] [HOST_B] RX bit=0
[tick=39300] [HOST_A] TX bit=1
[tick=39300] [HOST_B] RX bit=1
[tick=39400] [HOST_A] TX bit=1
[tick=39400] [HOST_B] RX bit=1
[tick=39500] [HOST_A] TX bit=0
[tick=39500] [HOST_B] RX bit=0
[tick=39600] [HOST_A] TX bit=1
[tick=39600] [HOST_B] RX bit=False
[tick=39700] [HOST_A] TX bit=0
[tick=39700] [HOST_B] RX bit=0
[tick=39800] [HOST_A] TX bit=1
[tick=39800] [HOST_B] RX bit=1
[tick=39900] [HOST_A] TX bit=0
[tick=39900] [HOST_B] RX bit=0
[tick=39900] [HOST_B] RX complete frame=0100011011101010
[tick=39900] [HOST_B] rejected received frame and sends NACK for segment 2 (attempt 9, status=FS)
[tick=40000] [HOST_B] TX bit=0
[tick=40000] [HOST_A] RX bit=0
[tick=40100] [HOST_B] TX bit=1
[tick=40100] [HOST_A] RX bit=1
[tick=40200] [HOST_B] TX bit=0
[tick=40200] [HOST_A] RX bit=0
[tick=40300] [HOST_B] TX bit=1
[tick=40300] [HOST_A] RX bit=1
[tick=40400] [HOST_B] TX bit=0
[tick=40400] [HOST_A] RX bit=0
[tick=40500] [HOST_B] TX bit=1
[tick=40500] [HOST_A] RX bit=1
[tick=40600] [HOST_B] TX bit=0
[tick=40600] [HOST_A] RX bit=0
[tick=40700] [HOST_B] TX bit=0
[tick=40700] [HOST_A] RX bit=0
[tick=40800] [HOST_B] TX bit=0
[tick=40800] [HOST_A] RX bit=0
[tick=40900] [HOST_B] TX bit=0
[tick=40900] [HOST_A] RX bit=0
[tick=41000] [HOST_B] TX bit=0
[tick=41000] [HOST_A] RX bit=0
[tick=41100] [HOST_B] TX bit=0
[tick=41100] [HOST_A] RX bit=0
[tick=41200] [HOST_B] TX bit=1
[tick=41200] [HOST_A] RX bit=1
[tick=41300] [HOST_B] TX bit=0
[tick=41300] [HOST_A] RX bit=0
[tick=41400] [HOST_B] TX bit=1
[tick=41400] [HOST_A] RX bit=1
[tick=41500] [HOST_B] TX bit=0
[tick=41500] [HOST_A] RX bit=0
[tick=41500] [HOST_A] RX complete frame=0101000000101010
[tick=41500] [HOST_A] received NACK for segment 2; retransmitting
[tick=41600] [HOST_A] TX bit=0
[tick=41600] [HOST_B] RX bit=0
[tick=41700] [HOST_A] TX bit=1
[tick=41700] [HOST_B] RX bit=1
[tick=41800] [HOST_A] TX bit=0
[tick=41800] [HOST_B] RX bit=0
[tick=41900] [HOST_A] TX bit=1
[tick=41900] [HOST_B] RX bit=1
[tick=42000] [HOST_A] TX bit=0
[tick=42000] [HOST_B] RX bit=0
[tick=42100] [HOST_A] TX bit=1
[tick=42100] [HOST_B] RX bit=1
[tick=42200] [HOST_A] TX bit=1
[tick=42200] [HOST_B] RX bit=1
[tick=42300] [HOST_A] TX bit=1
[tick=42300] [HOST_B] RX bit=1
[tick=42400] [HOST_A] TX bit=0
[tick=42400] [HOST_B] RX bit=0
[tick=42500] [HOST_A] TX bit=1
[tick=42500] [HOST_B] RX bit=False
[tick=42600] [HOST_A] TX bit=1
[tick=42600] [HOST_B] RX bit=1
[tick=42700] [HOST_A] TX bit=0
[tick=42700] [HOST_B] RX bit=0
[tick=42800] [HOST_A] TX bit=1
[tick=42800] [HOST_B] RX bit=False
[tick=42900] [HOST_A] TX bit=0
[tick=42900] [HOST_B] RX bit=0
[tick=43000] [HOST_A] TX bit=1
[tick=43000] [HOST_B] RX bit=1
[tick=43100] [HOST_A] TX bit=0
[tick=43100] [HOST_B] RX bit=0
[tick=43100] [HOST_B] RX complete frame=0100010011101010
[tick=43100] [HOST_B] rejected received frame and sends NACK for segment 2 (attempt 10, status=PE)
[tick=43200] [HOST_B] TX bit=0
[tick=43200] [HOST_A] RX bit=0
[tick=43300] [HOST_B] TX bit=1
[tick=43300] [HOST_A] RX bit=1
[tick=43400] [HOST_B] TX bit=0
[tick=43400] [HOST_A] RX bit=0
[tick=43500] [HOST_B] TX bit=1
[tick=43500] [HOST_A] RX bit=1
[tick=43600] [HOST_B] TX bit=0
[tick=43600] [HOST_A] RX bit=0
[tick=43700] [HOST_B] TX bit=1
[tick=43700] [HOST_A] RX bit=1
[tick=43800] [HOST_B] TX bit=0
[tick=43800] [HOST_A] RX bit=0
[tick=43900] [HOST_B] TX bit=0
[tick=43900] [HOST_A] RX bit=True
[tick=44000] [HOST_B] TX bit=0
[tick=44000] [HOST_A] RX bit=0
[tick=44100] [HOST_B] TX bit=0
[tick=44100] [HOST_A] RX bit=0
[tick=44200] [HOST_B] TX bit=0
[tick=44200] [HOST_A] RX bit=0
[tick=44300] [HOST_B] TX bit=0
[tick=44300] [HOST_A] RX bit=0
[tick=44400] [HOST_B] TX bit=1
[tick=44400] [HOST_A] RX bit=1
[tick=44500] [HOST_B] TX bit=0
[tick=44500] [HOST_A] RX bit=0
[tick=44600] [HOST_B] TX bit=1
[tick=44600] [HOST_A] RX bit=1
[tick=44700] [HOST_B] TX bit=0
[tick=44700] [HOST_A] RX bit=0
[tick=44700] [HOST_A] RX complete frame=0101000010101010
[tick=44700] [HOST_A] received corrupt ACK/NACK (status=PE); retransmitting segment 2
[tick=44800] [HOST_A] TX bit=0
[tick=44800] [HOST_B] RX bit=0
[tick=44900] [HOST_A] TX bit=1
[tick=44900] [HOST_B] RX bit=1
[tick=45000] [HOST_A] TX bit=0
[tick=45000] [HOST_B] RX bit=0
[tick=45100] [HOST_A] TX bit=1
[tick=45100] [HOST_B] RX bit=1
[tick=45200] [HOST_A] TX bit=0
[tick=45200] [HOST_B] RX bit=0
[tick=45300] [HOST_A] TX bit=1
[tick=45300] [HOST_B] RX bit=1
[tick=45400] [HOST_A] TX bit=1
[tick=45400] [HOST_B] RX bit=1
[tick=45500] [HOST_A] TX bit=1
[tick=45500] [HOST_B] RX bit=1
[tick=45600] [HOST_A] TX bit=0
[tick=45600] [HOST_B] RX bit=0
[tick=45700] [HOST_A] TX bit=1
[tick=45700] [HOST_B] RX bit=1
[tick=45800] [HOST_A] TX bit=1
[tick=45800] [HOST_B] RX bit=1
[tick=45900] [HOST_A] TX bit=0
[tick=45900] [HOST_B] RX bit=0
[tick=46000] [HOST_A] TX bit=1
[tick=46000] [HOST_B] RX bit=1
[tick=46100] [HOST_A] TX bit=0
[tick=46100] [HOST_B] RX bit=0
[tick=46200] [HOST_A] TX bit=1
[tick=46200] [HOST_B] RX bit=1
[tick=46300] [HOST_A] TX bit=0
[tick=46300] [HOST_B] RX bit=0
[tick=46300] [HOST_B] RX complete frame=0101011011101010
[tick=46300] [HOST_B] accepted segment 2 on attempt 11; sending ACK
[tick=46400] [HOST_B] TX bit=0
[tick=46400] [HOST_A] RX bit=0
[tick=46500] [HOST_B] TX bit=1
[tick=46500] [HOST_A] RX bit=1
[tick=46600] [HOST_B] TX bit=0
[tick=46600] [HOST_A] RX bit=0
[tick=46700] [HOST_B] TX bit=1
[tick=46700] [HOST_A] RX bit=1
[tick=46800] [HOST_B] TX bit=1
[tick=46800] [HOST_A] RX bit=1
[tick=46900] [HOST_B] TX bit=0
[tick=46900] [HOST_A] RX bit=0
[tick=47000] [HOST_B] TX bit=0
[tick=47000] [HOST_A] RX bit=0
[tick=47100] [HOST_B] TX bit=0
[tick=47100] [HOST_A] RX bit=0
[tick=47200] [HOST_B] TX bit=0
[tick=47200] [HOST_A] RX bit=0
[tick=47300] [HOST_B] TX bit=0
[tick=47300] [HOST_A] RX bit=0
[tick=47400] [HOST_B] TX bit=0
[tick=47400] [HOST_A] RX bit=0
[tick=47500] [HOST_B] TX bit=0
[tick=47500] [HOST_A] RX bit=0
[tick=47600] [HOST_B] TX bit=1
[tick=47600] [HOST_A] RX bit=1
[tick=47700] [HOST_B] TX bit=0
[tick=47700] [HOST_A] RX bit=0
[tick=47800] [HOST_B] TX bit=1
[tick=47800] [HOST_A] RX bit=1
[tick=47900] [HOST_B] TX bit=0
[tick=47900] [HOST_A] RX bit=0
[tick=47900] [HOST_A] RX complete frame=0101000000011010
[tick=47900] [HOST_A] received ACK for segment 2
[tick=48000] [HOST_A] TX bit=0
[tick=48000] [HOST_B] RX bit=0
[tick=48100] [HOST_A] TX bit=1
[tick=48100] [HOST_B] RX bit=1
[tick=48200] [HOST_A] TX bit=0
[tick=48200] [HOST_B] RX bit=0
[tick=48300] [HOST_A] TX bit=0
[tick=48300] [HOST_B] RX bit=0
[tick=48400] [HOST_A] TX bit=1
[tick=48400] [HOST_B] RX bit=1
[tick=48500] [HOST_A] TX bit=0
[tick=48500] [HOST_B] RX bit=0
[tick=48600] [HOST_A] TX bit=1
[tick=48600] [HOST_B] RX bit=1
[tick=48700] [HOST_A] TX bit=1
[tick=48700] [HOST_B] RX bit=1
[tick=48800] [HOST_A] TX bit=0
[tick=48800] [HOST_B] RX bit=0
[tick=48900] [HOST_A] TX bit=1
[tick=48900] [HOST_B] RX bit=1
[tick=49000] [HOST_A] TX bit=0
[tick=49000] [HOST_B] RX bit=0
[tick=49100] [HOST_A] TX bit=0
[tick=49100] [HOST_B] RX bit=0
[tick=49200] [HOST_A] TX bit=1
[tick=49200] [HOST_B] RX bit=1
[tick=49300] [HOST_A] TX bit=0
[tick=49300] [HOST_B] RX bit=0
[tick=49400] [HOST_A] TX bit=1
[tick=49400] [HOST_B] RX bit=1
[tick=49500] [HOST_A] TX bit=0
[tick=49500] [HOST_B] RX bit=0
[tick=49500] [HOST_B] RX complete frame=0101001011010010
[tick=49500] [HOST_B] accepted segment 3 on attempt 1; sending ACK
[tick=49500] [HOST_B] last decoded frame for segment 3: '-'
[tick=49600] [HOST_B] TX bit=0
[tick=49600] [HOST_A] RX bit=0
[tick=49700] [HOST_B] TX bit=1
[tick=49700] [HOST_A] RX bit=1
[tick=49800] [HOST_B] TX bit=0
[tick=49800] [HOST_A] RX bit=0
[tick=49900] [HOST_B] TX bit=1
[tick=49900] [HOST_A] RX bit=False
[tick=50000] [HOST_B] TX bit=1
[tick=50000] [HOST_A] RX bit=1
[tick=50100] [HOST_B] TX bit=0
[tick=50100] [HOST_A] RX bit=0
[tick=50200] [HOST_B] TX bit=0
[tick=50200] [HOST_A] RX bit=0
[tick=50300] [HOST_B] TX bit=0
[tick=50300] [HOST_A] RX bit=0
[tick=50400] [HOST_B] TX bit=0
[tick=50400] [HOST_A] RX bit=0
[tick=50500] [HOST_B] TX bit=0
[tick=50500] [HOST_A] RX bit=0
[tick=50600] [HOST_B] TX bit=0
[tick=50600] [HOST_A] RX bit=0
[tick=50700] [HOST_B] TX bit=0
[tick=50700] [HOST_A] RX bit=0
[tick=50800] [HOST_B] TX bit=1
[tick=50800] [HOST_A] RX bit=1
[tick=50900] [HOST_B] TX bit=0
[tick=50900] [HOST_A] RX bit=0
[tick=51000] [HOST_B] TX bit=1
[tick=51000] [HOST_A] RX bit=False
[tick=51100] [HOST_B] TX bit=0
[tick=51100] [HOST_A] RX bit=0
[tick=51100] [HOST_A] RX complete frame=0001000000010010
[tick=51100] [HOST_A] received corrupt ACK/NACK (status=PE); retransmitting segment 3
[tick=51200] [HOST_A] TX bit=0
[tick=51200] [HOST_B] RX bit=0
[tick=51300] [HOST_A] TX bit=1
[tick=51300] [HOST_B] RX bit=1
[tick=51400] [HOST_A] TX bit=0
[tick=51400] [HOST_B] RX bit=0
[tick=51500] [HOST_A] TX bit=0
[tick=51500] [HOST_B] RX bit=0
[tick=51600] [HOST_A] TX bit=1
[tick=51600] [HOST_B] RX bit=1
[tick=51700] [HOST_A] TX bit=0
[tick=51700] [HOST_B] RX bit=0
[tick=51800] [HOST_A] TX bit=1
[tick=51800] [HOST_B] RX bit=1
[tick=51900] [HOST_A] TX bit=1
[tick=51900] [HOST_B] RX bit=False
[tick=52000] [HOST_A] TX bit=0
[tick=52000] [HOST_B] RX bit=0
[tick=52100] [HOST_A] TX bit=1
[tick=52100] [HOST_B] RX bit=1
[tick=52200] [HOST_A] TX bit=0
[tick=52200] [HOST_B] RX bit=0
[tick=52300] [HOST_A] TX bit=0
[tick=52300] [HOST_B] RX bit=0
[tick=52400] [HOST_A] TX bit=1
[tick=52400] [HOST_B] RX bit=1
[tick=52500] [HOST_A] TX bit=0
[tick=52500] [HOST_B] RX bit=0
[tick=52600] [HOST_A] TX bit=1
[tick=52600] [HOST_B] RX bit=1
[tick=52700] [HOST_A] TX bit=0
[tick=52700] [HOST_B] RX bit=0
[tick=52700] [HOST_B] RX complete frame=0101001001010010
[tick=52700] [HOST_B] rejected received frame and sends NACK for segment 3 (attempt 2, status=PE)
[tick=52800] [HOST_B] TX bit=0
[tick=52800] [HOST_A] RX bit=0
[tick=52900] [HOST_B] TX bit=1
[tick=52900] [HOST_A] RX bit=1
[tick=53000] [HOST_B] TX bit=0
[tick=53000] [HOST_A] RX bit=0
[tick=53100] [HOST_B] TX bit=1
[tick=53100] [HOST_A] RX bit=1
[tick=53200] [HOST_B] TX bit=0
[tick=53200] [HOST_A] RX bit=0
[tick=53300] [HOST_B] TX bit=1
[tick=53300] [HOST_A] RX bit=1
[tick=53400] [HOST_B] TX bit=0
[tick=53400] [HOST_A] RX bit=0
[tick=53500] [HOST_B] TX bit=0
[tick=53500] [HOST_A] RX bit=0
[tick=53600] [HOST_B] TX bit=0
[tick=53600] [HOST_A] RX bit=0
[tick=53700] [HOST_B] TX bit=0
[tick=53700] [HOST_A] RX bit=0
[tick=53800] [HOST_B] TX bit=0
[tick=53800] [HOST_A] RX bit=True
[tick=53900] [HOST_B] TX bit=0
[tick=53900] [HOST_A] RX bit=0
[tick=54000] [HOST_B] TX bit=1
[tick=54000] [HOST_A] RX bit=1
[tick=54100] [HOST_B] TX bit=0
[tick=54100] [HOST_A] RX bit=0
[tick=54200] [HOST_B] TX bit=1
[tick=54200] [HOST_A] RX bit=1
[tick=54300] [HOST_B] TX bit=0
[tick=54300] [HOST_A] RX bit=0
[tick=54300] [HOST_A] RX complete frame=0101010000101010
[tick=54300] [HOST_A] received corrupt ACK/NACK (status=PE); retransmitting segment 3
[tick=54400] [HOST_A] TX bit=0
[tick=54400] [HOST_B] RX bit=0
[tick=54500] [HOST_A] TX bit=1
[tick=54500] [HOST_B] RX bit=False
[tick=54600] [HOST_A] TX bit=0
[tick=54600] [HOST_B] RX bit=0
[tick=54700] [HOST_A] TX bit=0
[tick=54700] [HOST_B] RX bit=0
[tick=54800] [HOST_A] TX bit=1
[tick=54800] [HOST_B] RX bit=1
[tick=54900] [HOST_A] TX bit=0
[tick=54900] [HOST_B] RX bit=0
[tick=55000] [HOST_A] TX bit=1
[tick=55000] [HOST_B] RX bit=1
[tick=55100] [HOST_A] TX bit=1
[tick=55100] [HOST_B] RX bit=1
[tick=55200] [HOST_A] TX bit=0
[tick=55200] [HOST_B] RX bit=0
[tick=55300] [HOST_A] TX bit=1
[tick=55300] [HOST_B] RX bit=1
[tick=55400] [HOST_A] TX bit=0
[tick=55400] [HOST_B] RX bit=0
[tick=55500] [HOST_A] TX bit=0
[tick=55500] [HOST_B] RX bit=0
[tick=55600] [HOST_A] TX bit=1
[tick=55600] [HOST_B] RX bit=1
[tick=55700] [HOST_A] TX bit=0
[tick=55700] [HOST_B] RX bit=0
[tick=55800] [HOST_A] TX bit=1
[tick=55800] [HOST_B] RX bit=1
[tick=55900] [HOST_A] TX bit=0
[tick=55900] [HOST_B] RX bit=0
[tick=55900] [HOST_B] RX complete frame=0101001011010000
[tick=55900] [HOST_B] rejected received frame and sends NACK for segment 3 (attempt 3, status=FE)
[tick=56000] [HOST_B] TX bit=0
[tick=56000] [HOST_A] RX bit=0
[tick=56100] [HOST_B] TX bit=1
[tick=56100] [HOST_A] RX bit=1
[tick=56200] [HOST_B] TX bit=0
[tick=56200] [HOST_A] RX bit=0
[tick=56300] [HOST_B] TX bit=1
[tick=56300] [HOST_A] RX bit=1
[tick=56400] [HOST_B] TX bit=0
[tick=56400] [HOST_A] RX bit=0
[tick=56500] [HOST_B] TX bit=1
[tick=56500] [HOST_A] RX bit=1
[tick=56600] [HOST_B] TX bit=0
[tick=56600] [HOST_A] RX bit=0
[tick=56700] [HOST_B] TX bit=0
[tick=56700] [HOST_A] RX bit=0
[tick=56800] [HOST_B] TX bit=0
[tick=56800] [HOST_A] RX bit=0
[tick=56900] [HOST_B] TX bit=0
[tick=56900] [HOST_A] RX bit=0
[tick=57000] [HOST_B] TX bit=0
[tick=57000] [HOST_A] RX bit=0
[tick=57100] [HOST_B] TX bit=0
[tick=57100] [HOST_A] RX bit=0
[tick=57200] [HOST_B] TX bit=1
[tick=57200] [HOST_A] RX bit=1
[tick=57300] [HOST_B] TX bit=0
[tick=57300] [HOST_A] RX bit=0
[tick=57400] [HOST_B] TX bit=1
[tick=57400] [HOST_A] RX bit=1
[tick=57500] [HOST_B] TX bit=0
[tick=57500] [HOST_A] RX bit=0
[tick=57500] [HOST_A] RX complete frame=0101000000101010
[tick=57500] [HOST_A] received NACK for segment 3; retransmitting
[tick=57600] [HOST_A] TX bit=0
[tick=57600] [HOST_B] RX bit=0
[tick=57700] [HOST_A] TX bit=1
[tick=57700] [HOST_B] RX bit=1
[tick=57800] [HOST_A] TX bit=0
[tick=57800] [HOST_B] RX bit=0
[tick=57900] [HOST_A] TX bit=0
[tick=57900] [HOST_B] RX bit=0
[tick=58000] [HOST_A] TX bit=1
[tick=58000] [HOST_B] RX bit=1
[tick=58100] [HOST_A] TX bit=0
[tick=58100] [HOST_B] RX bit=True
[tick=58200] [HOST_A] TX bit=1
[tick=58200] [HOST_B] RX bit=1
[tick=58300] [HOST_A] TX bit=1
[tick=58300] [HOST_B] RX bit=1
[tick=58400] [HOST_A] TX bit=0
[tick=58400] [HOST_B] RX bit=0
[tick=58500] [HOST_A] TX bit=1
[tick=58500] [HOST_B] RX bit=1
[tick=58600] [HOST_A] TX bit=0
[tick=58600] [HOST_B] RX bit=0
[tick=58700] [HOST_A] TX bit=0
[tick=58700] [HOST_B] RX bit=0
[tick=58800] [HOST_A] TX bit=1
[tick=58800] [HOST_B] RX bit=1
[tick=58900] [HOST_A] TX bit=0
[tick=58900] [HOST_B] RX bit=0
[tick=59000] [HOST_A] TX bit=1
[tick=59000] [HOST_B] RX bit=False
[tick=59100] [HOST_A] TX bit=0
[tick=59100] [HOST_B] RX bit=0
[tick=59100] [HOST_B] RX complete frame=0001001011110010
[tick=59100] [HOST_B] rejected received frame and sends NACK for segment 3 (attempt 4, status=PE)
[tick=59200] [HOST_B] TX bit=0
[tick=59200] [HOST_A] RX bit=0
[tick=59300] [HOST_B] TX bit=1
[tick=59300] [HOST_A] RX bit=1
[tick=59400] [HOST_B] TX bit=0
[tick=59400] [HOST_A] RX bit=0
[tick=59500] [HOST_B] TX bit=1
[tick=59500] [HOST_A] RX bit=1
[tick=59600] [HOST_B] TX bit=0
[tick=59600] [HOST_A] RX bit=0
[tick=59700] [HOST_B] TX bit=1
[tick=59700] [HOST_A] RX bit=1
[tick=59800] [HOST_B] TX bit=0
[tick=59800] [HOST_A] RX bit=0
[tick=59900] [HOST_B] TX bit=0
[tick=59900] [HOST_A] RX bit=0
[tick=60000] [HOST_B] TX bit=0
[tick=60000] [HOST_A] RX bit=0
[tick=60100] [HOST_B] TX bit=0
[tick=60100] [HOST_A] RX bit=0
[tick=60200] [HOST_B] TX bit=0
[tick=60200] [HOST_A] RX bit=0
[tick=60300] [HOST_B] TX bit=0
[tick=60300] [HOST_A] RX bit=0
[tick=60400] [HOST_B] TX bit=1
[tick=60400] [HOST_A] RX bit=1
[tick=60500] [HOST_B] TX bit=0
[tick=60500] [HOST_A] RX bit=0
[tick=60600] [HOST_B] TX bit=1
[tick=60600] [HOST_A] RX bit=1
[tick=60700] [HOST_B] TX bit=0
[tick=60700] [HOST_A] RX bit=0
[tick=60700] [HOST_A] RX complete frame=0101000000101010
[tick=60700] [HOST_A] received NACK for segment 3; retransmitting
[tick=60800] [HOST_A] TX bit=0
[tick=60800] [HOST_B] RX bit=0
[tick=60900] [HOST_A] TX bit=1
[tick=60900] [HOST_B] RX bit=1
[tick=61000] [HOST_A] TX bit=0
[tick=61000] [HOST_B] RX bit=0
[tick=61100] [HOST_A] TX bit=0
[tick=61100] [HOST_B] RX bit=0
[tick=61200] [HOST_A] TX bit=1
[tick=61200] [HOST_B] RX bit=1
[tick=61300] [HOST_A] TX bit=0
[tick=61300] [HOST_B] RX bit=0
[tick=61400] [HOST_A] TX bit=1
[tick=61400] [HOST_B] RX bit=1
[tick=61500] [HOST_A] TX bit=1
[tick=61500] [HOST_B] RX bit=1
[tick=61600] [HOST_A] TX bit=0
[tick=61600] [HOST_B] RX bit=0
[tick=61700] [HOST_A] TX bit=1
[tick=61700] [HOST_B] RX bit=1
[tick=61800] [HOST_A] TX bit=0
[tick=61800] [HOST_B] RX bit=0
[tick=61900] [HOST_A] TX bit=0
[tick=61900] [HOST_B] RX bit=0
[tick=62000] [HOST_A] TX bit=1
[tick=62000] [HOST_B] RX bit=1
[tick=62100] [HOST_A] TX bit=0
[tick=62100] [HOST_B] RX bit=0
[tick=62200] [HOST_A] TX bit=1
[tick=62200] [HOST_B] RX bit=1
[tick=62300] [HOST_A] TX bit=0
[tick=62300] [HOST_B] RX bit=0
[tick=62300] [HOST_B] RX complete frame=0101001011010010
[tick=62300] [HOST_B] accepted segment 3 on attempt 5; sending ACK
[tick=62400] [HOST_B] TX bit=0
[tick=62400] [HOST_A] RX bit=0
[tick=62500] [HOST_B] TX bit=1
[tick=62500] [HOST_A] RX bit=1
[tick=62600] [HOST_B] TX bit=0
[tick=62600] [HOST_A] RX bit=0
[tick=62700] [HOST_B] TX bit=1
[tick=62700] [HOST_A] RX bit=1
[tick=62800] [HOST_B] TX bit=1
[tick=62800] [HOST_A] RX bit=1
[tick=62900] [HOST_B] TX bit=0
[tick=62900] [HOST_A] RX bit=0
[tick=63000] [HOST_B] TX bit=0
[tick=63000] [HOST_A] RX bit=0
[tick=63100] [HOST_B] TX bit=0
[tick=63100] [HOST_A] RX bit=0
[tick=63200] [HOST_B] TX bit=0
[tick=63200] [HOST_A] RX bit=0
[tick=63300] [HOST_B] TX bit=0
[tick=63300] [HOST_A] RX bit=0
[tick=63400] [HOST_B] TX bit=0
[tick=63400] [HOST_A] RX bit=True
[tick=63500] [HOST_B] TX bit=0
[tick=63500] [HOST_A] RX bit=0
[tick=63600] [HOST_B] TX bit=1
[tick=63600] [HOST_A] RX bit=1
[tick=63700] [HOST_B] TX bit=0
[tick=63700] [HOST_A] RX bit=0
[tick=63800] [HOST_B] TX bit=1
[tick=63800] [HOST_A] RX bit=1
[tick=63900] [HOST_B] TX bit=0
[tick=63900] [HOST_A] RX bit=0
[tick=63900] [HOST_A] RX complete frame=0101010000011010
[tick=63900] [HOST_A] received corrupt ACK/NACK (status=PE); retransmitting segment 3
[tick=64000] [HOST_A] TX bit=0
[tick=64000] [HOST_B] RX bit=0
[tick=64100] [HOST_A] TX bit=1
[tick=64100] [HOST_B] RX bit=1
[tick=64200] [HOST_A] TX bit=0
[tick=64200] [HOST_B] RX bit=0
[tick=64300] [HOST_A] TX bit=0
[tick=64300] [HOST_B] RX bit=0
[tick=64400] [HOST_A] TX bit=1
[tick=64400] [HOST_B] RX bit=1
[tick=64500] [HOST_A] TX bit=0
[tick=64500] [HOST_B] RX bit=True
[tick=64600] [HOST_A] TX bit=1
[tick=64600] [HOST_B] RX bit=1
[tick=64700] [HOST_A] TX bit=1
[tick=64700] [HOST_B] RX bit=1
[tick=64800] [HOST_A] TX bit=0
[tick=64800] [HOST_B] RX bit=0
[tick=64900] [HOST_A] TX bit=1
[tick=64900] [HOST_B] RX bit=1
[tick=65000] [HOST_A] TX bit=0
[tick=65000] [HOST_B] RX bit=0
[tick=65100] [HOST_A] TX bit=0
[tick=65100] [HOST_B] RX bit=0
[tick=65200] [HOST_A] TX bit=1
[tick=65200] [HOST_B] RX bit=1
[tick=65300] [HOST_A] TX bit=0
[tick=65300] [HOST_B] RX bit=0
[tick=65400] [HOST_A] TX bit=1
[tick=65400] [HOST_B] RX bit=1
[tick=65500] [HOST_A] TX bit=0
[tick=65500] [HOST_B] RX bit=0
[tick=65500] [HOST_B] RX complete frame=0101001011110010
[tick=65500] [HOST_B] rejected received frame and sends NACK for segment 3 (attempt 6, status=PE)
[tick=65600] [HOST_B] TX bit=0
[tick=65600] [HOST_A] RX bit=0
[tick=65700] [HOST_B] TX bit=1
[tick=65700] [HOST_A] RX bit=1
[tick=65800] [HOST_B] TX bit=0
[tick=65800] [HOST_A] RX bit=0
[tick=65900] [HOST_B] TX bit=1
[tick=65900] [HOST_A] RX bit=1
[tick=66000] [HOST_B] TX bit=0
[tick=66000] [HOST_A] RX bit=0
[tick=66100] [HOST_B] TX bit=1
[tick=66100] [HOST_A] RX bit=1
[tick=66200] [HOST_B] TX bit=0
[tick=66200] [HOST_A] RX bit=0
[tick=66300] [HOST_B] TX bit=0
[tick=66300] [HOST_A] RX bit=0
[tick=66400] [HOST_B] TX bit=0
[tick=66400] [HOST_A] RX bit=0
[tick=66500] [HOST_B] TX bit=0
[tick=66500] [HOST_A] RX bit=0
[tick=66600] [HOST_B] TX bit=0
[tick=66600] [HOST_A] RX bit=True
[tick=66700] [HOST_B] TX bit=0
[tick=66700] [HOST_A] RX bit=0
[tick=66800] [HOST_B] TX bit=1
[tick=66800] [HOST_A] RX bit=1
[tick=66900] [HOST_B] TX bit=0
[tick=66900] [HOST_A] RX bit=0
[tick=67000] [HOST_B] TX bit=1
[tick=67000] [HOST_A] RX bit=1
[tick=67100] [HOST_B] TX bit=0
[tick=67100] [HOST_A] RX bit=0
[tick=67100] [HOST_A] RX complete frame=0101010000101010
[tick=67100] [HOST_A] received corrupt ACK/NACK (status=PE); retransmitting segment 3
[tick=67200] [HOST_A] TX bit=0
[tick=67200] [HOST_B] RX bit=0
[tick=67300] [HOST_A] TX bit=1
[tick=67300] [HOST_B] RX bit=1
[tick=67400] [HOST_A] TX bit=0
[tick=67400] [HOST_B] RX bit=0
[tick=67500] [HOST_A] TX bit=0
[tick=67500] [HOST_B] RX bit=0
[tick=67600] [HOST_A] TX bit=1
[tick=67600] [HOST_B] RX bit=1
[tick=67700] [HOST_A] TX bit=0
[tick=67700] [HOST_B] RX bit=0
[tick=67800] [HOST_A] TX bit=1
[tick=67800] [HOST_B] RX bit=1
[tick=67900] [HOST_A] TX bit=1
[tick=67900] [HOST_B] RX bit=1
[tick=68000] [HOST_A] TX bit=0
[tick=68000] [HOST_B] RX bit=0
[tick=68100] [HOST_A] TX bit=1
[tick=68100] [HOST_B] RX bit=1
[tick=68200] [HOST_A] TX bit=0
[tick=68200] [HOST_B] RX bit=0
[tick=68300] [HOST_A] TX bit=0
[tick=68300] [HOST_B] RX bit=0
[tick=68400] [HOST_A] TX bit=1
[tick=68400] [HOST_B] RX bit=1
[tick=68500] [HOST_A] TX bit=0
[tick=68500] [HOST_B] RX bit=0
[tick=68600] [HOST_A] TX bit=1
[tick=68600] [HOST_B] RX bit=1
[tick=68700] [HOST_A] TX bit=0
[tick=68700] [HOST_B] RX bit=0
[tick=68700] [HOST_B] RX complete frame=0101001011010010
[tick=68700] [HOST_B] accepted segment 3 on attempt 7; sending ACK
[tick=68800] [HOST_B] TX bit=0
[tick=68800] [HOST_A] RX bit=0
[tick=68900] [HOST_B] TX bit=1
[tick=68900] [HOST_A] RX bit=1
[tick=69000] [HOST_B] TX bit=0
[tick=69000] [HOST_A] RX bit=0
[tick=69100] [HOST_B] TX bit=1
[tick=69100] [HOST_A] RX bit=1
[tick=69200] [HOST_B] TX bit=1
[tick=69200] [HOST_A] RX bit=1
[tick=69300] [HOST_B] TX bit=0
[tick=69300] [HOST_A] RX bit=0
[tick=69400] [HOST_B] TX bit=0
[tick=69400] [HOST_A] RX bit=0
[tick=69500] [HOST_B] TX bit=0
[tick=69500] [HOST_A] RX bit=True
[tick=69600] [HOST_B] TX bit=0
[tick=69600] [HOST_A] RX bit=0
[tick=69700] [HOST_B] TX bit=0
[tick=69700] [HOST_A] RX bit=0
[tick=69800] [HOST_B] TX bit=0
[tick=69800] [HOST_A] RX bit=True
[tick=69900] [HOST_B] TX bit=0
[tick=69900] [HOST_A] RX bit=0
[tick=70000] [HOST_B] TX bit=1
[tick=70000] [HOST_A] RX bit=1
[tick=70100] [HOST_B] TX bit=0
[tick=70100] [HOST_A] RX bit=0
[tick=70200] [HOST_B] TX bit=1
[tick=70200] [HOST_A] RX bit=1
[tick=70300] [HOST_B] TX bit=0
[tick=70300] [HOST_A] RX bit=0
[tick=70300] [HOST_A] RX complete frame=0101010010011010
[tick=70300] [HOST_A] received unknown feedback 73; retransmitting segment 3
[tick=70400] [HOST_A] TX bit=0
[tick=70400] [HOST_B] RX bit=True
[tick=70500] [HOST_A] TX bit=1
[tick=70500] [HOST_B] RX bit=1
[tick=70600] [HOST_A] TX bit=0
[tick=70600] [HOST_B] RX bit=0
[tick=70700] [HOST_A] TX bit=0
[tick=70700] [HOST_B] RX bit=0
[tick=70800] [HOST_A] TX bit=1
[tick=70800] [HOST_B] RX bit=1
[tick=70900] [HOST_A] TX bit=0
[tick=70900] [HOST_B] RX bit=0
[tick=71000] [HOST_A] TX bit=1
[tick=71000] [HOST_B] RX bit=1
[tick=71100] [HOST_A] TX bit=1
[tick=71100] [HOST_B] RX bit=1
[tick=71200] [HOST_A] TX bit=0
[tick=71200] [HOST_B] RX bit=0
[tick=71300] [HOST_A] TX bit=1
[tick=71300] [HOST_B] RX bit=1
[tick=71400] [HOST_A] TX bit=0
[tick=71400] [HOST_B] RX bit=0
[tick=71500] [HOST_A] TX bit=0
[tick=71500] [HOST_B] RX bit=0
[tick=71600] [HOST_A] TX bit=1
[tick=71600] [HOST_B] RX bit=1
[tick=71700] [HOST_A] TX bit=0
[tick=71700] [HOST_B] RX bit=0
[tick=71800] [HOST_A] TX bit=1
[tick=71800] [HOST_B] RX bit=1
[tick=71900] [HOST_A] TX bit=0
[tick=71900] [HOST_B] RX bit=0
[tick=71900] [HOST_B] RX complete frame=0101001011010011
[tick=71900] [HOST_B] rejected received frame and sends NACK for segment 3 (attempt 8, status=FE)
[tick=72000] [HOST_B] TX bit=0
[tick=72000] [HOST_A] RX bit=0
[tick=72100] [HOST_B] TX bit=1
[tick=72100] [HOST_A] RX bit=1
[tick=72200] [HOST_B] TX bit=0
[tick=72200] [HOST_A] RX bit=0
[tick=72300] [HOST_B] TX bit=1
[tick=72300] [HOST_A] RX bit=1
[tick=72400] [HOST_B] TX bit=0
[tick=72400] [HOST_A] RX bit=0
[tick=72500] [HOST_B] TX bit=1
[tick=72500] [HOST_A] RX bit=1
[tick=72600] [HOST_B] TX bit=0
[tick=72600] [HOST_A] RX bit=0
[tick=72700] [HOST_B] TX bit=0
[tick=72700] [HOST_A] RX bit=0
[tick=72800] [HOST_B] TX bit=0
[tick=72800] [HOST_A] RX bit=0
[tick=72900] [HOST_B] TX bit=0
[tick=72900] [HOST_A] RX bit=0
[tick=73000] [HOST_B] TX bit=0
[tick=73000] [HOST_A] RX bit=0
[tick=73100] [HOST_B] TX bit=0
[tick=73100] [HOST_A] RX bit=0
[tick=73200] [HOST_B] TX bit=1
[tick=73200] [HOST_A] RX bit=1
[tick=73300] [HOST_B] TX bit=0
[tick=73300] [HOST_A] RX bit=0
[tick=73400] [HOST_B] TX bit=1
[tick=73400] [HOST_A] RX bit=1
[tick=73500] [HOST_B] TX bit=0
[tick=73500] [HOST_A] RX bit=0
[tick=73500] [HOST_A] RX complete frame=0101000000101010
[tick=73500] [HOST_A] received NACK for segment 3; retransmitting
[tick=73600] [HOST_A] TX bit=0
[tick=73600] [HOST_B] RX bit=0
[tick=73700] [HOST_A] TX bit=1
[tick=73700] [HOST_B] RX bit=1
[tick=73800] [HOST_A] TX bit=0
[tick=73800] [HOST_B] RX bit=0
[tick=73900] [HOST_A] TX bit=0
[tick=73900] [HOST_B] RX bit=0
[tick=74000] [HOST_A] TX bit=1
[tick=74000] [HOST_B] RX bit=1
[tick=74100] [HOST_A] TX bit=0
[tick=74100] [HOST_B] RX bit=0
[tick=74200] [HOST_A] TX bit=1
[tick=74200] [HOST_B] RX bit=1
[tick=74300] [HOST_A] TX bit=1
[tick=74300] [HOST_B] RX bit=1
[tick=74400] [HOST_A] TX bit=0
[tick=74400] [HOST_B] RX bit=0
[tick=74500] [HOST_A] TX bit=1
[tick=74500] [HOST_B] RX bit=1
[tick=74600] [HOST_A] TX bit=0
[tick=74600] [HOST_B] RX bit=True
[tick=74700] [HOST_A] TX bit=0
[tick=74700] [HOST_B] RX bit=0
[tick=74800] [HOST_A] TX bit=1
[tick=74800] [HOST_B] RX bit=1
[tick=74900] [HOST_A] TX bit=0
[tick=74900] [HOST_B] RX bit=0
[tick=75000] [HOST_A] TX bit=1
[tick=75000] [HOST_B] RX bit=1
[tick=75100] [HOST_A] TX bit=0
[tick=75100] [HOST_B] RX bit=0
[tick=75100] [HOST_B] RX complete frame=0101011011010010
[tick=75100] [HOST_B] rejected received frame and sends NACK for segment 3 (attempt 9, status=PE)
[tick=75200] [HOST_B] TX bit=0
[tick=75200] [HOST_A] RX bit=0
[tick=75300] [HOST_B] TX bit=1
[tick=75300] [HOST_A] RX bit=1
[tick=75400] [HOST_B] TX bit=0
[tick=75400] [HOST_A] RX bit=0
[tick=75500] [HOST_B] TX bit=1
[tick=75500] [HOST_A] RX bit=1
[tick=75600] [HOST_B] TX bit=0
[tick=75600] [HOST_A] RX bit=0
[tick=75700] [HOST_B] TX bit=1
[tick=75700] [HOST_A] RX bit=1
[tick=75800] [HOST_B] TX bit=0
[tick=75800] [HOST_A] RX bit=0
[tick=75900] [HOST_B] TX bit=0
[tick=75900] [HOST_A] RX bit=0
[tick=76000] [HOST_B] TX bit=0
[tick=76000] [HOST_A] RX bit=0
[tick=76100] [HOST_B] TX bit=0
[tick=76100] [HOST_A] RX bit=0
[tick=76200] [HOST_B] TX bit=0
[tick=76200] [HOST_A] RX bit=0
[tick=76300] [HOST_B] TX bit=0
[tick=76300] [HOST_A] RX bit=0
[tick=76400] [HOST_B] TX bit=1
[tick=76400] [HOST_A] RX bit=1
[tick=76500] [HOST_B] TX bit=0
[tick=76500] [HOST_A] RX bit=0
[tick=76600] [HOST_B] TX bit=1
[tick=76600] [HOST_A] RX bit=1
[tick=76700] [HOST_B] TX bit=0
[tick=76700] [HOST_A] RX bit=0
[tick=76700] [HOST_A] RX complete frame=0101000000101010
[tick=76700] [HOST_A] received NACK for segment 3; retransmitting
[tick=76800] [HOST_A] TX bit=0
[tick=76800] [HOST_B] RX bit=0
[tick=76900] [HOST_A] TX bit=1
[tick=76900] [HOST_B] RX bit=1
[tick=77000] [HOST_A] TX bit=0
[tick=77000] [HOST_B] RX bit=0
[tick=77100] [HOST_A] TX bit=0
[tick=77100] [HOST_B] RX bit=0
[tick=77200] [HOST_A] TX bit=1
[tick=77200] [HOST_B] RX bit=False
[tick=77300] [HOST_A] TX bit=0
[tick=77300] [HOST_B] RX bit=0
[tick=77400] [HOST_A] TX bit=1
[tick=77400] [HOST_B] RX bit=1
[tick=77500] [HOST_A] TX bit=1
[tick=77500] [HOST_B] RX bit=1
[tick=77600] [HOST_A] TX bit=0
[tick=77600] [HOST_B] RX bit=0
[tick=77700] [HOST_A] TX bit=1
[tick=77700] [HOST_B] RX bit=1
[tick=77800] [HOST_A] TX bit=0
[tick=77800] [HOST_B] RX bit=0
[tick=77900] [HOST_A] TX bit=0
[tick=77900] [HOST_B] RX bit=0
[tick=78000] [HOST_A] TX bit=1
[tick=78000] [HOST_B] RX bit=1
[tick=78100] [HOST_A] TX bit=0
[tick=78100] [HOST_B] RX bit=0
[tick=78200] [HOST_A] TX bit=1
[tick=78200] [HOST_B] RX bit=1
[tick=78300] [HOST_A] TX bit=0
[tick=78300] [HOST_B] RX bit=0
[tick=78300] [HOST_B] RX complete frame=0101001011000010
[tick=78300] [HOST_B] rejected received frame and sends NACK for segment 3 (attempt 10, status=PE)
[tick=78400] [HOST_B] TX bit=0
[tick=78400] [HOST_A] RX bit=0
[tick=78500] [HOST_B] TX bit=1
[tick=78500] [HOST_A] RX bit=1
[tick=78600] [HOST_B] TX bit=0
[tick=78600] [HOST_A] RX bit=0
[tick=78700] [HOST_B] TX bit=1
[tick=78700] [HOST_A] RX bit=1
[tick=78800] [HOST_B] TX bit=0
[tick=78800] [HOST_A] RX bit=0
[tick=78900] [HOST_B] TX bit=1
[tick=78900] [HOST_A] RX bit=1
[tick=79000] [HOST_B] TX bit=0
[tick=79000] [HOST_A] RX bit=0
[tick=79100] [HOST_B] TX bit=0
[tick=79100] [HOST_A] RX bit=0
[tick=79200] [HOST_B] TX bit=0
[tick=79200] [HOST_A] RX bit=0
[tick=79300] [HOST_B] TX bit=0
[tick=79300] [HOST_A] RX bit=0
[tick=79400] [HOST_B] TX bit=0
[tick=79400] [HOST_A] RX bit=0
[tick=79500] [HOST_B] TX bit=0
[tick=79500] [HOST_A] RX bit=0
[tick=79600] [HOST_B] TX bit=1
[tick=79600] [HOST_A] RX bit=1
[tick=79700] [HOST_B] TX bit=0
[tick=79700] [HOST_A] RX bit=0
[tick=79800] [HOST_B] TX bit=1
[tick=79800] [HOST_A] RX bit=1
[tick=79900] [HOST_B] TX bit=0
[tick=79900] [HOST_A] RX bit=0
[tick=79900] [HOST_A] RX complete frame=0101000000101010
[tick=79900] [HOST_A] received NACK for segment 3; retransmitting
[tick=80000] [HOST_A] TX bit=0
[tick=80000] [HOST_B] RX bit=0
[tick=80100] [HOST_A] TX bit=1
[tick=80100] [HOST_B] RX bit=1
[tick=80200] [HOST_A] TX bit=0
[tick=80200] [HOST_B] RX bit=0
[tick=80300] [HOST_A] TX bit=0
[tick=80300] [HOST_B] RX bit=0
[tick=80400] [HOST_A] TX bit=1
[tick=80400] [HOST_B] RX bit=1
[tick=80500] [HOST_A] TX bit=0
[tick=80500] [HOST_B] RX bit=0
[tick=80600] [HOST_A] TX bit=1
[tick=80600] [HOST_B] RX bit=1
[tick=80700] [HOST_A] TX bit=1
[tick=80700] [HOST_B] RX bit=1
[tick=80800] [HOST_A] TX bit=0
[tick=80800] [HOST_B] RX bit=0
[tick=80900] [HOST_A] TX bit=1
[tick=80900] [HOST_B] RX bit=1
[tick=81000] [HOST_A] TX bit=0
[tick=81000] [HOST_B] RX bit=0
[tick=81100] [HOST_A] TX bit=0
[tick=81100] [HOST_B] RX bit=0
[tick=81200] [HOST_A] TX bit=1
[tick=81200] [HOST_B] RX bit=1
[tick=81300] [HOST_A] TX bit=0
[tick=81300] [HOST_B] RX bit=0
[tick=81400] [HOST_A] TX bit=1
[tick=81400] [HOST_B] RX bit=1
[tick=81500] [HOST_A] TX bit=0
[tick=81500] [HOST_B] RX bit=0
[tick=81500] [HOST_B] RX complete frame=0101001011010010
[tick=81500] [HOST_B] accepted segment 3 on attempt 11; sending ACK
[tick=81600] [HOST_B] TX bit=0
[tick=81600] [HOST_A] RX bit=0
[tick=81700] [HOST_B] TX bit=1
[tick=81700] [HOST_A] RX bit=1
[tick=81800] [HOST_B] TX bit=0
[tick=81800] [HOST_A] RX bit=0
[tick=81900] [HOST_B] TX bit=1
[tick=81900] [HOST_A] RX bit=1
[tick=82000] [HOST_B] TX bit=1
[tick=82000] [HOST_A] RX bit=1
[tick=82100] [HOST_B] TX bit=0
[tick=82100] [HOST_A] RX bit=0
[tick=82200] [HOST_B] TX bit=0
[tick=82200] [HOST_A] RX bit=0
[tick=82300] [HOST_B] TX bit=0
[tick=82300] [HOST_A] RX bit=0
[tick=82400] [HOST_B] TX bit=0
[tick=82400] [HOST_A] RX bit=0
[tick=82500] [HOST_B] TX bit=0
[tick=82500] [HOST_A] RX bit=0
[tick=82600] [HOST_B] TX bit=0
[tick=82600] [HOST_A] RX bit=0
[tick=82700] [HOST_B] TX bit=0
[tick=82700] [HOST_A] RX bit=0
[tick=82800] [HOST_B] TX bit=1
[tick=82800] [HOST_A] RX bit=1
[tick=82900] [HOST_B] TX bit=0
[tick=82900] [HOST_A] RX bit=True
[tick=83000] [HOST_B] TX bit=1
[tick=83000] [HOST_A] RX bit=1
[tick=83100] [HOST_B] TX bit=0
[tick=83100] [HOST_A] RX bit=0
[tick=83100] [HOST_A] RX complete frame=0111000000011010
[tick=83100] [HOST_A] received corrupt ACK/NACK (status=FS); retransmitting segment 3
[tick=83200] [HOST_A] TX bit=0
[tick=83200] [HOST_B] RX bit=0
[tick=83300] [HOST_A] TX bit=1
[tick=83300] [HOST_B] RX bit=1
[tick=83400] [HOST_A] TX bit=0
[tick=83400] [HOST_B] RX bit=0
[tick=83500] [HOST_A] TX bit=0
[tick=83500] [HOST_B] RX bit=0
[tick=83600] [HOST_A] TX bit=1
[tick=83600] [HOST_B] RX bit=1
[tick=83700] [HOST_A] TX bit=0
[tick=83700] [HOST_B] RX bit=0
[tick=83800] [HOST_A] TX bit=1
[tick=83800] [HOST_B] RX bit=1
[tick=83900] [HOST_A] TX bit=1
[tick=83900] [HOST_B] RX bit=1
[tick=84000] [HOST_A] TX bit=0
[tick=84000] [HOST_B] RX bit=0
[tick=84100] [HOST_A] TX bit=1
[tick=84100] [HOST_B] RX bit=1
[tick=84200] [HOST_A] TX bit=0
[tick=84200] [HOST_B] RX bit=True
[tick=84300] [HOST_A] TX bit=0
[tick=84300] [HOST_B] RX bit=0
[tick=84400] [HOST_A] TX bit=1
[tick=84400] [HOST_B] RX bit=1
[tick=84500] [HOST_A] TX bit=0
[tick=84500] [HOST_B] RX bit=0
[tick=84600] [HOST_A] TX bit=1
[tick=84600] [HOST_B] RX bit=1
[tick=84700] [HOST_A] TX bit=0
[tick=84700] [HOST_B] RX bit=0
[tick=84700] [HOST_B] RX complete frame=0101011011010010
[tick=84700] [HOST_B] rejected received frame and sends NACK for segment 3 (attempt 12, status=PE)
[tick=84800] [HOST_B] TX bit=0
[tick=84800] [HOST_A] RX bit=0
[tick=84900] [HOST_B] TX bit=1
[tick=84900] [HOST_A] RX bit=1
[tick=85000] [HOST_B] TX bit=0
[tick=85000] [HOST_A] RX bit=0
[tick=85100] [HOST_B] TX bit=1
[tick=85100] [HOST_A] RX bit=1
[tick=85200] [HOST_B] TX bit=0
[tick=85200] [HOST_A] RX bit=True
[tick=85300] [HOST_B] TX bit=1
[tick=85300] [HOST_A] RX bit=1
[tick=85400] [HOST_B] TX bit=0
[tick=85400] [HOST_A] RX bit=0
[tick=85500] [HOST_B] TX bit=0
[tick=85500] [HOST_A] RX bit=0
[tick=85600] [HOST_B] TX bit=0
[tick=85600] [HOST_A] RX bit=0
[tick=85700] [HOST_B] TX bit=0
[tick=85700] [HOST_A] RX bit=0
[tick=85800] [HOST_B] TX bit=0
[tick=85800] [HOST_A] RX bit=0
[tick=85900] [HOST_B] TX bit=0
[tick=85900] [HOST_A] RX bit=0
[tick=86000] [HOST_B] TX bit=1
[tick=86000] [HOST_A] RX bit=1
[tick=86100] [HOST_B] TX bit=0
[tick=86100] [HOST_A] RX bit=0
[tick=86200] [HOST_B] TX bit=1
[tick=86200] [HOST_A] RX bit=1
[tick=86300] [HOST_B] TX bit=0
[tick=86300] [HOST_A] RX bit=0
[tick=86300] [HOST_A] RX complete frame=0101000000111010
[tick=86300] [HOST_A] received corrupt ACK/NACK (status=PE); retransmitting segment 3
[tick=86400] [HOST_A] TX bit=0
[tick=86400] [HOST_B] RX bit=0
[tick=86500] [HOST_A] TX bit=1
[tick=86500] [HOST_B] RX bit=1
[tick=86600] [HOST_A] TX bit=0
[tick=86600] [HOST_B] RX bit=0
[tick=86700] [HOST_A] TX bit=0
[tick=86700] [HOST_B] RX bit=0
[tick=86800] [HOST_A] TX bit=1
[tick=86800] [HOST_B] RX bit=1
[tick=86900] [HOST_A] TX bit=0
[tick=86900] [HOST_B] RX bit=0
[tick=87000] [HOST_A] TX bit=1
[tick=87000] [HOST_B] RX bit=1
[tick=87100] [HOST_A] TX bit=1
[tick=87100] [HOST_B] RX bit=1
[tick=87200] [HOST_A] TX bit=0
[tick=87200] [HOST_B] RX bit=0
[tick=87300] [HOST_A] TX bit=1
[tick=87300] [HOST_B] RX bit=1
[tick=87400] [HOST_A] TX bit=0
[tick=87400] [HOST_B] RX bit=0
[tick=87500] [HOST_A] TX bit=0
[tick=87500] [HOST_B] RX bit=0
[tick=87600] [HOST_A] TX bit=1
[tick=87600] [HOST_B] RX bit=1
[tick=87700] [HOST_A] TX bit=0
[tick=87700] [HOST_B] RX bit=0
[tick=87800] [HOST_A] TX bit=1
[tick=87800] [HOST_B] RX bit=1
[tick=87900] [HOST_A] TX bit=0
[tick=87900] [HOST_B] RX bit=0
[tick=87900] [HOST_B] RX complete frame=0101001011010010
[tick=87900] [HOST_B] accepted segment 3 on attempt 13; sending ACK
[tick=88000] [HOST_B] TX bit=0
[tick=88000] [HOST_A] RX bit=0
[tick=88100] [HOST_B] TX bit=1
[tick=88100] [HOST_A] RX bit=1
[tick=88200] [HOST_B] TX bit=0
[tick=88200] [HOST_A] RX bit=0
[tick=88300] [HOST_B] TX bit=1
[tick=88300] [HOST_A] RX bit=1
[tick=88400] [HOST_B] TX bit=1
[tick=88400] [HOST_A] RX bit=1
[tick=88500] [HOST_B] TX bit=0
[tick=88500] [HOST_A] RX bit=0
[tick=88600] [HOST_B] TX bit=0
[tick=88600] [HOST_A] RX bit=True
[tick=88700] [HOST_B] TX bit=0
[tick=88700] [HOST_A] RX bit=0
[tick=88800] [HOST_B] TX bit=0
[tick=88800] [HOST_A] RX bit=True
[tick=88900] [HOST_B] TX bit=0
[tick=88900] [HOST_A] RX bit=True
[tick=89000] [HOST_B] TX bit=0
[tick=89000] [HOST_A] RX bit=0
[tick=89100] [HOST_B] TX bit=0
[tick=89100] [HOST_A] RX bit=0
[tick=89200] [HOST_B] TX bit=1
[tick=89200] [HOST_A] RX bit=1
[tick=89300] [HOST_B] TX bit=0
[tick=89300] [HOST_A] RX bit=0
[tick=89400] [HOST_B] TX bit=1
[tick=89400] [HOST_A] RX bit=1
[tick=89500] [HOST_B] TX bit=0
[tick=89500] [HOST_A] RX bit=0
[tick=89500] [HOST_A] RX complete frame=0101001101011010
[tick=89500] [HOST_A] received corrupt ACK/NACK (status=PE); retransmitting segment 3
[tick=89600] [HOST_A] TX bit=0
[tick=89600] [HOST_B] RX bit=0
[tick=89700] [HOST_A] TX bit=1
[tick=89700] [HOST_B] RX bit=1
[tick=89800] [HOST_A] TX bit=0
[tick=89800] [HOST_B] RX bit=0
[tick=89900] [HOST_A] TX bit=0
[tick=89900] [HOST_B] RX bit=0
[tick=90000] [HOST_A] TX bit=1
[tick=90000] [HOST_B] RX bit=1
[tick=90100] [HOST_A] TX bit=0
[tick=90100] [HOST_B] RX bit=0
[tick=90200] [HOST_A] TX bit=1
[tick=90200] [HOST_B] RX bit=False
[tick=90300] [HOST_A] TX bit=1
[tick=90300] [HOST_B] RX bit=1
[tick=90400] [HOST_A] TX bit=0
[tick=90400] [HOST_B] RX bit=0
[tick=90500] [HOST_A] TX bit=1
[tick=90500] [HOST_B] RX bit=1
[tick=90600] [HOST_A] TX bit=0
[tick=90600] [HOST_B] RX bit=0
[tick=90700] [HOST_A] TX bit=0
[tick=90700] [HOST_B] RX bit=True
[tick=90800] [HOST_A] TX bit=1
[tick=90800] [HOST_B] RX bit=1
[tick=90900] [HOST_A] TX bit=0
[tick=90900] [HOST_B] RX bit=0
[tick=91000] [HOST_A] TX bit=1
[tick=91000] [HOST_B] RX bit=1
[tick=91100] [HOST_A] TX bit=0
[tick=91100] [HOST_B] RX bit=0
[tick=91100] [HOST_B] RX complete frame=0101101010010010
[tick=91100] [HOST_B] rejected received frame and sends NACK for segment 3 (attempt 14, status=PE)
[tick=91200] [HOST_B] TX bit=0
[tick=91200] [HOST_A] RX bit=0
[tick=91300] [HOST_B] TX bit=1
[tick=91300] [HOST_A] RX bit=1
[tick=91400] [HOST_B] TX bit=0
[tick=91400] [HOST_A] RX bit=0
[tick=91500] [HOST_B] TX bit=1
[tick=91500] [HOST_A] RX bit=False
[tick=91600] [HOST_B] TX bit=0
[tick=91600] [HOST_A] RX bit=0
[tick=91700] [HOST_B] TX bit=1
[tick=91700] [HOST_A] RX bit=1
[tick=91800] [HOST_B] TX bit=0
[tick=91800] [HOST_A] RX bit=0
[tick=91900] [HOST_B] TX bit=0
[tick=91900] [HOST_A] RX bit=0
[tick=92000] [HOST_B] TX bit=0
[tick=92000] [HOST_A] RX bit=0
[tick=92100] [HOST_B] TX bit=0
[tick=92100] [HOST_A] RX bit=0
[tick=92200] [HOST_B] TX bit=0
[tick=92200] [HOST_A] RX bit=0
[tick=92300] [HOST_B] TX bit=0
[tick=92300] [HOST_A] RX bit=0
[tick=92400] [HOST_B] TX bit=1
[tick=92400] [HOST_A] RX bit=1
[tick=92500] [HOST_B] TX bit=0
[tick=92500] [HOST_A] RX bit=0
[tick=92600] [HOST_B] TX bit=1
[tick=92600] [HOST_A] RX bit=1
[tick=92700] [HOST_B] TX bit=0
[tick=92700] [HOST_A] RX bit=0
[tick=92700] [HOST_A] RX complete frame=0101000000100010
[tick=92700] [HOST_A] received corrupt ACK/NACK (status=PE); retransmitting segment 3
[tick=92800] [HOST_A] TX bit=0
[tick=92800] [HOST_B] RX bit=0
[tick=92900] [HOST_A] TX bit=1
[tick=92900] [HOST_B] RX bit=1
[tick=93000] [HOST_A] TX bit=0
[tick=93000] [HOST_B] RX bit=0
[tick=93100] [HOST_A] TX bit=0
[tick=93100] [HOST_B] RX bit=0
[tick=93200] [HOST_A] TX bit=1
[tick=93200] [HOST_B] RX bit=1
[tick=93300] [HOST_A] TX bit=0
[tick=93300] [HOST_B] RX bit=0
[tick=93400] [HOST_A] TX bit=1
[tick=93400] [HOST_B] RX bit=1
[tick=93500] [HOST_A] TX bit=1
[tick=93500] [HOST_B] RX bit=1
[tick=93600] [HOST_A] TX bit=0
[tick=93600] [HOST_B] RX bit=0
[tick=93700] [HOST_A] TX bit=1
[tick=93700] [HOST_B] RX bit=1
[tick=93800] [HOST_A] TX bit=0
[tick=93800] [HOST_B] RX bit=0
[tick=93900] [HOST_A] TX bit=0
[tick=93900] [HOST_B] RX bit=0
[tick=94000] [HOST_A] TX bit=1
[tick=94000] [HOST_B] RX bit=1
[tick=94100] [HOST_A] TX bit=0
[tick=94100] [HOST_B] RX bit=0
[tick=94200] [HOST_A] TX bit=1
[tick=94200] [HOST_B] RX bit=1
[tick=94300] [HOST_A] TX bit=0
[tick=94300] [HOST_B] RX bit=0
[tick=94300] [HOST_B] RX complete frame=0101001011010010
[tick=94300] [HOST_B] accepted segment 3 on attempt 15; sending ACK
[tick=94400] [HOST_B] TX bit=0
[tick=94400] [HOST_A] RX bit=0
[tick=94500] [HOST_B] TX bit=1
[tick=94500] [HOST_A] RX bit=False
[tick=94600] [HOST_B] TX bit=0
[tick=94600] [HOST_A] RX bit=0
[tick=94700] [HOST_B] TX bit=1
[tick=94700] [HOST_A] RX bit=1
[tick=94800] [HOST_B] TX bit=1
[tick=94800] [HOST_A] RX bit=1
[tick=94900] [HOST_B] TX bit=0
[tick=94900] [HOST_A] RX bit=0
[tick=95000] [HOST_B] TX bit=0
[tick=95000] [HOST_A] RX bit=0
[tick=95100] [HOST_B] TX bit=0
[tick=95100] [HOST_A] RX bit=0
[tick=95200] [HOST_B] TX bit=0
[tick=95200] [HOST_A] RX bit=0
[tick=95300] [HOST_B] TX bit=0
[tick=95300] [HOST_A] RX bit=0
[tick=95400] [HOST_B] TX bit=0
[tick=95400] [HOST_A] RX bit=0
[tick=95500] [HOST_B] TX bit=0
[tick=95500] [HOST_A] RX bit=0
[tick=95600] [HOST_B] TX bit=1
[tick=95600] [HOST_A] RX bit=1
[tick=95700] [HOST_B] TX bit=0
[tick=95700] [HOST_A] RX bit=0
[tick=95800] [HOST_B] TX bit=1
[tick=95800] [HOST_A] RX bit=1
[tick=95900] [HOST_B] TX bit=0
[tick=95900] [HOST_A] RX bit=0
[tick=95900] [HOST_A] RX complete frame=0101000000011000
[tick=95900] [HOST_A] received corrupt ACK/NACK (status=FE); retransmitting segment 3
[tick=96000] [HOST_A] TX bit=0
[tick=96000] [HOST_B] RX bit=0
[tick=96100] [HOST_A] TX bit=1
[tick=96100] [HOST_B] RX bit=1
[tick=96200] [HOST_A] TX bit=0
[tick=96200] [HOST_B] RX bit=0
[tick=96300] [HOST_A] TX bit=0
[tick=96300] [HOST_B] RX bit=0
[tick=96400] [HOST_A] TX bit=1
[tick=96400] [HOST_B] RX bit=False
[tick=96500] [HOST_A] TX bit=0
[tick=96500] [HOST_B] RX bit=0
[tick=96600] [HOST_A] TX bit=1
[tick=96600] [HOST_B] RX bit=1
[tick=96700] [HOST_A] TX bit=1
[tick=96700] [HOST_B] RX bit=1
[tick=96800] [HOST_A] TX bit=0
[tick=96800] [HOST_B] RX bit=0
[tick=96900] [HOST_A] TX bit=1
[tick=96900] [HOST_B] RX bit=1
[tick=97000] [HOST_A] TX bit=0
[tick=97000] [HOST_B] RX bit=0
[tick=97100] [HOST_A] TX bit=0
[tick=97100] [HOST_B] RX bit=0
[tick=97200] [HOST_A] TX bit=1
[tick=97200] [HOST_B] RX bit=1
[tick=97300] [HOST_A] TX bit=0
[tick=97300] [HOST_B] RX bit=0
[tick=97400] [HOST_A] TX bit=1
[tick=97400] [HOST_B] RX bit=1
[tick=97500] [HOST_A] TX bit=0
[tick=97500] [HOST_B] RX bit=0
[tick=97500] [HOST_B] RX complete frame=0101001011000010
[tick=97500] [HOST_B] rejected received frame and sends NACK for segment 3 (attempt 16, status=PE)
[tick=97600] [HOST_B] TX bit=0
[tick=97600] [HOST_A] RX bit=0
[tick=97700] [HOST_B] TX bit=1
[tick=97700] [HOST_A] RX bit=1
[tick=97800] [HOST_B] TX bit=0
[tick=97800] [HOST_A] RX bit=0
[tick=97900] [HOST_B] TX bit=1
[tick=97900] [HOST_A] RX bit=1
[tick=98000] [HOST_B] TX bit=0
[tick=98000] [HOST_A] RX bit=0
[tick=98100] [HOST_B] TX bit=1
[tick=98100] [HOST_A] RX bit=1
[tick=98200] [HOST_B] TX bit=0
[tick=98200] [HOST_A] RX bit=0
[tick=98300] [HOST_B] TX bit=0
[tick=98300] [HOST_A] RX bit=0
[tick=98400] [HOST_B] TX bit=0
[tick=98400] [HOST_A] RX bit=0
[tick=98500] [HOST_B] TX bit=0
[tick=98500] [HOST_A] RX bit=0
[tick=98600] [HOST_B] TX bit=0
[tick=98600] [HOST_A] RX bit=0
[tick=98700] [HOST_B] TX bit=0
[tick=98700] [HOST_A] RX bit=0
[tick=98800] [HOST_B] TX bit=1
[tick=98800] [HOST_A] RX bit=1
[tick=98900] [HOST_B] TX bit=0
[tick=98900] [HOST_A] RX bit=0
[tick=99000] [HOST_B] TX bit=1
[tick=99000] [HOST_A] RX bit=1
[tick=99100] [HOST_B] TX bit=0
[tick=99100] [HOST_A] RX bit=0
[tick=99100] [HOST_A] RX complete frame=0101000000101010
[tick=99100] [HOST_A] received NACK for segment 3; retransmitting
[tick=99200] [HOST_A] TX bit=0
[tick=99200] [HOST_B] RX bit=0
[tick=99300] [HOST_A] TX bit=1
[tick=99300] [HOST_B] RX bit=1
[tick=99400] [HOST_A] TX bit=0
[tick=99400] [HOST_B] RX bit=0
[tick=99500] [HOST_A] TX bit=0
[tick=99500] [HOST_B] RX bit=0
[tick=99600] [HOST_A] TX bit=1
[tick=99600] [HOST_B] RX bit=1
[tick=99700] [HOST_A] TX bit=0
[tick=99700] [HOST_B] RX bit=0
[tick=99800] [HOST_A] TX bit=1
[tick=99800] [HOST_B] RX bit=1
[tick=99900] [HOST_A] TX bit=1
[tick=99900] [HOST_B] RX bit=1
[tick=100000] [HOST_A] TX bit=0
[tick=100000] [HOST_B] RX bit=0
[tick=100100] [HOST_A] TX bit=1
[tick=100100] [HOST_B] RX bit=1
[tick=100200] [HOST_A] TX bit=0
[tick=100200] [HOST_B] RX bit=0
[tick=100300] [HOST_A] TX bit=0
[tick=100300] [HOST_B] RX bit=0
[tick=100400] [HOST_A] TX bit=1
[tick=100400] [HOST_B] RX bit=1
[tick=100500] [HOST_A] TX bit=0
[tick=100500] [HOST_B] RX bit=0
[tick=100600] [HOST_A] TX bit=1
[tick=100600] [HOST_B] RX bit=1
[tick=100700] [HOST_A] TX bit=0
[tick=100700] [HOST_B] RX bit=0
[tick=100700] [HOST_B] RX complete frame=0101001011010010
[tick=100700] [HOST_B] accepted segment 3 on attempt 17; sending ACK
[tick=100800] [HOST_B] TX bit=0
[tick=100800] [HOST_A] RX bit=0
[tick=100900] [HOST_B] TX bit=1
[tick=100900] [HOST_A] RX bit=1
[tick=101000] [HOST_B] TX bit=0
[tick=101000] [HOST_A] RX bit=0
[tick=101100] [HOST_B] TX bit=1
[tick=101100] [HOST_A] RX bit=1
[tick=101200] [HOST_B] TX bit=1
[tick=101200] [HOST_A] RX bit=1
[tick=101300] [HOST_B] TX bit=0
[tick=101300] [HOST_A] RX bit=0
[tick=101400] [HOST_B] TX bit=0
[tick=101400] [HOST_A] RX bit=0
[tick=101500] [HOST_B] TX bit=0
[tick=101500] [HOST_A] RX bit=0
[tick=101600] [HOST_B] TX bit=0
[tick=101600] [HOST_A] RX bit=0
[tick=101700] [HOST_B] TX bit=0
[tick=101700] [HOST_A] RX bit=0
[tick=101800] [HOST_B] TX bit=0
[tick=101800] [HOST_A] RX bit=0
[tick=101900] [HOST_B] TX bit=0
[tick=101900] [HOST_A] RX bit=0
[tick=102000] [HOST_B] TX bit=1
[tick=102000] [HOST_A] RX bit=1
[tick=102100] [HOST_B] TX bit=0
[tick=102100] [HOST_A] RX bit=0
[tick=102200] [HOST_B] TX bit=1
[tick=102200] [HOST_A] RX bit=1
[tick=102300] [HOST_B] TX bit=0
[tick=102300] [HOST_A] RX bit=0
[tick=102300] [HOST_A] RX complete frame=0101000000011010
[tick=102300] [HOST_A] received ACK for segment 3
[tick=102400] [HOST_A] TX bit=0
[tick=102400] [HOST_B] RX bit=0
[tick=102500] [HOST_A] TX bit=1
[tick=102500] [HOST_B] RX bit=1
[tick=102600] [HOST_A] TX bit=0
[tick=102600] [HOST_B] RX bit=0
[tick=102700] [HOST_A] TX bit=0
[tick=102700] [HOST_B] RX bit=0
[tick=102800] [HOST_A] TX bit=1
[tick=102800] [HOST_B] RX bit=1
[tick=102900] [HOST_A] TX bit=0
[tick=102900] [HOST_B] RX bit=0
[tick=103000] [HOST_A] TX bit=0
[tick=103000] [HOST_B] RX bit=0
[tick=103100] [HOST_A] TX bit=0
[tick=103100] [HOST_B] RX bit=0
[tick=103200] [HOST_A] TX bit=0
[tick=103200] [HOST_B] RX bit=0
[tick=103300] [HOST_A] TX bit=0
[tick=103300] [HOST_B] RX bit=0
[tick=103400] [HOST_A] TX bit=1
[tick=103400] [HOST_B] RX bit=1
[tick=103500] [HOST_A] TX bit=0
[tick=103500] [HOST_B] RX bit=0
[tick=103600] [HOST_A] TX bit=1
[tick=103600] [HOST_B] RX bit=1
[tick=103700] [HOST_A] TX bit=0
[tick=103700] [HOST_B] RX bit=0
[tick=103800] [HOST_A] TX bit=1
[tick=103800] [HOST_B] RX bit=1
[tick=103900] [HOST_A] TX bit=0
[tick=103900] [HOST_B] RX bit=0
[tick=103900] [HOST_B] RX complete frame=0101010000010010
[tick=103900] [HOST_B] accepted segment 4 on attempt 1; sending ACK
[tick=103900] [HOST_B] last decoded frame for segment 4: 'A'
[tick=104000] [HOST_B] TX bit=0
[tick=104000] [HOST_A] RX bit=0
[tick=104100] [HOST_B] TX bit=1
[tick=104100] [HOST_A] RX bit=False
[tick=104200] [HOST_B] TX bit=0
[tick=104200] [HOST_A] RX bit=0
[tick=104300] [HOST_B] TX bit=1
[tick=104300] [HOST_A] RX bit=1
[tick=104400] [HOST_B] TX bit=1
[tick=104400] [HOST_A] RX bit=1
[tick=104500] [HOST_B] TX bit=0
[tick=104500] [HOST_A] RX bit=0
[tick=104600] [HOST_B] TX bit=0
[tick=104600] [HOST_A] RX bit=0
[tick=104700] [HOST_B] TX bit=0
[tick=104700] [HOST_A] RX bit=0
[tick=104800] [HOST_B] TX bit=0
[tick=104800] [HOST_A] RX bit=0
[tick=104900] [HOST_B] TX bit=0
[tick=104900] [HOST_A] RX bit=0
[tick=105000] [HOST_B] TX bit=0
[tick=105000] [HOST_A] RX bit=0
[tick=105100] [HOST_B] TX bit=0
[tick=105100] [HOST_A] RX bit=0
[tick=105200] [HOST_B] TX bit=1
[tick=105200] [HOST_A] RX bit=1
[tick=105300] [HOST_B] TX bit=0
[tick=105300] [HOST_A] RX bit=0
[tick=105400] [HOST_B] TX bit=1
[tick=105400] [HOST_A] RX bit=1
[tick=105500] [HOST_B] TX bit=0
[tick=105500] [HOST_A] RX bit=True
[tick=105500] [HOST_A] RX complete frame=1101000000011000
[tick=105500] [HOST_A] received corrupt ACK/NACK (status=FE); retransmitting segment 4
[tick=105600] [HOST_A] TX bit=0
[tick=105600] [HOST_B] RX bit=0
[tick=105700] [HOST_A] TX bit=1
[tick=105700] [HOST_B] RX bit=1
[tick=105800] [HOST_A] TX bit=0
[tick=105800] [HOST_B] RX bit=0
[tick=105900] [HOST_A] TX bit=0
[tick=105900] [HOST_B] RX bit=True
[tick=106000] [HOST_A] TX bit=1
[tick=106000] [HOST_B] RX bit=1
[tick=106100] [HOST_A] TX bit=0
[tick=106100] [HOST_B] RX bit=0
[tick=106200] [HOST_A] TX bit=0
[tick=106200] [HOST_B] RX bit=0
[tick=106300] [HOST_A] TX bit=0
[tick=106300] [HOST_B] RX bit=0
[tick=106400] [HOST_A] TX bit=0
[tick=106400] [HOST_B] RX bit=0
[tick=106500] [HOST_A] TX bit=0
[tick=106500] [HOST_B] RX bit=0
[tick=106600] [HOST_A] TX bit=1
[tick=106600] [HOST_B] RX bit=1
[tick=106700] [HOST_A] TX bit=0
[tick=106700] [HOST_B] RX bit=0
[tick=106800] [HOST_A] TX bit=1
[tick=106800] [HOST_B] RX bit=1
[tick=106900] [HOST_A] TX bit=0
[tick=106900] [HOST_B] RX bit=0
[tick=107000] [HOST_A] TX bit=1
[tick=107000] [HOST_B] RX bit=1
[tick=107100] [HOST_A] TX bit=0
[tick=107100] [HOST_B] RX bit=0
[tick=107100] [HOST_B] RX complete frame=0101010000011010
[tick=107100] [HOST_B] rejected received frame and sends NACK for segment 4 (attempt 2, status=PE)
[tick=107200] [HOST_B] TX bit=0
[tick=107200] [HOST_A] RX bit=0
[tick=107300] [HOST_B] TX bit=1
[tick=107300] [HOST_A] RX bit=1
[tick=107400] [HOST_B] TX bit=0
[tick=107400] [HOST_A] RX bit=0
[tick=107500] [HOST_B] TX bit=1
[tick=107500] [HOST_A] RX bit=1
[tick=107600] [HOST_B] TX bit=0
[tick=107600] [HOST_A] RX bit=0
[tick=107700] [HOST_B] TX bit=1
[tick=107700] [HOST_A] RX bit=1
[tick=107800] [HOST_B] TX bit=0
[tick=107800] [HOST_A] RX bit=0
[tick=107900] [HOST_B] TX bit=0
[tick=107900] [HOST_A] RX bit=0
[tick=108000] [HOST_B] TX bit=0
[tick=108000] [HOST_A] RX bit=0
[tick=108100] [HOST_B] TX bit=0
[tick=108100] [HOST_A] RX bit=0
[tick=108200] [HOST_B] TX bit=0
[tick=108200] [HOST_A] RX bit=0
[tick=108300] [HOST_B] TX bit=0
[tick=108300] [HOST_A] RX bit=0
[tick=108400] [HOST_B] TX bit=1
[tick=108400] [HOST_A] RX bit=1
[tick=108500] [HOST_B] TX bit=0
[tick=108500] [HOST_A] RX bit=0
[tick=108600] [HOST_B] TX bit=1
[tick=108600] [HOST_A] RX bit=1
[tick=108700] [HOST_B] TX bit=0
[tick=108700] [HOST_A] RX bit=True
[tick=108700] [HOST_A] RX complete frame=1101000000101010
[tick=108700] [HOST_A] received corrupt ACK/NACK (status=FS); retransmitting segment 4
[tick=108800] [HOST_A] TX bit=0
[tick=108800] [HOST_B] RX bit=True
[tick=108900] [HOST_A] TX bit=1
[tick=108900] [HOST_B] RX bit=1
[tick=109000] [HOST_A] TX bit=0
[tick=109000] [HOST_B] RX bit=0
[tick=109100] [HOST_A] TX bit=0
[tick=109100] [HOST_B] RX bit=0
[tick=109200] [HOST_A] TX bit=1
[tick=109200] [HOST_B] RX bit=1
[tick=109300] [HOST_A] TX bit=0
[tick=109300] [HOST_B] RX bit=0
[tick=109400] [HOST_A] TX bit=0
[tick=109400] [HOST_B] RX bit=0
[tick=109500] [HOST_A] TX bit=0
[tick=109500] [HOST_B] RX bit=0
[tick=109600] [HOST_A] TX bit=0
[tick=109600] [HOST_B] RX bit=0
[tick=109700] [HOST_A] TX bit=0
[tick=109700] [HOST_B] RX bit=0
[tick=109800] [HOST_A] TX bit=1
[tick=109800] [HOST_B] RX bit=1
[tick=109900] [HOST_A] TX bit=0
[tick=109900] [HOST_B] RX bit=0
[tick=110000] [HOST_A] TX bit=1
[tick=110000] [HOST_B] RX bit=1
[tick=110100] [HOST_A] TX bit=0
[tick=110100] [HOST_B] RX bit=0
[tick=110200] [HOST_A] TX bit=1
[tick=110200] [HOST_B] RX bit=1
[tick=110300] [HOST_A] TX bit=0
[tick=110300] [HOST_B] RX bit=0
[tick=110300] [HOST_B] RX complete frame=0101010000010011
[tick=110300] [HOST_B] rejected received frame and sends NACK for segment 4 (attempt 3, status=FE)
[tick=110400] [HOST_B] TX bit=0
[tick=110400] [HOST_A] RX bit=0
[tick=110500] [HOST_B] TX bit=1
[tick=110500] [HOST_A] RX bit=1
[tick=110600] [HOST_B] TX bit=0
[tick=110600] [HOST_A] RX bit=0
[tick=110700] [HOST_B] TX bit=1
[tick=110700] [HOST_A] RX bit=1
[tick=110800] [HOST_B] TX bit=0
[tick=110800] [HOST_A] RX bit=True
[tick=110900] [HOST_B] TX bit=1
[tick=110900] [HOST_A] RX bit=1
[tick=111000] [HOST_B] TX bit=0
[tick=111000] [HOST_A] RX bit=0
[tick=111100] [HOST_B] TX bit=0
[tick=111100] [HOST_A] RX bit=0
[tick=111200] [HOST_B] TX bit=0
[tick=111200] [HOST_A] RX bit=0
[tick=111300] [HOST_B] TX bit=0
[tick=111300] [HOST_A] RX bit=True
[tick=111400] [HOST_B] TX bit=0
[tick=111400] [HOST_A] RX bit=0
[tick=111500] [HOST_B] TX bit=0
[tick=111500] [HOST_A] RX bit=0
[tick=111600] [HOST_B] TX bit=1
[tick=111600] [HOST_A] RX bit=1
[tick=111700] [HOST_B] TX bit=0
[tick=111700] [HOST_A] RX bit=0
[tick=111800] [HOST_B] TX bit=1
[tick=111800] [HOST_A] RX bit=1
[tick=111900] [HOST_B] TX bit=0
[tick=111900] [HOST_A] RX bit=True
[tick=111900] [HOST_A] RX complete frame=1101001000111010
[tick=111900] [HOST_A] received corrupt ACK/NACK (status=FS); retransmitting segment 4
[tick=112000] [HOST_A] TX bit=0
[tick=112000] [HOST_B] RX bit=0
[tick=112100] [HOST_A] TX bit=1
[tick=112100] [HOST_B] RX bit=1
[tick=112200] [HOST_A] TX bit=0
[tick=112200] [HOST_B] RX bit=0
[tick=112300] [HOST_A] TX bit=0
[tick=112300] [HOST_B] RX bit=0
[tick=112400] [HOST_A] TX bit=1
[tick=112400] [HOST_B] RX bit=1
[tick=112500] [HOST_A] TX bit=0
[tick=112500] [HOST_B] RX bit=0
[tick=112600] [HOST_A] TX bit=0
[tick=112600] [HOST_B] RX bit=0
[tick=112700] [HOST_A] TX bit=0
[tick=112700] [HOST_B] RX bit=0
[tick=112800] [HOST_A] TX bit=0
[tick=112800] [HOST_B] RX bit=0
[tick=112900] [HOST_A] TX bit=0
[tick=112900] [HOST_B] RX bit=True
[tick=113000] [HOST_A] TX bit=1
[tick=113000] [HOST_B] RX bit=1
[tick=113100] [HOST_A] TX bit=0
[tick=113100] [HOST_B] RX bit=0
[tick=113200] [HOST_A] TX bit=1
[tick=113200] [HOST_B] RX bit=1
[tick=113300] [HOST_A] TX bit=0
[tick=113300] [HOST_B] RX bit=0
[tick=113400] [HOST_A] TX bit=1
[tick=113400] [HOST_B] RX bit=1
[tick=113500] [HOST_A] TX bit=0
[tick=113500] [HOST_B] RX bit=0
[tick=113500] [HOST_B] RX complete frame=0101011000010010
[tick=113500] [HOST_B] rejected received frame and sends NACK for segment 4 (attempt 4, status=PE)
[tick=113600] [HOST_B] TX bit=0
[tick=113600] [HOST_A] RX bit=0
[tick=113700] [HOST_B] TX bit=1
[tick=113700] [HOST_A] RX bit=False
[tick=113800] [HOST_B] TX bit=0
[tick=113800] [HOST_A] RX bit=0
[tick=113900] [HOST_B] TX bit=1
[tick=113900] [HOST_A] RX bit=1
[tick=114000] [HOST_B] TX bit=0
[tick=114000] [HOST_A] RX bit=0
[tick=114100] [HOST_B] TX bit=1
[tick=114100] [HOST_A] RX bit=1
[tick=114200] [HOST_B] TX bit=0
[tick=114200] [HOST_A] RX bit=0
[tick=114300] [HOST_B] TX bit=0
[tick=114300] [HOST_A] RX bit=0
[tick=114400] [HOST_B] TX bit=0
[tick=114400] [HOST_A] RX bit=0
[tick=114500] [HOST_B] TX bit=0
[tick=114500] [HOST_A] RX bit=0
[tick=114600] [HOST_B] TX bit=0
[tick=114600] [HOST_A] RX bit=0
[tick=114700] [HOST_B] TX bit=0
[tick=114700] [HOST_A] RX bit=0
[tick=114800] [HOST_B] TX bit=1
[tick=114800] [HOST_A] RX bit=1
[tick=114900] [HOST_B] TX bit=0
[tick=114900] [HOST_A] RX bit=0
[tick=115000] [HOST_B] TX bit=1
[tick=115000] [HOST_A] RX bit=1
[tick=115100] [HOST_B] TX bit=0
[tick=115100] [HOST_A] RX bit=0
[tick=115100] [HOST_A] RX complete frame=0101000000101000
[tick=115100] [HOST_A] received corrupt ACK/NACK (status=FE); retransmitting segment 4
[tick=115200] [HOST_A] TX bit=0
[tick=115200] [HOST_B] RX bit=0
[tick=115300] [HOST_A] TX bit=1
[tick=115300] [HOST_B] RX bit=1
[tick=115400] [HOST_A] TX bit=0
[tick=115400] [HOST_B] RX bit=0
[tick=115500] [HOST_A] TX bit=0
[tick=115500] [HOST_B] RX bit=0
[tick=115600] [HOST_A] TX bit=1
[tick=115600] [HOST_B] RX bit=1
[tick=115700] [HOST_A] TX bit=0
[tick=115700] [HOST_B] RX bit=0
[tick=115800] [HOST_A] TX bit=0
[tick=115800] [HOST_B] RX bit=0
[tick=115900] [HOST_A] TX bit=0
[tick=115900] [HOST_B] RX bit=0
[tick=116000] [HOST_A] TX bit=0
[tick=116000] [HOST_B] RX bit=0
[tick=116100] [HOST_A] TX bit=0
[tick=116100] [HOST_B] RX bit=0
[tick=116200] [HOST_A] TX bit=1
[tick=116200] [HOST_B] RX bit=1
[tick=116300] [HOST_A] TX bit=0
[tick=116300] [HOST_B] RX bit=0
[tick=116400] [HOST_A] TX bit=1
[tick=116400] [HOST_B] RX bit=1
[tick=116500] [HOST_A] TX bit=0
[tick=116500] [HOST_B] RX bit=0
[tick=116600] [HOST_A] TX bit=1
[tick=116600] [HOST_B] RX bit=1
[tick=116700] [HOST_A] TX bit=0
[tick=116700] [HOST_B] RX bit=0
[tick=116700] [HOST_B] RX complete frame=0101010000010010
[tick=116700] [HOST_B] accepted segment 4 on attempt 5; sending ACK
[tick=116800] [HOST_B] TX bit=0
[tick=116800] [HOST_A] RX bit=0
[tick=116900] [HOST_B] TX bit=1
[tick=116900] [HOST_A] RX bit=1
[tick=117000] [HOST_B] TX bit=0
[tick=117000] [HOST_A] RX bit=0
[tick=117100] [HOST_B] TX bit=1
[tick=117100] [HOST_A] RX bit=1
[tick=117200] [HOST_B] TX bit=1
[tick=117200] [HOST_A] RX bit=1
[tick=117300] [HOST_B] TX bit=0
[tick=117300] [HOST_A] RX bit=0
[tick=117400] [HOST_B] TX bit=0
[tick=117400] [HOST_A] RX bit=0
[tick=117500] [HOST_B] TX bit=0
[tick=117500] [HOST_A] RX bit=0
[tick=117600] [HOST_B] TX bit=0
[tick=117600] [HOST_A] RX bit=0
[tick=117700] [HOST_B] TX bit=0
[tick=117700] [HOST_A] RX bit=0
[tick=117800] [HOST_B] TX bit=0
[tick=117800] [HOST_A] RX bit=0
[tick=117900] [HOST_B] TX bit=0
[tick=117900] [HOST_A] RX bit=0
[tick=118000] [HOST_B] TX bit=1
[tick=118000] [HOST_A] RX bit=1
[tick=118100] [HOST_B] TX bit=0
[tick=118100] [HOST_A] RX bit=0
[tick=118200] [HOST_B] TX bit=1
[tick=118200] [HOST_A] RX bit=1
[tick=118300] [HOST_B] TX bit=0
[tick=118300] [HOST_A] RX bit=0
[tick=118300] [HOST_A] RX complete frame=0101000000011010
[tick=118300] [HOST_A] received ACK for segment 4
[tick=118400] [HOST_A] TX bit=0
[tick=118400] [HOST_B] RX bit=0
[tick=118500] [HOST_A] TX bit=1
[tick=118500] [HOST_B] RX bit=1
[tick=118600] [HOST_A] TX bit=0
[tick=118600] [HOST_B] RX bit=0
[tick=118700] [HOST_A] TX bit=1
[tick=118700] [HOST_B] RX bit=1
[tick=118800] [HOST_A] TX bit=0
[tick=118800] [HOST_B] RX bit=0
[tick=118900] [HOST_A] TX bit=1
[tick=118900] [HOST_B] RX bit=1
[tick=119000] [HOST_A] TX bit=1
[tick=119000] [HOST_B] RX bit=1
[tick=119100] [HOST_A] TX bit=1
[tick=119100] [HOST_B] RX bit=1
[tick=119200] [HOST_A] TX bit=0
[tick=119200] [HOST_B] RX bit=0
[tick=119300] [HOST_A] TX bit=1
[tick=119300] [HOST_B] RX bit=1
[tick=119400] [HOST_A] TX bit=1
[tick=119400] [HOST_B] RX bit=1
[tick=119500] [HOST_A] TX bit=0
[tick=119500] [HOST_B] RX bit=True
[tick=119600] [HOST_A] TX bit=1
[tick=119600] [HOST_B] RX bit=1
[tick=119700] [HOST_A] TX bit=0
[tick=119700] [HOST_B] RX bit=0
[tick=119800] [HOST_A] TX bit=1
[tick=119800] [HOST_B] RX bit=1
[tick=119900] [HOST_A] TX bit=0
[tick=119900] [HOST_B] RX bit=0
[tick=119900] [HOST_B] RX complete frame=0101111011101010
[tick=119900] [HOST_B] rejected received frame and sends NACK for segment 5 (attempt 1, status=PE)
[tick=120000] [HOST_B] TX bit=0
[tick=120000] [HOST_A] RX bit=0
[tick=120100] [HOST_B] TX bit=1
[tick=120100] [HOST_A] RX bit=False
[tick=120200] [HOST_B] TX bit=0
[tick=120200] [HOST_A] RX bit=0
[tick=120300] [HOST_B] TX bit=1
[tick=120300] [HOST_A] RX bit=1
[tick=120400] [HOST_B] TX bit=0
[tick=120400] [HOST_A] RX bit=0
[tick=120500] [HOST_B] TX bit=1
[tick=120500] [HOST_A] RX bit=1
[tick=120600] [HOST_B] TX bit=0
[tick=120600] [HOST_A] RX bit=0
[tick=120700] [HOST_B] TX bit=0
[tick=120700] [HOST_A] RX bit=0
[tick=120800] [HOST_B] TX bit=0
[tick=120800] [HOST_A] RX bit=0
[tick=120900] [HOST_B] TX bit=0
[tick=120900] [HOST_A] RX bit=0
[tick=121000] [HOST_B] TX bit=0
[tick=121000] [HOST_A] RX bit=0
[tick=121100] [HOST_B] TX bit=0
[tick=121100] [HOST_A] RX bit=0
[tick=121200] [HOST_B] TX bit=1
[tick=121200] [HOST_A] RX bit=1
[tick=121300] [HOST_B] TX bit=0
[tick=121300] [HOST_A] RX bit=0
[tick=121400] [HOST_B] TX bit=1
[tick=121400] [HOST_A] RX bit=1
[tick=121500] [HOST_B] TX bit=0
[tick=121500] [HOST_A] RX bit=0
[tick=121500] [HOST_A] RX complete frame=0101000000101000
[tick=121500] [HOST_A] received corrupt ACK/NACK (status=FE); retransmitting segment 5
[tick=121600] [HOST_A] TX bit=0
[tick=121600] [HOST_B] RX bit=0
[tick=121700] [HOST_A] TX bit=1
[tick=121700] [HOST_B] RX bit=1
[tick=121800] [HOST_A] TX bit=0
[tick=121800] [HOST_B] RX bit=0
[tick=121900] [HOST_A] TX bit=1
[tick=121900] [HOST_B] RX bit=1
[tick=122000] [HOST_A] TX bit=0
[tick=122000] [HOST_B] RX bit=0
[tick=122100] [HOST_A] TX bit=1
[tick=122100] [HOST_B] RX bit=1
[tick=122200] [HOST_A] TX bit=1
[tick=122200] [HOST_B] RX bit=1
[tick=122300] [HOST_A] TX bit=1
[tick=122300] [HOST_B] RX bit=1
[tick=122400] [HOST_A] TX bit=0
[tick=122400] [HOST_B] RX bit=0
[tick=122500] [HOST_A] TX bit=1
[tick=122500] [HOST_B] RX bit=1
[tick=122600] [HOST_A] TX bit=1
[tick=122600] [HOST_B] RX bit=1
[tick=122700] [HOST_A] TX bit=0
[tick=122700] [HOST_B] RX bit=0
[tick=122800] [HOST_A] TX bit=1
[tick=122800] [HOST_B] RX bit=1
[tick=122900] [HOST_A] TX bit=0
[tick=122900] [HOST_B] RX bit=0
[tick=123000] [HOST_A] TX bit=1
[tick=123000] [HOST_B] RX bit=1
[tick=123100] [HOST_A] TX bit=0
[tick=123100] [HOST_B] RX bit=0
[tick=123100] [HOST_B] RX complete frame=0101011011101010
[tick=123100] [HOST_B] accepted segment 5 on attempt 2; sending ACK
[tick=123100] [HOST_B] last decoded frame for segment 5: 'n'
[tick=123200] [HOST_B] TX bit=0
[tick=123200] [HOST_A] RX bit=0
[tick=123300] [HOST_B] TX bit=1
[tick=123300] [HOST_A] RX bit=1
[tick=123400] [HOST_B] TX bit=0
[tick=123400] [HOST_A] RX bit=0
[tick=123500] [HOST_B] TX bit=1
[tick=123500] [HOST_A] RX bit=1
[tick=123600] [HOST_B] TX bit=1
[tick=123600] [HOST_A] RX bit=1
[tick=123700] [HOST_B] TX bit=0
[tick=123700] [HOST_A] RX bit=0
[tick=123800] [HOST_B] TX bit=0
[tick=123800] [HOST_A] RX bit=0
[tick=123900] [HOST_B] TX bit=0
[tick=123900] [HOST_A] RX bit=0
[tick=124000] [HOST_B] TX bit=0
[tick=124000] [HOST_A] RX bit=0
[tick=124100] [HOST_B] TX bit=0
[tick=124100] [HOST_A] RX bit=0
[tick=124200] [HOST_B] TX bit=0
[tick=124200] [HOST_A] RX bit=0
[tick=124300] [HOST_B] TX bit=0
[tick=124300] [HOST_A] RX bit=0
[tick=124400] [HOST_B] TX bit=1
[tick=124400] [HOST_A] RX bit=False
[tick=124500] [HOST_B] TX bit=0
[tick=124500] [HOST_A] RX bit=0
[tick=124600] [HOST_B] TX bit=1
[tick=124600] [HOST_A] RX bit=1
[tick=124700] [HOST_B] TX bit=0
[tick=124700] [HOST_A] RX bit=0
[tick=124700] [HOST_A] RX complete frame=0100000000011010
[tick=124700] [HOST_A] received corrupt ACK/NACK (status=FS); retransmitting segment 5
[tick=124800] [HOST_A] TX bit=0
[tick=124800] [HOST_B] RX bit=0
[tick=124900] [HOST_A] TX bit=1
[tick=124900] [HOST_B] RX bit=1
[tick=125000] [HOST_A] TX bit=0
[tick=125000] [HOST_B] RX bit=0
[tick=125100] [HOST_A] TX bit=1
[tick=125100] [HOST_B] RX bit=1
[tick=125200] [HOST_A] TX bit=0
[tick=125200] [HOST_B] RX bit=0
[tick=125300] [HOST_A] TX bit=1
[tick=125300] [HOST_B] RX bit=1
[tick=125400] [HOST_A] TX bit=1
[tick=125400] [HOST_B] RX bit=1
[tick=125500] [HOST_A] TX bit=1
[tick=125500] [HOST_B] RX bit=1
[tick=125600] [HOST_A] TX bit=0
[tick=125600] [HOST_B] RX bit=0
[tick=125700] [HOST_A] TX bit=1
[tick=125700] [HOST_B] RX bit=1
[tick=125800] [HOST_A] TX bit=1
[tick=125800] [HOST_B] RX bit=1
[tick=125900] [HOST_A] TX bit=0
[tick=125900] [HOST_B] RX bit=True
[tick=126000] [HOST_A] TX bit=1
[tick=126000] [HOST_B] RX bit=1
[tick=126100] [HOST_A] TX bit=0
[tick=126100] [HOST_B] RX bit=0
[tick=126200] [HOST_A] TX bit=1
[tick=126200] [HOST_B] RX bit=1
[tick=126300] [HOST_A] TX bit=0
[tick=126300] [HOST_B] RX bit=0
[tick=126300] [HOST_B] RX complete frame=0101111011101010
[tick=126300] [HOST_B] rejected received frame and sends NACK for segment 5 (attempt 3, status=PE)
[tick=126400] [HOST_B] TX bit=0
[tick=126400] [HOST_A] RX bit=0
[tick=126500] [HOST_B] TX bit=1
[tick=126500] [HOST_A] RX bit=1
[tick=126600] [HOST_B] TX bit=0
[tick=126600] [HOST_A] RX bit=0
[tick=126700] [HOST_B] TX bit=1
[tick=126700] [HOST_A] RX bit=1
[tick=126800] [HOST_B] TX bit=0
[tick=126800] [HOST_A] RX bit=0
[tick=126900] [HOST_B] TX bit=1
[tick=126900] [HOST_A] RX bit=1
[tick=127000] [HOST_B] TX bit=0
[tick=127000] [HOST_A] RX bit=0
[tick=127100] [HOST_B] TX bit=0
[tick=127100] [HOST_A] RX bit=0
[tick=127200] [HOST_B] TX bit=0
[tick=127200] [HOST_A] RX bit=0
[tick=127300] [HOST_B] TX bit=0
[tick=127300] [HOST_A] RX bit=0
[tick=127400] [HOST_B] TX bit=0
[tick=127400] [HOST_A] RX bit=0
[tick=127500] [HOST_B] TX bit=0
[tick=127500] [HOST_A] RX bit=0
[tick=127600] [HOST_B] TX bit=1
[tick=127600] [HOST_A] RX bit=1
[tick=127700] [HOST_B] TX bit=0
[tick=127700] [HOST_A] RX bit=0
[tick=127800] [HOST_B] TX bit=1
[tick=127800] [HOST_A] RX bit=1
[tick=127900] [HOST_B] TX bit=0
[tick=127900] [HOST_A] RX bit=0
[tick=127900] [HOST_A] RX complete frame=0101000000101010
[tick=127900] [HOST_A] received NACK for segment 5; retransmitting
[tick=128000] [HOST_A] TX bit=0
[tick=128000] [HOST_B] RX bit=0
[tick=128100] [HOST_A] TX bit=1
[tick=128100] [HOST_B] RX bit=1
[tick=128200] [HOST_A] TX bit=0
[tick=128200] [HOST_B] RX bit=0
[tick=128300] [HOST_A] TX bit=1
[tick=128300] [HOST_B] RX bit=1
[tick=128400] [HOST_A] TX bit=0
[tick=128400] [HOST_B] RX bit=0
[tick=128500] [HOST_A] TX bit=1
[tick=128500] [HOST_B] RX bit=1
[tick=128600] [HOST_A] TX bit=1
[tick=128600] [HOST_B] RX bit=1
[tick=128700] [HOST_A] TX bit=1
[tick=128700] [HOST_B] RX bit=1
[tick=128800] [HOST_A] TX bit=0
[tick=128800] [HOST_B] RX bit=0
[tick=128900] [HOST_A] TX bit=1
[tick=128900] [HOST_B] RX bit=1
[tick=129000] [HOST_A] TX bit=1
[tick=129000] [HOST_B] RX bit=1
[tick=129100] [HOST_A] TX bit=0
[tick=129100] [HOST_B] RX bit=0
[tick=129200] [HOST_A] TX bit=1
[tick=129200] [HOST_B] RX bit=1
[tick=129300] [HOST_A] TX bit=0
[tick=129300] [HOST_B] RX bit=True
[tick=129400] [HOST_A] TX bit=1
[tick=129400] [HOST_B] RX bit=1
[tick=129500] [HOST_A] TX bit=0
[tick=129500] [HOST_B] RX bit=0
[tick=129500] [HOST_B] RX complete frame=0111011011101010
[tick=129500] [HOST_B] rejected received frame and sends NACK for segment 5 (attempt 4, status=FS)
[tick=129600] [HOST_B] TX bit=0
[tick=129600] [HOST_A] RX bit=0
[tick=129700] [HOST_B] TX bit=1
[tick=129700] [HOST_A] RX bit=1
[tick=129800] [HOST_B] TX bit=0
[tick=129800] [HOST_A] RX bit=0
[tick=129900] [HOST_B] TX bit=1
[tick=129900] [HOST_A] RX bit=1
[tick=130000] [HOST_B] TX bit=0
[tick=130000] [HOST_A] RX bit=0
[tick=130100] [HOST_B] TX bit=1
[tick=130100] [HOST_A] RX bit=1
[tick=130200] [HOST_B] TX bit=0
[tick=130200] [HOST_A] RX bit=0
[tick=130300] [HOST_B] TX bit=0
[tick=130300] [HOST_A] RX bit=0
[tick=130400] [HOST_B] TX bit=0
[tick=130400] [HOST_A] RX bit=0
[tick=130500] [HOST_B] TX bit=0
[tick=130500] [HOST_A] RX bit=0
[tick=130600] [HOST_B] TX bit=0
[tick=130600] [HOST_A] RX bit=0
[tick=130700] [HOST_B] TX bit=0
[tick=130700] [HOST_A] RX bit=0
[tick=130800] [HOST_B] TX bit=1
[tick=130800] [HOST_A] RX bit=1
[tick=130900] [HOST_B] TX bit=0
[tick=130900] [HOST_A] RX bit=0
[tick=131000] [HOST_B] TX bit=1
[tick=131000] [HOST_A] RX bit=1
[tick=131100] [HOST_B] TX bit=0
[tick=131100] [HOST_A] RX bit=True
[tick=131100] [HOST_A] RX complete frame=1101000000101010
[tick=131100] [HOST_A] received corrupt ACK/NACK (status=FS); retransmitting segment 5
[tick=131200] [HOST_A] TX bit=0
[tick=131200] [HOST_B] RX bit=0
[tick=131300] [HOST_A] TX bit=1
[tick=131300] [HOST_B] RX bit=1
[tick=131400] [HOST_A] TX bit=0
[tick=131400] [HOST_B] RX bit=0
[tick=131500] [HOST_A] TX bit=1
[tick=131500] [HOST_B] RX bit=1
[tick=131600] [HOST_A] TX bit=0
[tick=131600] [HOST_B] RX bit=0
[tick=131700] [HOST_A] TX bit=1
[tick=131700] [HOST_B] RX bit=1
[tick=131800] [HOST_A] TX bit=1
[tick=131800] [HOST_B] RX bit=1
[tick=131900] [HOST_A] TX bit=1
[tick=131900] [HOST_B] RX bit=1
[tick=132000] [HOST_A] TX bit=0
[tick=132000] [HOST_B] RX bit=0
[tick=132100] [HOST_A] TX bit=1
[tick=132100] [HOST_B] RX bit=1
[tick=132200] [HOST_A] TX bit=1
[tick=132200] [HOST_B] RX bit=1
[tick=132300] [HOST_A] TX bit=0
[tick=132300] [HOST_B] RX bit=0
[tick=132400] [HOST_A] TX bit=1
[tick=132400] [HOST_B] RX bit=1
[tick=132500] [HOST_A] TX bit=0
[tick=132500] [HOST_B] RX bit=0
[tick=132600] [HOST_A] TX bit=1
[tick=132600] [HOST_B] RX bit=1
[tick=132700] [HOST_A] TX bit=0
[tick=132700] [HOST_B] RX bit=0
[tick=132700] [HOST_B] RX complete frame=0101011011101010
[tick=132700] [HOST_B] accepted segment 5 on attempt 5; sending ACK
[tick=132800] [HOST_B] TX bit=0
[tick=132800] [HOST_A] RX bit=0
[tick=132900] [HOST_B] TX bit=1
[tick=132900] [HOST_A] RX bit=1
[tick=133000] [HOST_B] TX bit=0
[tick=133000] [HOST_A] RX bit=0
[tick=133100] [HOST_B] TX bit=1
[tick=133100] [HOST_A] RX bit=1
[tick=133200] [HOST_B] TX bit=1
[tick=133200] [HOST_A] RX bit=1
[tick=133300] [HOST_B] TX bit=0
[tick=133300] [HOST_A] RX bit=0
[tick=133400] [HOST_B] TX bit=0
[tick=133400] [HOST_A] RX bit=0
[tick=133500] [HOST_B] TX bit=0
[tick=133500] [HOST_A] RX bit=0
[tick=133600] [HOST_B] TX bit=0
[tick=133600] [HOST_A] RX bit=0
[tick=133700] [HOST_B] TX bit=0
[tick=133700] [HOST_A] RX bit=0
[tick=133800] [HOST_B] TX bit=0
[tick=133800] [HOST_A] RX bit=0
[tick=133900] [HOST_B] TX bit=0
[tick=133900] [HOST_A] RX bit=0
[tick=134000] [HOST_B] TX bit=1
[tick=134000] [HOST_A] RX bit=1
[tick=134100] [HOST_B] TX bit=0
[tick=134100] [HOST_A] RX bit=0
[tick=134200] [HOST_B] TX bit=1
[tick=134200] [HOST_A] RX bit=1
[tick=134300] [HOST_B] TX bit=0
[tick=134300] [HOST_A] RX bit=0
[tick=134300] [HOST_A] RX complete frame=0101000000011010
[tick=134300] [HOST_A] received ACK for segment 5
[tick=134400] [HOST_A] TX bit=0
[tick=134400] [HOST_B] RX bit=0
[tick=134500] [HOST_A] TX bit=1
[tick=134500] [HOST_B] RX bit=1
[tick=134600] [HOST_A] TX bit=0
[tick=134600] [HOST_B] RX bit=0
[tick=134700] [HOST_A] TX bit=0
[tick=134700] [HOST_B] RX bit=0
[tick=134800] [HOST_A] TX bit=1
[tick=134800] [HOST_B] RX bit=1
[tick=134900] [HOST_A] TX bit=0
[tick=134900] [HOST_B] RX bit=0
[tick=135000] [HOST_A] TX bit=1
[tick=135000] [HOST_B] RX bit=1
[tick=135100] [HOST_A] TX bit=1
[tick=135100] [HOST_B] RX bit=1
[tick=135200] [HOST_A] TX bit=0
[tick=135200] [HOST_B] RX bit=0
[tick=135300] [HOST_A] TX bit=1
[tick=135300] [HOST_B] RX bit=1
[tick=135400] [HOST_A] TX bit=0
[tick=135400] [HOST_B] RX bit=0
[tick=135500] [HOST_A] TX bit=0
[tick=135500] [HOST_B] RX bit=True
[tick=135600] [HOST_A] TX bit=1
[tick=135600] [HOST_B] RX bit=1
[tick=135700] [HOST_A] TX bit=0
[tick=135700] [HOST_B] RX bit=0
[tick=135800] [HOST_A] TX bit=1
[tick=135800] [HOST_B] RX bit=1
[tick=135900] [HOST_A] TX bit=0
[tick=135900] [HOST_B] RX bit=0
[tick=135900] [HOST_B] RX complete frame=0101101011010010
[tick=135900] [HOST_B] rejected received frame and sends NACK for segment 6 (attempt 1, status=PE)
[tick=136000] [HOST_B] TX bit=0
[tick=136000] [HOST_A] RX bit=0
[tick=136100] [HOST_B] TX bit=1
[tick=136100] [HOST_A] RX bit=1
[tick=136200] [HOST_B] TX bit=0
[tick=136200] [HOST_A] RX bit=0
[tick=136300] [HOST_B] TX bit=1
[tick=136300] [HOST_A] RX bit=1
[tick=136400] [HOST_B] TX bit=0
[tick=136400] [HOST_A] RX bit=0
[tick=136500] [HOST_B] TX bit=1
[tick=136500] [HOST_A] RX bit=1
[tick=136600] [HOST_B] TX bit=0
[tick=136600] [HOST_A] RX bit=0
[tick=136700] [HOST_B] TX bit=0
[tick=136700] [HOST_A] RX bit=True
[tick=136800] [HOST_B] TX bit=0
[tick=136800] [HOST_A] RX bit=0
[tick=136900] [HOST_B] TX bit=0
[tick=136900] [HOST_A] RX bit=0
[tick=137000] [HOST_B] TX bit=0
[tick=137000] [HOST_A] RX bit=0
[tick=137100] [HOST_B] TX bit=0
[tick=137100] [HOST_A] RX bit=0
[tick=137200] [HOST_B] TX bit=1
[tick=137200] [HOST_A] RX bit=1
[tick=137300] [HOST_B] TX bit=0
[tick=137300] [HOST_A] RX bit=0
[tick=137400] [HOST_B] TX bit=1
[tick=137400] [HOST_A] RX bit=1
[tick=137500] [HOST_B] TX bit=0
[tick=137500] [HOST_A] RX bit=0
[tick=137500] [HOST_A] RX complete frame=0101000010101010
[tick=137500] [HOST_A] received corrupt ACK/NACK (status=PE); retransmitting segment 6
[tick=137600] [HOST_A] TX bit=0
[tick=137600] [HOST_B] RX bit=0
[tick=137700] [HOST_A] TX bit=1
[tick=137700] [HOST_B] RX bit=1
[tick=137800] [HOST_A] TX bit=0
[tick=137800] [HOST_B] RX bit=0
[tick=137900] [HOST_A] TX bit=0
[tick=137900] [HOST_B] RX bit=0
[tick=138000] [HOST_A] TX bit=1
[tick=138000] [HOST_B] RX bit=1
[tick=138100] [HOST_A] TX bit=0
[tick=138100] [HOST_B] RX bit=0
[tick=138200] [HOST_A] TX bit=1
[tick=138200] [HOST_B] RX bit=1
[tick=138300] [HOST_A] TX bit=1
[tick=138300] [HOST_B] RX bit=1
[tick=138400] [HOST_A] TX bit=0
[tick=138400] [HOST_B] RX bit=0
[tick=138500] [HOST_A] TX bit=1
[tick=138500] [HOST_B] RX bit=1
[tick=138600] [HOST_A] TX bit=0
[tick=138600] [HOST_B] RX bit=0
[tick=138700] [HOST_A] TX bit=0
[tick=138700] [HOST_B] RX bit=0
[tick=138800] [HOST_A] TX bit=1
[tick=138800] [HOST_B] RX bit=1
[tick=138900] [HOST_A] TX bit=0
[tick=138900] [HOST_B] RX bit=0
[tick=139000] [HOST_A] TX bit=1
[tick=139000] [HOST_B] RX bit=1
[tick=139100] [HOST_A] TX bit=0
[tick=139100] [HOST_B] RX bit=0
[tick=139100] [HOST_B] RX complete frame=0101001011010010
[tick=139100] [HOST_B] accepted segment 6 on attempt 2; sending ACK
[tick=139100] [HOST_B] last decoded frame for segment 6: '-'
[tick=139200] [HOST_B] TX bit=0
[tick=139200] [HOST_A] RX bit=0
[tick=139300] [HOST_B] TX bit=1
[tick=139300] [HOST_A] RX bit=1
[tick=139400] [HOST_B] TX bit=0
[tick=139400] [HOST_A] RX bit=0
[tick=139500] [HOST_B] TX bit=1
[tick=139500] [HOST_A] RX bit=1
[tick=139600] [HOST_B] TX bit=1
[tick=139600] [HOST_A] RX bit=1
[tick=139700] [HOST_B] TX bit=0
[tick=139700] [HOST_A] RX bit=0
[tick=139800] [HOST_B] TX bit=0
[tick=139800] [HOST_A] RX bit=0
[tick=139900] [HOST_B] TX bit=0
[tick=139900] [HOST_A] RX bit=0
[tick=140000] [HOST_B] TX bit=0
[tick=140000] [HOST_A] RX bit=0
[tick=140100] [HOST_B] TX bit=0
[tick=140100] [HOST_A] RX bit=0
[tick=140200] [HOST_B] TX bit=0
[tick=140200] [HOST_A] RX bit=0
[tick=140300] [HOST_B] TX bit=0
[tick=140300] [HOST_A] RX bit=0
[tick=140400] [HOST_B] TX bit=1
[tick=140400] [HOST_A] RX bit=1
[tick=140500] [HOST_B] TX bit=0
[tick=140500] [HOST_A] RX bit=True
[tick=140600] [HOST_B] TX bit=1
[tick=140600] [HOST_A] RX bit=1
[tick=140700] [HOST_B] TX bit=0
[tick=140700] [HOST_A] RX bit=0
[tick=140700] [HOST_A] RX complete frame=0111000000011010
[tick=140700] [HOST_A] received corrupt ACK/NACK (status=FS); retransmitting segment 6
[tick=140800] [HOST_A] TX bit=0
[tick=140800] [HOST_B] RX bit=0
[tick=140900] [HOST_A] TX bit=1
[tick=140900] [HOST_B] RX bit=1
[tick=141000] [HOST_A] TX bit=0
[tick=141000] [HOST_B] RX bit=0
[tick=141100] [HOST_A] TX bit=0
[tick=141100] [HOST_B] RX bit=0
[tick=141200] [HOST_A] TX bit=1
[tick=141200] [HOST_B] RX bit=1
[tick=141300] [HOST_A] TX bit=0
[tick=141300] [HOST_B] RX bit=0
[tick=141400] [HOST_A] TX bit=1
[tick=141400] [HOST_B] RX bit=1
[tick=141500] [HOST_A] TX bit=1
[tick=141500] [HOST_B] RX bit=1
[tick=141600] [HOST_A] TX bit=0
[tick=141600] [HOST_B] RX bit=0
[tick=141700] [HOST_A] TX bit=1
[tick=141700] [HOST_B] RX bit=1
[tick=141800] [HOST_A] TX bit=0
[tick=141800] [HOST_B] RX bit=0
[tick=141900] [HOST_A] TX bit=0
[tick=141900] [HOST_B] RX bit=True
[tick=142000] [HOST_A] TX bit=1
[tick=142000] [HOST_B] RX bit=1
[tick=142100] [HOST_A] TX bit=0
[tick=142100] [HOST_B] RX bit=0
[tick=142200] [HOST_A] TX bit=1
[tick=142200] [HOST_B] RX bit=1
[tick=142300] [HOST_A] TX bit=0
[tick=142300] [HOST_B] RX bit=0
[tick=142300] [HOST_B] RX complete frame=0101101011010010
[tick=142300] [HOST_B] rejected received frame and sends NACK for segment 6 (attempt 3, status=PE)
[tick=142400] [HOST_B] TX bit=0
[tick=142400] [HOST_A] RX bit=0
[tick=142500] [HOST_B] TX bit=1
[tick=142500] [HOST_A] RX bit=1
[tick=142600] [HOST_B] TX bit=0
[tick=142600] [HOST_A] RX bit=0
[tick=142700] [HOST_B] TX bit=1
[tick=142700] [HOST_A] RX bit=False
[tick=142800] [HOST_B] TX bit=0
[tick=142800] [HOST_A] RX bit=0
[tick=142900] [HOST_B] TX bit=1
[tick=142900] [HOST_A] RX bit=1
[tick=143000] [HOST_B] TX bit=0
[tick=143000] [HOST_A] RX bit=0
[tick=143100] [HOST_B] TX bit=0
[tick=143100] [HOST_A] RX bit=0
[tick=143200] [HOST_B] TX bit=0
[tick=143200] [HOST_A] RX bit=0
[tick=143300] [HOST_B] TX bit=0
[tick=143300] [HOST_A] RX bit=0
[tick=143400] [HOST_B] TX bit=0
[tick=143400] [HOST_A] RX bit=0
[tick=143500] [HOST_B] TX bit=0
[tick=143500] [HOST_A] RX bit=0
[tick=143600] [HOST_B] TX bit=1
[tick=143600] [HOST_A] RX bit=1
[tick=143700] [HOST_B] TX bit=0
[tick=143700] [HOST_A] RX bit=0
[tick=143800] [HOST_B] TX bit=1
[tick=143800] [HOST_A] RX bit=1
[tick=143900] [HOST_B] TX bit=0
[tick=143900] [HOST_A] RX bit=0
[tick=143900] [HOST_A] RX complete frame=0101000000100010
[tick=143900] [HOST_A] received corrupt ACK/NACK (status=PE); retransmitting segment 6
[tick=144000] [HOST_A] TX bit=0
[tick=144000] [HOST_B] RX bit=0
[tick=144100] [HOST_A] TX bit=1
[tick=144100] [HOST_B] RX bit=1
[tick=144200] [HOST_A] TX bit=0
[tick=144200] [HOST_B] RX bit=0
[tick=144300] [HOST_A] TX bit=0
[tick=144300] [HOST_B] RX bit=True
[tick=144400] [HOST_A] TX bit=1
[tick=144400] [HOST_B] RX bit=1
[tick=144500] [HOST_A] TX bit=0
[tick=144500] [HOST_B] RX bit=0
[tick=144600] [HOST_A] TX bit=1
[tick=144600] [HOST_B] RX bit=1
[tick=144700] [HOST_A] TX bit=1
[tick=144700] [HOST_B] RX bit=1
[tick=144800] [HOST_A] TX bit=0
[tick=144800] [HOST_B] RX bit=0
[tick=144900] [HOST_A] TX bit=1
[tick=144900] [HOST_B] RX bit=1
[tick=145000] [HOST_A] TX bit=0
[tick=145000] [HOST_B] RX bit=0
[tick=145100] [HOST_A] TX bit=0
[tick=145100] [HOST_B] RX bit=0
[tick=145200] [HOST_A] TX bit=1
[tick=145200] [HOST_B] RX bit=1
[tick=145300] [HOST_A] TX bit=0
[tick=145300] [HOST_B] RX bit=0
[tick=145400] [HOST_A] TX bit=1
[tick=145400] [HOST_B] RX bit=1
[tick=145500] [HOST_A] TX bit=0
[tick=145500] [HOST_B] RX bit=0
[tick=145500] [HOST_B] RX complete frame=0101001011011010
[tick=145500] [HOST_B] rejected received frame and sends NACK for segment 6 (attempt 4, status=PE)
[tick=145600] [HOST_B] TX bit=0
[tick=145600] [HOST_A] RX bit=True
[tick=145700] [HOST_B] TX bit=1
[tick=145700] [HOST_A] RX bit=1
[tick=145800] [HOST_B] TX bit=0
[tick=145800] [HOST_A] RX bit=0
[tick=145900] [HOST_B] TX bit=1
[tick=145900] [HOST_A] RX bit=1
[tick=146000] [HOST_B] TX bit=0
[tick=146000] [HOST_A] RX bit=True
[tick=146100] [HOST_B] TX bit=1
[tick=146100] [HOST_A] RX bit=1
[tick=146200] [HOST_B] TX bit=0
[tick=146200] [HOST_A] RX bit=0
[tick=146300] [HOST_B] TX bit=0
[tick=146300] [HOST_A] RX bit=0
[tick=146400] [HOST_B] TX bit=0
[tick=146400] [HOST_A] RX bit=0
[tick=146500] [HOST_B] TX bit=0
[tick=146500] [HOST_A] RX bit=0
[tick=146600] [HOST_B] TX bit=0
[tick=146600] [HOST_A] RX bit=0
[tick=146700] [HOST_B] TX bit=0
[tick=146700] [HOST_A] RX bit=0
[tick=146800] [HOST_B] TX bit=1
[tick=146800] [HOST_A] RX bit=1
[tick=146900] [HOST_B] TX bit=0
[tick=146900] [HOST_A] RX bit=0
[tick=147000] [HOST_B] TX bit=1
[tick=147000] [HOST_A] RX bit=1
[tick=147100] [HOST_B] TX bit=0
[tick=147100] [HOST_A] RX bit=0
[tick=147100] [HOST_A] RX complete frame=0101000000111011
[tick=147100] [HOST_A] received corrupt ACK/NACK (status=FE); retransmitting segment 6
[tick=147200] [HOST_A] TX bit=0
[tick=147200] [HOST_B] RX bit=0
[tick=147300] [HOST_A] TX bit=1
[tick=147300] [HOST_B] RX bit=1
[tick=147400] [HOST_A] TX bit=0
[tick=147400] [HOST_B] RX bit=0
[tick=147500] [HOST_A] TX bit=0
[tick=147500] [HOST_B] RX bit=0
[tick=147600] [HOST_A] TX bit=1
[tick=147600] [HOST_B] RX bit=1
[tick=147700] [HOST_A] TX bit=0
[tick=147700] [HOST_B] RX bit=0
[tick=147800] [HOST_A] TX bit=1
[tick=147800] [HOST_B] RX bit=1
[tick=147900] [HOST_A] TX bit=1
[tick=147900] [HOST_B] RX bit=1
[tick=148000] [HOST_A] TX bit=0
[tick=148000] [HOST_B] RX bit=0
[tick=148100] [HOST_A] TX bit=1
[tick=148100] [HOST_B] RX bit=1
[tick=148200] [HOST_A] TX bit=0
[tick=148200] [HOST_B] RX bit=0
[tick=148300] [HOST_A] TX bit=0
[tick=148300] [HOST_B] RX bit=0
[tick=148400] [HOST_A] TX bit=1
[tick=148400] [HOST_B] RX bit=1
[tick=148500] [HOST_A] TX bit=0
[tick=148500] [HOST_B] RX bit=0
[tick=148600] [HOST_A] TX bit=1
[tick=148600] [HOST_B] RX bit=1
[tick=148700] [HOST_A] TX bit=0
[tick=148700] [HOST_B] RX bit=0
[tick=148700] [HOST_B] RX complete frame=0101001011010010
[tick=148700] [HOST_B] accepted segment 6 on attempt 5; sending ACK
[tick=148800] [HOST_B] TX bit=0
[tick=148800] [HOST_A] RX bit=0
[tick=148900] [HOST_B] TX bit=1
[tick=148900] [HOST_A] RX bit=1
[tick=149000] [HOST_B] TX bit=0
[tick=149000] [HOST_A] RX bit=0
[tick=149100] [HOST_B] TX bit=1
[tick=149100] [HOST_A] RX bit=1
[tick=149200] [HOST_B] TX bit=1
[tick=149200] [HOST_A] RX bit=1
[tick=149300] [HOST_B] TX bit=0
[tick=149300] [HOST_A] RX bit=0
[tick=149400] [HOST_B] TX bit=0
[tick=149400] [HOST_A] RX bit=0
[tick=149500] [HOST_B] TX bit=0
[tick=149500] [HOST_A] RX bit=0
[tick=149600] [HOST_B] TX bit=0
[tick=149600] [HOST_A] RX bit=0
[tick=149700] [HOST_B] TX bit=0
[tick=149700] [HOST_A] RX bit=0
[tick=149800] [HOST_B] TX bit=0
[tick=149800] [HOST_A] RX bit=0
[tick=149900] [HOST_B] TX bit=0
[tick=149900] [HOST_A] RX bit=0
[tick=150000] [HOST_B] TX bit=1
[tick=150000] [HOST_A] RX bit=False
[tick=150100] [HOST_B] TX bit=0
[tick=150100] [HOST_A] RX bit=0
[tick=150200] [HOST_B] TX bit=1
[tick=150200] [HOST_A] RX bit=1
[tick=150300] [HOST_B] TX bit=0
[tick=150300] [HOST_A] RX bit=0
[tick=150300] [HOST_A] RX complete frame=0100000000011010
[tick=150300] [HOST_A] received corrupt ACK/NACK (status=FS); retransmitting segment 6
[tick=150400] [HOST_A] TX bit=0
[tick=150400] [HOST_B] RX bit=0
[tick=150500] [HOST_A] TX bit=1
[tick=150500] [HOST_B] RX bit=1
[tick=150600] [HOST_A] TX bit=0
[tick=150600] [HOST_B] RX bit=0
[tick=150700] [HOST_A] TX bit=0
[tick=150700] [HOST_B] RX bit=0
[tick=150800] [HOST_A] TX bit=1
[tick=150800] [HOST_B] RX bit=1
[tick=150900] [HOST_A] TX bit=0
[tick=150900] [HOST_B] RX bit=0
[tick=151000] [HOST_A] TX bit=1
[tick=151000] [HOST_B] RX bit=1
[tick=151100] [HOST_A] TX bit=1
[tick=151100] [HOST_B] RX bit=1
[tick=151200] [HOST_A] TX bit=0
[tick=151200] [HOST_B] RX bit=0
[tick=151300] [HOST_A] TX bit=1
[tick=151300] [HOST_B] RX bit=1
[tick=151400] [HOST_A] TX bit=0
[tick=151400] [HOST_B] RX bit=0
[tick=151500] [HOST_A] TX bit=0
[tick=151500] [HOST_B] RX bit=0
[tick=151600] [HOST_A] TX bit=1
[tick=151600] [HOST_B] RX bit=False
[tick=151700] [HOST_A] TX bit=0
[tick=151700] [HOST_B] RX bit=0
[tick=151800] [HOST_A] TX bit=1
[tick=151800] [HOST_B] RX bit=1
[tick=151900] [HOST_A] TX bit=0
[tick=151900] [HOST_B] RX bit=0
[tick=151900] [HOST_B] RX complete frame=0100001011010010
[tick=151900] [HOST_B] rejected received frame and sends NACK for segment 6 (attempt 6, status=FS)
[tick=152000] [HOST_B] TX bit=0
[tick=152000] [HOST_A] RX bit=0
[tick=152100] [HOST_B] TX bit=1
[tick=152100] [HOST_A] RX bit=1
[tick=152200] [HOST_B] TX bit=0
[tick=152200] [HOST_A] RX bit=0
[tick=152300] [HOST_B] TX bit=1
[tick=152300] [HOST_A] RX bit=1
[tick=152400] [HOST_B] TX bit=0
[tick=152400] [HOST_A] RX bit=0
[tick=152500] [HOST_B] TX bit=1
[tick=152500] [HOST_A] RX bit=1
[tick=152600] [HOST_B] TX bit=0
[tick=152600] [HOST_A] RX bit=0
[tick=152700] [HOST_B] TX bit=0
[tick=152700] [HOST_A] RX bit=0
[tick=152800] [HOST_B] TX bit=0
[tick=152800] [HOST_A] RX bit=0
[tick=152900] [HOST_B] TX bit=0
[tick=152900] [HOST_A] RX bit=0
[tick=153000] [HOST_B] TX bit=0
[tick=153000] [HOST_A] RX bit=0
[tick=153100] [HOST_B] TX bit=0
[tick=153100] [HOST_A] RX bit=0
[tick=153200] [HOST_B] TX bit=1
[tick=153200] [HOST_A] RX bit=1
[tick=153300] [HOST_B] TX bit=0
[tick=153300] [HOST_A] RX bit=0
[tick=153400] [HOST_B] TX bit=1
[tick=153400] [HOST_A] RX bit=1
[tick=153500] [HOST_B] TX bit=0
[tick=153500] [HOST_A] RX bit=0
[tick=153500] [HOST_A] RX complete frame=0101000000101010
[tick=153500] [HOST_A] received NACK for segment 6; retransmitting
[tick=153600] [HOST_A] TX bit=0
[tick=153600] [HOST_B] RX bit=0
[tick=153700] [HOST_A] TX bit=1
[tick=153700] [HOST_B] RX bit=1
[tick=153800] [HOST_A] TX bit=0
[tick=153800] [HOST_B] RX bit=0
[tick=153900] [HOST_A] TX bit=0
[tick=153900] [HOST_B] RX bit=0
[tick=154000] [HOST_A] TX bit=1
[tick=154000] [HOST_B] RX bit=1
[tick=154100] [HOST_A] TX bit=0
[tick=154100] [HOST_B] RX bit=0
[tick=154200] [HOST_A] TX bit=1
[tick=154200] [HOST_B] RX bit=1
[tick=154300] [HOST_A] TX bit=1
[tick=154300] [HOST_B] RX bit=False
[tick=154400] [HOST_A] TX bit=0
[tick=154400] [HOST_B] RX bit=0
[tick=154500] [HOST_A] TX bit=1
[tick=154500] [HOST_B] RX bit=1
[tick=154600] [HOST_A] TX bit=0
[tick=154600] [HOST_B] RX bit=0
[tick=154700] [HOST_A] TX bit=0
[tick=154700] [HOST_B] RX bit=True
[tick=154800] [HOST_A] TX bit=1
[tick=154800] [HOST_B] RX bit=1
[tick=154900] [HOST_A] TX bit=0
[tick=154900] [HOST_B] RX bit=0
[tick=155000] [HOST_A] TX bit=1
[tick=155000] [HOST_B] RX bit=1
[tick=155100] [HOST_A] TX bit=0
[tick=155100] [HOST_B] RX bit=0
[tick=155100] [HOST_B] RX complete frame=0101101001010010
[tick=155100] [HOST_B] rejected received frame and sends NACK for segment 6 (attempt 7, status=PE)
[tick=155200] [HOST_B] TX bit=0
[tick=155200] [HOST_A] RX bit=0
[tick=155300] [HOST_B] TX bit=1
[tick=155300] [HOST_A] RX bit=1
[tick=155400] [HOST_B] TX bit=0
[tick=155400] [HOST_A] RX bit=0
[tick=155500] [HOST_B] TX bit=1
[tick=155500] [HOST_A] RX bit=1
[tick=155600] [HOST_B] TX bit=0
[tick=155600] [HOST_A] RX bit=0
[tick=155700] [HOST_B] TX bit=1
[tick=155700] [HOST_A] RX bit=1
[tick=155800] [HOST_B] TX bit=0
[tick=155800] [HOST_A] RX bit=0
[tick=155900] [HOST_B] TX bit=0
[tick=155900] [HOST_A] RX bit=0
[tick=156000] [HOST_B] TX bit=0
[tick=156000] [HOST_A] RX bit=0
[tick=156100] [HOST_B] TX bit=0
[tick=156100] [HOST_A] RX bit=0
[tick=156200] [HOST_B] TX bit=0
[tick=156200] [HOST_A] RX bit=0
[tick=156300] [HOST_B] TX bit=0
[tick=156300] [HOST_A] RX bit=0
[tick=156400] [HOST_B] TX bit=1
[tick=156400] [HOST_A] RX bit=1
[tick=156500] [HOST_B] TX bit=0
[tick=156500] [HOST_A] RX bit=0
[tick=156600] [HOST_B] TX bit=1
[tick=156600] [HOST_A] RX bit=1
[tick=156700] [HOST_B] TX bit=0
[tick=156700] [HOST_A] RX bit=0
[tick=156700] [HOST_A] RX complete frame=0101000000101010
[tick=156700] [HOST_A] received NACK for segment 6; retransmitting
[tick=156800] [HOST_A] TX bit=0
[tick=156800] [HOST_B] RX bit=0
[tick=156900] [HOST_A] TX bit=1
[tick=156900] [HOST_B] RX bit=1
[tick=157000] [HOST_A] TX bit=0
[tick=157000] [HOST_B] RX bit=0
[tick=157100] [HOST_A] TX bit=0
[tick=157100] [HOST_B] RX bit=0
[tick=157200] [HOST_A] TX bit=1
[tick=157200] [HOST_B] RX bit=1
[tick=157300] [HOST_A] TX bit=0
[tick=157300] [HOST_B] RX bit=0
[tick=157400] [HOST_A] TX bit=1
[tick=157400] [HOST_B] RX bit=1
[tick=157500] [HOST_A] TX bit=1
[tick=157500] [HOST_B] RX bit=1
[tick=157600] [HOST_A] TX bit=0
[tick=157600] [HOST_B] RX bit=0
[tick=157700] [HOST_A] TX bit=1
[tick=157700] [HOST_B] RX bit=1
[tick=157800] [HOST_A] TX bit=0
[tick=157800] [HOST_B] RX bit=0
[tick=157900] [HOST_A] TX bit=0
[tick=157900] [HOST_B] RX bit=0
[tick=158000] [HOST_A] TX bit=1
[tick=158000] [HOST_B] RX bit=1
[tick=158100] [HOST_A] TX bit=0
[tick=158100] [HOST_B] RX bit=0
[tick=158200] [HOST_A] TX bit=1
[tick=158200] [HOST_B] RX bit=1
[tick=158300] [HOST_A] TX bit=0
[tick=158300] [HOST_B] RX bit=0
[tick=158300] [HOST_B] RX complete frame=0101001011010010
[tick=158300] [HOST_B] accepted segment 6 on attempt 8; sending ACK
[tick=158400] [HOST_B] TX bit=0
[tick=158400] [HOST_A] RX bit=True
[tick=158500] [HOST_B] TX bit=1
[tick=158500] [HOST_A] RX bit=1
[tick=158600] [HOST_B] TX bit=0
[tick=158600] [HOST_A] RX bit=True
[tick=158700] [HOST_B] TX bit=1
[tick=158700] [HOST_A] RX bit=1
[tick=158800] [HOST_B] TX bit=1
[tick=158800] [HOST_A] RX bit=1
[tick=158900] [HOST_B] TX bit=0
[tick=158900] [HOST_A] RX bit=0
[tick=159000] [HOST_B] TX bit=0
[tick=159000] [HOST_A] RX bit=0
[tick=159100] [HOST_B] TX bit=0
[tick=159100] [HOST_A] RX bit=0
[tick=159200] [HOST_B] TX bit=0
[tick=159200] [HOST_A] RX bit=0
[tick=159300] [HOST_B] TX bit=0
[tick=159300] [HOST_A] RX bit=0
[tick=159400] [HOST_B] TX bit=0
[tick=159400] [HOST_A] RX bit=0
[tick=159500] [HOST_B] TX bit=0
[tick=159500] [HOST_A] RX bit=0
[tick=159600] [HOST_B] TX bit=1
[tick=159600] [HOST_A] RX bit=1
[tick=159700] [HOST_B] TX bit=0
[tick=159700] [HOST_A] RX bit=0
[tick=159800] [HOST_B] TX bit=1
[tick=159800] [HOST_A] RX bit=1
[tick=159900] [HOST_B] TX bit=0
[tick=159900] [HOST_A] RX bit=0
[tick=159900] [HOST_A] RX complete frame=0101000000011111
[tick=159900] [HOST_A] received corrupt ACK/NACK (status=FE); retransmitting segment 6
[tick=160000] [HOST_A] TX bit=0
[tick=160000] [HOST_B] RX bit=0
[tick=160100] [HOST_A] TX bit=1
[tick=160100] [HOST_B] RX bit=1
[tick=160200] [HOST_A] TX bit=0
[tick=160200] [HOST_B] RX bit=0
[tick=160300] [HOST_A] TX bit=0
[tick=160300] [HOST_B] RX bit=0
[tick=160400] [HOST_A] TX bit=1
[tick=160400] [HOST_B] RX bit=False
[tick=160500] [HOST_A] TX bit=0
[tick=160500] [HOST_B] RX bit=0
[tick=160600] [HOST_A] TX bit=1
[tick=160600] [HOST_B] RX bit=1
[tick=160700] [HOST_A] TX bit=1
[tick=160700] [HOST_B] RX bit=1
[tick=160800] [HOST_A] TX bit=0
[tick=160800] [HOST_B] RX bit=0
[tick=160900] [HOST_A] TX bit=1
[tick=160900] [HOST_B] RX bit=1
[tick=161000] [HOST_A] TX bit=0
[tick=161000] [HOST_B] RX bit=0
[tick=161100] [HOST_A] TX bit=0
[tick=161100] [HOST_B] RX bit=0
[tick=161200] [HOST_A] TX bit=1
[tick=161200] [HOST_B] RX bit=1
[tick=161300] [HOST_A] TX bit=0
[tick=161300] [HOST_B] RX bit=0
[tick=161400] [HOST_A] TX bit=1
[tick=161400] [HOST_B] RX bit=1
[tick=161500] [HOST_A] TX bit=0
[tick=161500] [HOST_B] RX bit=0
[tick=161500] [HOST_B] RX complete frame=0101001011000010
[tick=161500] [HOST_B] rejected received frame and sends NACK for segment 6 (attempt 9, status=PE)
[tick=161600] [HOST_B] TX bit=0
[tick=161600] [HOST_A] RX bit=0
[tick=161700] [HOST_B] TX bit=1
[tick=161700] [HOST_A] RX bit=1
[tick=161800] [HOST_B] TX bit=0
[tick=161800] [HOST_A] RX bit=True
[tick=161900] [HOST_B] TX bit=1
[tick=161900] [HOST_A] RX bit=1
[tick=162000] [HOST_B] TX bit=0
[tick=162000] [HOST_A] RX bit=0
[tick=162100] [HOST_B] TX bit=1
[tick=162100] [HOST_A] RX bit=1
[tick=162200] [HOST_B] TX bit=0
[tick=162200] [HOST_A] RX bit=0
[tick=162300] [HOST_B] TX bit=0
[tick=162300] [HOST_A] RX bit=0
[tick=162400] [HOST_B] TX bit=0
[tick=162400] [HOST_A] RX bit=0
[tick=162500] [HOST_B] TX bit=0
[tick=162500] [HOST_A] RX bit=0
[tick=162600] [HOST_B] TX bit=0
[tick=162600] [HOST_A] RX bit=0
[tick=162700] [HOST_B] TX bit=0
[tick=162700] [HOST_A] RX bit=0
[tick=162800] [HOST_B] TX bit=1
[tick=162800] [HOST_A] RX bit=1
[tick=162900] [HOST_B] TX bit=0
[tick=162900] [HOST_A] RX bit=0
[tick=163000] [HOST_B] TX bit=1
[tick=163000] [HOST_A] RX bit=1
[tick=163100] [HOST_B] TX bit=0
[tick=163100] [HOST_A] RX bit=0
[tick=163100] [HOST_A] RX complete frame=0101000000101110
[tick=163100] [HOST_A] received corrupt ACK/NACK (status=FE); retransmitting segment 6
[tick=163200] [HOST_A] TX bit=0
[tick=163200] [HOST_B] RX bit=0
[tick=163300] [HOST_A] TX bit=1
[tick=163300] [HOST_B] RX bit=1
[tick=163400] [HOST_A] TX bit=0
[tick=163400] [HOST_B] RX bit=0
[tick=163500] [HOST_A] TX bit=0
[tick=163500] [HOST_B] RX bit=0
[tick=163600] [HOST_A] TX bit=1
[tick=163600] [HOST_B] RX bit=1
[tick=163700] [HOST_A] TX bit=0
[tick=163700] [HOST_B] RX bit=0
[tick=163800] [HOST_A] TX bit=1
[tick=163800] [HOST_B] RX bit=1
[tick=163900] [HOST_A] TX bit=1
[tick=163900] [HOST_B] RX bit=1
[tick=164000] [HOST_A] TX bit=0
[tick=164000] [HOST_B] RX bit=0
[tick=164100] [HOST_A] TX bit=1
[tick=164100] [HOST_B] RX bit=1
[tick=164200] [HOST_A] TX bit=0
[tick=164200] [HOST_B] RX bit=0
[tick=164300] [HOST_A] TX bit=0
[tick=164300] [HOST_B] RX bit=0
[tick=164400] [HOST_A] TX bit=1
[tick=164400] [HOST_B] RX bit=1
[tick=164500] [HOST_A] TX bit=0
[tick=164500] [HOST_B] RX bit=True
[tick=164600] [HOST_A] TX bit=1
[tick=164600] [HOST_B] RX bit=1
[tick=164700] [HOST_A] TX bit=0
[tick=164700] [HOST_B] RX bit=0
[tick=164700] [HOST_B] RX complete frame=0111001011010010
[tick=164700] [HOST_B] rejected received frame and sends NACK for segment 6 (attempt 10, status=FS)
[tick=164800] [HOST_B] TX bit=0
[tick=164800] [HOST_A] RX bit=0
[tick=164900] [HOST_B] TX bit=1
[tick=164900] [HOST_A] RX bit=1
[tick=165000] [HOST_B] TX bit=0
[tick=165000] [HOST_A] RX bit=0
[tick=165100] [HOST_B] TX bit=1
[tick=165100] [HOST_A] RX bit=1
[tick=165200] [HOST_B] TX bit=0
[tick=165200] [HOST_A] RX bit=0
[tick=165300] [HOST_B] TX bit=1
[tick=165300] [HOST_A] RX bit=1
[tick=165400] [HOST_B] TX bit=0
[tick=165400] [HOST_A] RX bit=0
[tick=165500] [HOST_B] TX bit=0
[tick=165500] [HOST_A] RX bit=0
[tick=165600] [HOST_B] TX bit=0
[tick=165600] [HOST_A] RX bit=0
[tick=165700] [HOST_B] TX bit=0
[tick=165700] [HOST_A] RX bit=0
[tick=165800] [HOST_B] TX bit=0
[tick=165800] [HOST_A] RX bit=0
[tick=165900] [HOST_B] TX bit=0
[tick=165900] [HOST_A] RX bit=0
[tick=166000] [HOST_B] TX bit=1
[tick=166000] [HOST_A] RX bit=1
[tick=166100] [HOST_B] TX bit=0
[tick=166100] [HOST_A] RX bit=0
[tick=166200] [HOST_B] TX bit=1
[tick=166200] [HOST_A] RX bit=False
[tick=166300] [HOST_B] TX bit=0
[tick=166300] [HOST_A] RX bit=0
[tick=166300] [HOST_A] RX complete frame=0001000000101010
[tick=166300] [HOST_A] received corrupt ACK/NACK (status=FS); retransmitting segment 6
[tick=166400] [HOST_A] TX bit=0
[tick=166400] [HOST_B] RX bit=0
[tick=166500] [HOST_A] TX bit=1
[tick=166500] [HOST_B] RX bit=1
[tick=166600] [HOST_A] TX bit=0
[tick=166600] [HOST_B] RX bit=0
[tick=166700] [HOST_A] TX bit=0
[tick=166700] [HOST_B] RX bit=0
[tick=166800] [HOST_A] TX bit=1
[tick=166800] [HOST_B] RX bit=1
[tick=166900] [HOST_A] TX bit=0
[tick=166900] [HOST_B] RX bit=0
[tick=167000] [HOST_A] TX bit=1
[tick=167000] [HOST_B] RX bit=1
[tick=167100] [HOST_A] TX bit=1
[tick=167100] [HOST_B] RX bit=1
[tick=167200] [HOST_A] TX bit=0
[tick=167200] [HOST_B] RX bit=0
[tick=167300] [HOST_A] TX bit=1
[tick=167300] [HOST_B] RX bit=1
[tick=167400] [HOST_A] TX bit=0
[tick=167400] [HOST_B] RX bit=0
[tick=167500] [HOST_A] TX bit=0
[tick=167500] [HOST_B] RX bit=0
[tick=167600] [HOST_A] TX bit=1
[tick=167600] [HOST_B] RX bit=1
[tick=167700] [HOST_A] TX bit=0
[tick=167700] [HOST_B] RX bit=0
[tick=167800] [HOST_A] TX bit=1
[tick=167800] [HOST_B] RX bit=1
[tick=167900] [HOST_A] TX bit=0
[tick=167900] [HOST_B] RX bit=0
[tick=167900] [HOST_B] RX complete frame=0101001011010010
[tick=167900] [HOST_B] accepted segment 6 on attempt 11; sending ACK
[tick=168000] [HOST_B] TX bit=0
[tick=168000] [HOST_A] RX bit=0
[tick=168100] [HOST_B] TX bit=1
[tick=168100] [HOST_A] RX bit=1
[tick=168200] [HOST_B] TX bit=0
[tick=168200] [HOST_A] RX bit=0
[tick=168300] [HOST_B] TX bit=1
[tick=168300] [HOST_A] RX bit=1
[tick=168400] [HOST_B] TX bit=1
[tick=168400] [HOST_A] RX bit=1
[tick=168500] [HOST_B] TX bit=0
[tick=168500] [HOST_A] RX bit=0
[tick=168600] [HOST_B] TX bit=0
[tick=168600] [HOST_A] RX bit=0
[tick=168700] [HOST_B] TX bit=0
[tick=168700] [HOST_A] RX bit=0
[tick=168800] [HOST_B] TX bit=0
[tick=168800] [HOST_A] RX bit=0
[tick=168900] [HOST_B] TX bit=0
[tick=168900] [HOST_A] RX bit=0
[tick=169000] [HOST_B] TX bit=0
[tick=169000] [HOST_A] RX bit=0
[tick=169100] [HOST_B] TX bit=0
[tick=169100] [HOST_A] RX bit=0
[tick=169200] [HOST_B] TX bit=1
[tick=169200] [HOST_A] RX bit=1
[tick=169300] [HOST_B] TX bit=0
[tick=169300] [HOST_A] RX bit=0
[tick=169400] [HOST_B] TX bit=1
[tick=169400] [HOST_A] RX bit=1
[tick=169500] [HOST_B] TX bit=0
[tick=169500] [HOST_A] RX bit=0
[tick=169500] [HOST_A] RX complete frame=0101000000011010
[tick=169500] [HOST_A] received ACK for segment 6
[tick=169600] [HOST_A] TX bit=0
[tick=169600] [HOST_B] RX bit=0
[tick=169700] [HOST_A] TX bit=1
[tick=169700] [HOST_B] RX bit=1
[tick=169800] [HOST_A] TX bit=0
[tick=169800] [HOST_B] RX bit=0
[tick=169900] [HOST_A] TX bit=1
[tick=169900] [HOST_B] RX bit=1
[tick=170000] [HOST_A] TX bit=0
[tick=170000] [HOST_B] RX bit=0
[tick=170100] [HOST_A] TX bit=0
[tick=170100] [HOST_B] RX bit=0
[tick=170200] [HOST_A] TX bit=1
[tick=170200] [HOST_B] RX bit=1
[tick=170300] [HOST_A] TX bit=0
[tick=170300] [HOST_B] RX bit=0
[tick=170400] [HOST_A] TX bit=1
[tick=170400] [HOST_B] RX bit=1
[tick=170500] [HOST_A] TX bit=0
[tick=170500] [HOST_B] RX bit=0
[tick=170600] [HOST_A] TX bit=1
[tick=170600] [HOST_B] RX bit=1
[tick=170700] [HOST_A] TX bit=0
[tick=170700] [HOST_B] RX bit=0
[tick=170800] [HOST_A] TX bit=1
[tick=170800] [HOST_B] RX bit=1
[tick=170900] [HOST_A] TX bit=0
[tick=170900] [HOST_B] RX bit=0
[tick=171000] [HOST_A] TX bit=1
[tick=171000] [HOST_B] RX bit=1
[tick=171100] [HOST_A] TX bit=0
[tick=171100] [HOST_B] RX bit=0
[tick=171100] [HOST_B] RX complete frame=0101010101001010
[tick=171100] [HOST_B] accepted segment 7 on attempt 1; sending ACK
[tick=171100] [HOST_B] last decoded frame for segment 7: 'T'
[tick=171200] [HOST_B] TX bit=0
[tick=171200] [HOST_A] RX bit=0
[tick=171300] [HOST_B] TX bit=1
[tick=171300] [HOST_A] RX bit=1
[tick=171400] [HOST_B] TX bit=0
[tick=171400] [HOST_A] RX bit=0
[tick=171500] [HOST_B] TX bit=1
[tick=171500] [HOST_A] RX bit=1
[tick=171600] [HOST_B] TX bit=1
[tick=171600] [HOST_A] RX bit=1
[tick=171700] [HOST_B] TX bit=0
[tick=171700] [HOST_A] RX bit=0
[tick=171800] [HOST_B] TX bit=0
[tick=171800] [HOST_A] RX bit=0
[tick=171900] [HOST_B] TX bit=0
[tick=171900] [HOST_A] RX bit=0
[tick=172000] [HOST_B] TX bit=0
[tick=172000] [HOST_A] RX bit=0
[tick=172100] [HOST_B] TX bit=0
[tick=172100] [HOST_A] RX bit=0
[tick=172200] [HOST_B] TX bit=0
[tick=172200] [HOST_A] RX bit=0
[tick=172300] [HOST_B] TX bit=0
[tick=172300] [HOST_A] RX bit=0
[tick=172400] [HOST_B] TX bit=1
[tick=172400] [HOST_A] RX bit=1
[tick=172500] [HOST_B] TX bit=0
[tick=172500] [HOST_A] RX bit=0
[tick=172600] [HOST_B] TX bit=1
[tick=172600] [HOST_A] RX bit=False
[tick=172700] [HOST_B] TX bit=0
[tick=172700] [HOST_A] RX bit=0
[tick=172700] [HOST_A] RX complete frame=0001000000011010
[tick=172700] [HOST_A] received corrupt ACK/NACK (status=FS); retransmitting segment 7
[tick=172800] [HOST_A] TX bit=0
[tick=172800] [HOST_B] RX bit=0
[tick=172900] [HOST_A] TX bit=1
[tick=172900] [HOST_B] RX bit=1
[tick=173000] [HOST_A] TX bit=0
[tick=173000] [HOST_B] RX bit=0
[tick=173100] [HOST_A] TX bit=1
[tick=173100] [HOST_B] RX bit=1
[tick=173200] [HOST_A] TX bit=0
[tick=173200] [HOST_B] RX bit=0
[tick=173300] [HOST_A] TX bit=0
[tick=173300] [HOST_B] RX bit=0
[tick=173400] [HOST_A] TX bit=1
[tick=173400] [HOST_B] RX bit=1
[tick=173500] [HOST_A] TX bit=0
[tick=173500] [HOST_B] RX bit=0
[tick=173600] [HOST_A] TX bit=1
[tick=173600] [HOST_B] RX bit=1
[tick=173700] [HOST_A] TX bit=0
[tick=173700] [HOST_B] RX bit=0
[tick=173800] [HOST_A] TX bit=1
[tick=173800] [HOST_B] RX bit=1
[tick=173900] [HOST_A] TX bit=0
[tick=173900] [HOST_B] RX bit=0
[tick=174000] [HOST_A] TX bit=1
[tick=174000] [HOST_B] RX bit=1
[tick=174100] [HOST_A] TX bit=0
[tick=174100] [HOST_B] RX bit=0
[tick=174200] [HOST_A] TX bit=1
[tick=174200] [HOST_B] RX bit=1
[tick=174300] [HOST_A] TX bit=0
[tick=174300] [HOST_B] RX bit=0
[tick=174300] [HOST_B] RX complete frame=0101010101001010
[tick=174300] [HOST_B] accepted segment 7 on attempt 2; sending ACK
[tick=174400] [HOST_B] TX bit=0
[tick=174400] [HOST_A] RX bit=0
[tick=174500] [HOST_B] TX bit=1
[tick=174500] [HOST_A] RX bit=False
[tick=174600] [HOST_B] TX bit=0
[tick=174600] [HOST_A] RX bit=0
[tick=174700] [HOST_B] TX bit=1
[tick=174700] [HOST_A] RX bit=1
[tick=174800] [HOST_B] TX bit=1
[tick=174800] [HOST_A] RX bit=1
[tick=174900] [HOST_B] TX bit=0
[tick=174900] [HOST_A] RX bit=0
[tick=175000] [HOST_B] TX bit=0
[tick=175000] [HOST_A] RX bit=0
[tick=175100] [HOST_B] TX bit=0
[tick=175100] [HOST_A] RX bit=0
[tick=175200] [HOST_B] TX bit=0
[tick=175200] [HOST_A] RX bit=0
[tick=175300] [HOST_B] TX bit=0
[tick=175300] [HOST_A] RX bit=True
[tick=175400] [HOST_B] TX bit=0
[tick=175400] [HOST_A] RX bit=0
[tick=175500] [HOST_B] TX bit=0
[tick=175500] [HOST_A] RX bit=0
[tick=175600] [HOST_B] TX bit=1
[tick=175600] [HOST_A] RX bit=1
[tick=175700] [HOST_B] TX bit=0
[tick=175700] [HOST_A] RX bit=0
[tick=175800] [HOST_B] TX bit=1
[tick=175800] [HOST_A] RX bit=1
[tick=175900] [HOST_B] TX bit=0
[tick=175900] [HOST_A] RX bit=0
[tick=175900] [HOST_A] RX complete frame=0101001000011000
[tick=175900] [HOST_A] received corrupt ACK/NACK (status=FE); retransmitting segment 7
[tick=176000] [HOST_A] TX bit=0
[tick=176000] [HOST_B] RX bit=0
[tick=176100] [HOST_A] TX bit=1
[tick=176100] [HOST_B] RX bit=1
[tick=176200] [HOST_A] TX bit=0
[tick=176200] [HOST_B] RX bit=0
[tick=176300] [HOST_A] TX bit=1
[tick=176300] [HOST_B] RX bit=1
[tick=176400] [HOST_A] TX bit=0
[tick=176400] [HOST_B] RX bit=0
[tick=176500] [HOST_A] TX bit=0
[tick=176500] [HOST_B] RX bit=0
[tick=176600] [HOST_A] TX bit=1
[tick=176600] [HOST_B] RX bit=1
[tick=176700] [HOST_A] TX bit=0
[tick=176700] [HOST_B] RX bit=0
[tick=176800] [HOST_A] TX bit=1
[tick=176800] [HOST_B] RX bit=1
[tick=176900] [HOST_A] TX bit=0
[tick=176900] [HOST_B] RX bit=0
[tick=177000] [HOST_A] TX bit=1
[tick=177000] [HOST_B] RX bit=1
[tick=177100] [HOST_A] TX bit=0
[tick=177100] [HOST_B] RX bit=0
[tick=177200] [HOST_A] TX bit=1
[tick=177200] [HOST_B] RX bit=1
[tick=177300] [HOST_A] TX bit=0
[tick=177300] [HOST_B] RX bit=0
[tick=177400] [HOST_A] TX bit=1
[tick=177400] [HOST_B] RX bit=1
[tick=177500] [HOST_A] TX bit=0
[tick=177500] [HOST_B] RX bit=0
[tick=177500] [HOST_B] RX complete frame=0101010101001010
[tick=177500] [HOST_B] accepted segment 7 on attempt 3; sending ACK
[tick=177600] [HOST_B] TX bit=0
[tick=177600] [HOST_A] RX bit=0
[tick=177700] [HOST_B] TX bit=1
[tick=177700] [HOST_A] RX bit=1
[tick=177800] [HOST_B] TX bit=0
[tick=177800] [HOST_A] RX bit=0
[tick=177900] [HOST_B] TX bit=1
[tick=177900] [HOST_A] RX bit=1
[tick=178000] [HOST_B] TX bit=1
[tick=178000] [HOST_A] RX bit=1
[tick=178100] [HOST_B] TX bit=0
[tick=178100] [HOST_A] RX bit=0
[tick=178200] [HOST_B] TX bit=0
[tick=178200] [HOST_A] RX bit=0
[tick=178300] [HOST_B] TX bit=0
[tick=178300] [HOST_A] RX bit=0
[tick=178400] [HOST_B] TX bit=0
[tick=178400] [HOST_A] RX bit=0
[tick=178500] [HOST_B] TX bit=0
[tick=178500] [HOST_A] RX bit=0
[tick=178600] [HOST_B] TX bit=0
[tick=178600] [HOST_A] RX bit=0
[tick=178700] [HOST_B] TX bit=0
[tick=178700] [HOST_A] RX bit=0
[tick=178800] [HOST_B] TX bit=1
[tick=178800] [HOST_A] RX bit=1
[tick=178900] [HOST_B] TX bit=0
[tick=178900] [HOST_A] RX bit=0
[tick=179000] [HOST_B] TX bit=1
[tick=179000] [HOST_A] RX bit=1
[tick=179100] [HOST_B] TX bit=0
[tick=179100] [HOST_A] RX bit=0
[tick=179100] [HOST_A] RX complete frame=0101000000011010
[tick=179100] [HOST_A] received ACK for segment 7
[tick=0] [HOST_A] TX bit=0
[tick=0] [HOST_B] RX bit=0
[tick=100] [HOST_A] TX bit=1
[tick=100] [HOST_B] RX bit=1
[tick=200] [HOST_A] TX bit=0
[tick=200] [HOST_B] RX bit=0
[tick=300] [HOST_A] TX bit=0
[tick=300] [HOST_B] RX bit=0
[tick=400] [HOST_A] TX bit=1
[tick=400] [HOST_B] RX bit=1
[tick=500] [HOST_A] TX bit=0
[tick=500] [HOST_B] RX bit=0
[tick=600] [HOST_A] TX bit=0
[tick=600] [HOST_B] RX bit=0
[tick=700] [HOST_A] TX bit=0
[tick=700] [HOST_B] RX bit=0
[tick=800] [HOST_A] TX bit=0
[tick=800] [HOST_B] RX bit=0
[tick=900] [HOST_A] TX bit=0
[tick=900] [HOST_B] RX bit=0
[tick=1000] [HOST_A] TX bit=1
[tick=1000] [HOST_B] RX bit=1
[tick=1100] [HOST_A] TX bit=0
[tick=1100] [HOST_B] RX bit=0
[tick=1200] [HOST_A] TX bit=1
[tick=1200] [HOST_B] RX bit=1
[tick=1300] [HOST_A] TX bit=0
[tick=1300] [HOST_B] RX bit=0
[tick=1400] [HOST_A] TX bit=1
[tick=1400] [HOST_B] RX bit=1
[tick=1500] [HOST_A] TX bit=0
[tick=1500] [HOST_B] RX bit=True
[tick=1500] [HOST_B] RX complete frame=1101010000010010
[tick=1500] [HOST_B] rejected received frame and sends NACK for segment 1 (attempt 1, status=FS)
[tick=1600] [HOST_B] TX bit=0
[tick=1600] [HOST_A] RX bit=0
[tick=1700] [HOST_B] TX bit=1
[tick=1700] [HOST_A] RX bit=1
[tick=1800] [HOST_B] TX bit=0
[tick=1800] [HOST_A] RX bit=0
[tick=1900] [HOST_B] TX bit=1
[tick=1900] [HOST_A] RX bit=1
[tick=2000] [HOST_B] TX bit=0
[tick=2000] [HOST_A] RX bit=0
[tick=2100] [HOST_B] TX bit=1
[tick=2100] [HOST_A] RX bit=1
[tick=2200] [HOST_B] TX bit=0
[tick=2200] [HOST_A] RX bit=0
[tick=2300] [HOST_B] TX bit=0
[tick=2300] [HOST_A] RX bit=0
[tick=2400] [HOST_B] TX bit=0
[tick=2400] [HOST_A] RX bit=0
[tick=2500] [HOST_B] TX bit=0
[tick=2500] [HOST_A] RX bit=0
[tick=2600] [HOST_B] TX bit=0
[tick=2600] [HOST_A] RX bit=0
[tick=2700] [HOST_B] TX bit=0
[tick=2700] [HOST_A] RX bit=0
[tick=2800] [HOST_B] TX bit=1
[tick=2800] [HOST_A] RX bit=1
[tick=2900] [HOST_B] TX bit=0
[tick=2900] [HOST_A] RX bit=0
[tick=3000] [HOST_B] TX bit=1
[tick=3000] [HOST_A] RX bit=1
[tick=3100] [HOST_B] TX bit=0
[tick=3100] [HOST_A] RX bit=0
[tick=3100] [HOST_A] RX complete frame=0101000000101010
[tick=3100] [HOST_A] received NACK for segment 1; retransmitting
[tick=3200] [HOST_A] TX bit=0
[tick=3200] [HOST_B] RX bit=0
[tick=3300] [HOST_A] TX bit=1
[tick=3300] [HOST_B] RX bit=1
[tick=3400] [HOST_A] TX bit=0
[tick=3400] [HOST_B] RX bit=0
[tick=3500] [HOST_A] TX bit=0
[tick=3500] [HOST_B] RX bit=0
[tick=3600] [HOST_A] TX bit=1
[tick=3600] [HOST_B] RX bit=1
[tick=3700] [HOST_A] TX bit=0
[tick=3700] [HOST_B] RX bit=0
[tick=3800] [HOST_A] TX bit=0
[tick=3800] [HOST_B] RX bit=0
[tick=3900] [HOST_A] TX bit=0
[tick=3900] [HOST_B] RX bit=0
[tick=4000] [HOST_A] TX bit=0
[tick=4000] [HOST_B] RX bit=0
[tick=4100] [HOST_A] TX bit=0
[tick=4100] [HOST_B] RX bit=0
[tick=4200] [HOST_A] TX bit=1
[tick=4200] [HOST_B] RX bit=1
[tick=4300] [HOST_A] TX bit=0
[tick=4300] [HOST_B] RX bit=0
[tick=4400] [HOST_A] TX bit=1
[tick=4400] [HOST_B] RX bit=1
[tick=4500] [HOST_A] TX bit=0
[tick=4500] [HOST_B] RX bit=0
[tick=4600] [HOST_A] TX bit=1
[tick=4600] [HOST_B] RX bit=False
[tick=4700] [HOST_A] TX bit=0
[tick=4700] [HOST_B] RX bit=0
[tick=4700] [HOST_B] RX complete frame=0001010000010010
[tick=4700] [HOST_B] rejected received frame and sends NACK for segment 1 (attempt 2, status=FS)
[tick=4800] [HOST_B] TX bit=0
[tick=4800] [HOST_A] RX bit=0
[tick=4900] [HOST_B] TX bit=1
[tick=4900] [HOST_A] RX bit=1
[tick=5000] [HOST_B] TX bit=0
[tick=5000] [HOST_A] RX bit=0
[tick=5100] [HOST_B] TX bit=1
[tick=5100] [HOST_A] RX bit=1
[tick=5200] [HOST_B] TX bit=0
[tick=5200] [HOST_A] RX bit=0
[tick=5300] [HOST_B] TX bit=1
[tick=5300] [HOST_A] RX bit=1
[tick=5400] [HOST_B] TX bit=0
[tick=5400] [HOST_A] RX bit=0
[tick=5500] [HOST_B] TX bit=0
[tick=5500] [HOST_A] RX bit=0
[tick=5600] [HOST_B] TX bit=0
[tick=5600] [HOST_A] RX bit=0
[tick=5700] [HOST_B] TX bit=0
[tick=5700] [HOST_A] RX bit=0
[tick=5800] [HOST_B] TX bit=0
[tick=5800] [HOST_A] RX bit=0
[tick=5900] [HOST_B] TX bit=0
[tick=5900] [HOST_A] RX bit=0
[tick=6000] [HOST_B] TX bit=1
[tick=6000] [HOST_A] RX bit=1
[tick=6100] [HOST_B] TX bit=0
[tick=6100] [HOST_A] RX bit=0
[tick=6200] [HOST_B] TX bit=1
[tick=6200] [HOST_A] RX bit=1
[tick=6300] [HOST_B] TX bit=0
[tick=6300] [HOST_A] RX bit=0
[tick=6300] [HOST_A] RX complete frame=0101000000101010
[tick=6300] [HOST_A] received NACK for segment 1; retransmitting
[tick=6400] [HOST_A] TX bit=0
[tick=6400] [HOST_B] RX bit=0
[tick=6500] [HOST_A] TX bit=1
[tick=6500] [HOST_B] RX bit=1
[tick=6600] [HOST_A] TX bit=0
[tick=6600] [HOST_B] RX bit=0
[tick=6700] [HOST_A] TX bit=0
[tick=6700] [HOST_B] RX bit=0
[tick=6800] [HOST_A] TX bit=1
[tick=6800] [HOST_B] RX bit=1
[tick=6900] [HOST_A] TX bit=0
[tick=6900] [HOST_B] RX bit=0
[tick=7000] [HOST_A] TX bit=0
[tick=7000] [HOST_B] RX bit=0
[tick=7100] [HOST_A] TX bit=0
[tick=7100] [HOST_B] RX bit=0
[tick=7200] [HOST_A] TX bit=0
[tick=7200] [HOST_B] RX bit=0
[tick=7300] [HOST_A] TX bit=0
[tick=7300] [HOST_B] RX bit=0
[tick=7400] [HOST_A] TX bit=1
[tick=7400] [HOST_B] RX bit=1
[tick=7500] [HOST_A] TX bit=0
[tick=7500] [HOST_B] RX bit=0
[tick=7600] [HOST_A] TX bit=1
[tick=7600] [HOST_B] RX bit=1
[tick=7700] [HOST_A] TX bit=0
[tick=7700] [HOST_B] RX bit=0
[tick=7800] [HOST_A] TX bit=1
[tick=7800] [HOST_B] RX bit=1
[tick=7900] [HOST_A] TX bit=0
[tick=7900] [HOST_B] RX bit=0
[tick=7900] [HOST_B] RX complete frame=0101010000010010
[tick=7900] [HOST_B] accepted segment 1 on attempt 3; sending ACK
[tick=7900] [HOST_B] last decoded frame for segment 1: 'A'
[tick=8000] [HOST_B] TX bit=0
[tick=8000] [HOST_A] RX bit=0
[tick=8100] [HOST_B] TX bit=1
[tick=8100] [HOST_A] RX bit=1
[tick=8200] [HOST_B] TX bit=0
[tick=8200] [HOST_A] RX bit=0
[tick=8300] [HOST_B] TX bit=1
[tick=8300] [HOST_A] RX bit=1
[tick=8400] [HOST_B] TX bit=1
[tick=8400] [HOST_A] RX bit=1
[tick=8500] [HOST_B] TX bit=0
[tick=8500] [HOST_A] RX bit=0
[tick=8600] [HOST_B] TX bit=0
[tick=8600] [HOST_A] RX bit=0
[tick=8700] [HOST_B] TX bit=0
[tick=8700] [HOST_A] RX bit=0
[tick=8800] [HOST_B] TX bit=0
[tick=8800] [HOST_A] RX bit=0
[tick=8900] [HOST_B] TX bit=0
[tick=8900] [HOST_A] RX bit=0
[tick=9000] [HOST_B] TX bit=0
[tick=9000] [HOST_A] RX bit=0
[tick=9100] [HOST_B] TX bit=0
[tick=9100] [HOST_A] RX bit=0
[tick=9200] [HOST_B] TX bit=1
[tick=9200] [HOST_A] RX bit=1
[tick=9300] [HOST_B] TX bit=0
[tick=9300] [HOST_A] RX bit=0
[tick=9400] [HOST_B] TX bit=1
[tick=9400] [HOST_A] RX bit=False
[tick=9500] [HOST_B] TX bit=0
[tick=9500] [HOST_A] RX bit=0
[tick=9500] [HOST_A] RX complete frame=0001000000011010
[tick=9500] [HOST_A] received corrupt ACK/NACK (status=FS); retransmitting segment 1
[tick=9600] [HOST_A] TX bit=0
[tick=9600] [HOST_B] RX bit=0
[tick=9700] [HOST_A] TX bit=1
[tick=9700] [HOST_B] RX bit=1
[tick=9800] [HOST_A] TX bit=0
[tick=9800] [HOST_B] RX bit=0
[tick=9900] [HOST_A] TX bit=0
[tick=9900] [HOST_B] RX bit=0
[tick=10000] [HOST_A] TX bit=1
[tick=10000] [HOST_B] RX bit=1
[tick=10100] [HOST_A] TX bit=0
[tick=10100] [HOST_B] RX bit=0
[tick=10200] [HOST_A] TX bit=0
[tick=10200] [HOST_B] RX bit=True
[tick=10300] [HOST_A] TX bit=0
[tick=10300] [HOST_B] RX bit=0
[tick=10400] [HOST_A] TX bit=0
[tick=10400] [HOST_B] RX bit=0
[tick=10500] [HOST_A] TX bit=0
[tick=10500] [HOST_B] RX bit=0
[tick=10600] [HOST_A] TX bit=1
[tick=10600] [HOST_B] RX bit=1
[tick=10700] [HOST_A] TX bit=0
[tick=10700] [HOST_B] RX bit=0
[tick=10800] [HOST_A] TX bit=1
[tick=10800] [HOST_B] RX bit=1
[tick=10900] [HOST_A] TX bit=0
[tick=10900] [HOST_B] RX bit=0
[tick=11000] [HOST_A] TX bit=1
[tick=11000] [HOST_B] RX bit=1
[tick=11100] [HOST_A] TX bit=0
[tick=11100] [HOST_B] RX bit=0
[tick=11100] [HOST_B] RX complete frame=0101010001010010
[tick=11100] [HOST_B] rejected received frame and sends NACK for segment 1 (attempt 4, status=PE)
[tick=11200] [HOST_B] TX bit=0
[tick=11200] [HOST_A] RX bit=0
[tick=11300] [HOST_B] TX bit=1
[tick=11300] [HOST_A] RX bit=1
[tick=11400] [HOST_B] TX bit=0
[tick=11400] [HOST_A] RX bit=0
[tick=11500] [HOST_B] TX bit=1
[tick=11500] [HOST_A] RX bit=1
[tick=11600] [HOST_B] TX bit=0
[tick=11600] [HOST_A] RX bit=0
[tick=11700] [HOST_B] TX bit=1
[tick=11700] [HOST_A] RX bit=1
[tick=11800] [HOST_B] TX bit=0
[tick=11800] [HOST_A] RX bit=0
[tick=11900] [HOST_B] TX bit=0
[tick=11900] [HOST_A] RX bit=0
[tick=12000] [HOST_B] TX bit=0
[tick=12000] [HOST_A] RX bit=True
[tick=12100] [HOST_B] TX bit=0
[tick=12100] [HOST_A] RX bit=0
[tick=12200] [HOST_B] TX bit=0
[tick=12200] [HOST_A] RX bit=0
[tick=12300] [HOST_B] TX bit=0
[tick=12300] [HOST_A] RX bit=0
[tick=12400] [HOST_B] TX bit=1
[tick=12400] [HOST_A] RX bit=1
[tick=12500] [HOST_B] TX bit=0
[tick=12500] [HOST_A] RX bit=0
[tick=12600] [HOST_B] TX bit=1
[tick=12600] [HOST_A] RX bit=1
[tick=12700] [HOST_B] TX bit=0
[tick=12700] [HOST_A] RX bit=0
[tick=12700] [HOST_A] RX complete frame=0101000100101010
[tick=12700] [HOST_A] received corrupt ACK/NACK (status=PE); retransmitting segment 1
[tick=12800] [HOST_A] TX bit=0
[tick=12800] [HOST_B] RX bit=0
[tick=12900] [HOST_A] TX bit=1
[tick=12900] [HOST_B] RX bit=1
[tick=13000] [HOST_A] TX bit=0
[tick=13000] [HOST_B] RX bit=0
[tick=13100] [HOST_A] TX bit=0
[tick=13100] [HOST_B] RX bit=0
[tick=13200] [HOST_A] TX bit=1
[tick=13200] [HOST_B] RX bit=1
[tick=13300] [HOST_A] TX bit=0
[tick=13300] [HOST_B] RX bit=0
[tick=13400] [HOST_A] TX bit=0
[tick=13400] [HOST_B] RX bit=0
[tick=13500] [HOST_A] TX bit=0
[tick=13500] [HOST_B] RX bit=0
[tick=13600] [HOST_A] TX bit=0
[tick=13600] [HOST_B] RX bit=0
[tick=13700] [HOST_A] TX bit=0
[tick=13700] [HOST_B] RX bit=0
[tick=13800] [HOST_A] TX bit=1
[tick=13800] [HOST_B] RX bit=1
[tick=13900] [HOST_A] TX bit=0
[tick=13900] [HOST_B] RX bit=0
[tick=14000] [HOST_A] TX bit=1
[tick=14000] [HOST_B] RX bit=1
[tick=14100] [HOST_A] TX bit=0
[tick=14100] [HOST_B] RX bit=0
[tick=14200] [HOST_A] TX bit=1
[tick=14200] [HOST_B] RX bit=1
[tick=14300] [HOST_A] TX bit=0
[tick=14300] [HOST_B] RX bit=0
[tick=14300] [HOST_B] RX complete frame=0101010000010010
[tick=14300] [HOST_B] accepted segment 1 on attempt 5; sending ACK
[tick=14400] [HOST_B] TX bit=0
[tick=14400] [HOST_A] RX bit=0
[tick=14500] [HOST_B] TX bit=1
[tick=14500] [HOST_A] RX bit=1
[tick=14600] [HOST_B] TX bit=0
[tick=14600] [HOST_A] RX bit=0
[tick=14700] [HOST_B] TX bit=1
[tick=14700] [HOST_A] RX bit=1
[tick=14800] [HOST_B] TX bit=1
[tick=14800] [HOST_A] RX bit=1
[tick=14900] [HOST_B] TX bit=0
[tick=14900] [HOST_A] RX bit=0
[tick=15000] [HOST_B] TX bit=0
[tick=15000] [HOST_A] RX bit=0
[tick=15100] [HOST_B] TX bit=0
[tick=15100] [HOST_A] RX bit=0
[tick=15200] [HOST_B] TX bit=0
[tick=15200] [HOST_A] RX bit=0
[tick=15300] [HOST_B] TX bit=0
[tick=15300] [HOST_A] RX bit=0
[tick=15400] [HOST_B] TX bit=0
[tick=15400] [HOST_A] RX bit=0
[tick=15500] [HOST_B] TX bit=0
[tick=15500] [HOST_A] RX bit=0
[tick=15600] [HOST_B] TX bit=1
[tick=15600] [HOST_A] RX bit=False
[tick=15700] [HOST_B] TX bit=0
[tick=15700] [HOST_A] RX bit=0
[tick=15800] [HOST_B] TX bit=1
[tick=15800] [HOST_A] RX bit=1
[tick=15900] [HOST_B] TX bit=0
[tick=15900] [HOST_A] RX bit=0
[tick=15900] [HOST_A] RX complete frame=0100000000011010
[tick=15900] [HOST_A] received corrupt ACK/NACK (status=FS); retransmitting segment 1
[tick=16000] [HOST_A] TX bit=0
[tick=16000] [HOST_B] RX bit=0
[tick=16100] [HOST_A] TX bit=1
[tick=16100] [HOST_B] RX bit=1
[tick=16200] [HOST_A] TX bit=0
[tick=16200] [HOST_B] RX bit=0
[tick=16300] [HOST_A] TX bit=0
[tick=16300] [HOST_B] RX bit=0
[tick=16400] [HOST_A] TX bit=1
[tick=16400] [HOST_B] RX bit=1
[tick=16500] [HOST_A] TX bit=0
[tick=16500] [HOST_B] RX bit=0
[tick=16600] [HOST_A] TX bit=0
[tick=16600] [HOST_B] RX bit=0
[tick=16700] [HOST_A] TX bit=0
[tick=16700] [HOST_B] RX bit=0
[tick=16800] [HOST_A] TX bit=0
[tick=16800] [HOST_B] RX bit=0
[tick=16900] [HOST_A] TX bit=0
[tick=16900] [HOST_B] RX bit=0
[tick=17000] [HOST_A] TX bit=1
[tick=17000] [HOST_B] RX bit=1
[tick=17100] [HOST_A] TX bit=0
[tick=17100] [HOST_B] RX bit=0
[tick=17200] [HOST_A] TX bit=1
[tick=17200] [HOST_B] RX bit=1
[tick=17300] [HOST_A] TX bit=0
[tick=17300] [HOST_B] RX bit=0
[tick=17400] [HOST_A] TX bit=1
[tick=17400] [HOST_B] RX bit=1
[tick=17500] [HOST_A] TX bit=0
[tick=17500] [HOST_B] RX bit=0
[tick=17500] [HOST_B] RX complete frame=0101010000010010
[tick=17500] [HOST_B] accepted segment 1 on attempt 6; sending ACK
[tick=17600] [HOST_B] TX bit=0
[tick=17600] [HOST_A] RX bit=0
[tick=17700] [HOST_B] TX bit=1
[tick=17700] [HOST_A] RX bit=1
[tick=17800] [HOST_B] TX bit=0
[tick=17800] [HOST_A] RX bit=True
[tick=17900] [HOST_B] TX bit=1
[tick=17900] [HOST_A] RX bit=1
[tick=18000] [HOST_B] TX bit=1
[tick=18000] [HOST_A] RX bit=1
[tick=18100] [HOST_B] TX bit=0
[tick=18100] [HOST_A] RX bit=0
[tick=18200] [HOST_B] TX bit=0
[tick=18200] [HOST_A] RX bit=0
[tick=18300] [HOST_B] TX bit=0
[tick=18300] [HOST_A] RX bit=0
[tick=18400] [HOST_B] TX bit=0
[tick=18400] [HOST_A] RX bit=0
[tick=18500] [HOST_B] TX bit=0
[tick=18500] [HOST_A] RX bit=0
[tick=18600] [HOST_B] TX bit=0
[tick=18600] [HOST_A] RX bit=0
[tick=18700] [HOST_B] TX bit=0
[tick=18700] [HOST_A] RX bit=0
[tick=18800] [HOST_B] TX bit=1
[tick=18800] [HOST_A] RX bit=1
[tick=18900] [HOST_B] TX bit=0
[tick=18900] [HOST_A] RX bit=0
[tick=19000] [HOST_B] TX bit=1
[tick=19000] [HOST_A] RX bit=1
[tick=19100] [HOST_B] TX bit=0
[tick=19100] [HOST_A] RX bit=0
[tick=19100] [HOST_A] RX complete frame=0101000000011110
[tick=19100] [HOST_A] received corrupt ACK/NACK (status=FE); retransmitting segment 1
[tick=19200] [HOST_A] TX bit=0
[tick=19200] [HOST_B] RX bit=0
[tick=19300] [HOST_A] TX bit=1
[tick=19300] [HOST_B] RX bit=1
[tick=19400] [HOST_A] TX bit=0
[tick=19400] [HOST_B] RX bit=0
[tick=19500] [HOST_A] TX bit=0
[tick=19500] [HOST_B] RX bit=True
[tick=19600] [HOST_A] TX bit=1
[tick=19600] [HOST_B] RX bit=1
[tick=19700] [HOST_A] TX bit=0
[tick=19700] [HOST_B] RX bit=0
[tick=19800] [HOST_A] TX bit=0
[tick=19800] [HOST_B] RX bit=0
[tick=19900] [HOST_A] TX bit=0
[tick=19900] [HOST_B] RX bit=0
[tick=20000] [HOST_A] TX bit=0
[tick=20000] [HOST_B] RX bit=0
[tick=20100] [HOST_A] TX bit=0
[tick=20100] [HOST_B] RX bit=0
[tick=20200] [HOST_A] TX bit=1
[tick=20200] [HOST_B] RX bit=1
[tick=20300] [HOST_A] TX bit=0
[tick=20300] [HOST_B] RX bit=0
[tick=20400] [HOST_A] TX bit=1
[tick=20400] [HOST_B] RX bit=1
[tick=20500] [HOST_A] TX bit=0
[tick=20500] [HOST_B] RX bit=0
[tick=20600] [HOST_A] TX bit=1
[tick=20600] [HOST_B] RX bit=1
[tick=20700] [HOST_A] TX bit=0
[tick=20700] [HOST_B] RX bit=0
[tick=20700] [HOST_B] RX complete frame=0101010000011010
[tick=20700] [HOST_B] rejected received frame and sends NACK for segment 1 (attempt 7, status=PE)
[tick=20800] [HOST_B] TX bit=0
[tick=20800] [HOST_A] RX bit=0
[tick=20900] [HOST_B] TX bit=1
[tick=20900] [HOST_A] RX bit=1
[tick=21000] [HOST_B] TX bit=0
[tick=21000] [HOST_A] RX bit=0
[tick=21100] [HOST_B] TX bit=1
[tick=21100] [HOST_A] RX bit=1
[tick=21200] [HOST_B] TX bit=0
[tick=21200] [HOST_A] RX bit=0
[tick=21300] [HOST_B] TX bit=1
[tick=21300] [HOST_A] RX bit=1
[tick=21400] [HOST_B] TX bit=0
[tick=21400] [HOST_A] RX bit=0
[tick=21500] [HOST_B] TX bit=0
[tick=21500] [HOST_A] RX bit=0
[tick=21600] [HOST_B] TX bit=0
[tick=21600] [HOST_A] RX bit=0
[tick=21700] [HOST_B] TX bit=0
[tick=21700] [HOST_A] RX bit=0
[tick=21800] [HOST_B] TX bit=0
[tick=21800] [HOST_A] RX bit=0
[tick=21900] [HOST_B] TX bit=0
[tick=21900] [HOST_A] RX bit=0
[tick=22000] [HOST_B] TX bit=1
[tick=22000] [HOST_A] RX bit=1
[tick=22100] [HOST_B] TX bit=0
[tick=22100] [HOST_A] RX bit=0
[tick=22200] [HOST_B] TX bit=1
[tick=22200] [HOST_A] RX bit=1
[tick=22300] [HOST_B] TX bit=0
[tick=22300] [HOST_A] RX bit=0
[tick=22300] [HOST_A] RX complete frame=0101000000101010
[tick=22300] [HOST_A] received NACK for segment 1; retransmitting
[tick=22400] [HOST_A] TX bit=0
[tick=22400] [HOST_B] RX bit=0
[tick=22500] [HOST_A] TX bit=1
[tick=22500] [HOST_B] RX bit=1
[tick=22600] [HOST_A] TX bit=0
[tick=22600] [HOST_B] RX bit=0
[tick=22700] [HOST_A] TX bit=0
[tick=22700] [HOST_B] RX bit=0
[tick=22800] [HOST_A] TX bit=1
[tick=22800] [HOST_B] RX bit=1
[tick=22900] [HOST_A] TX bit=0
[tick=22900] [HOST_B] RX bit=0
[tick=23000] [HOST_A] TX bit=0
[tick=23000] [HOST_B] RX bit=0
[tick=23100] [HOST_A] TX bit=0
[tick=23100] [HOST_B] RX bit=0
[tick=23200] [HOST_A] TX bit=0
[tick=23200] [HOST_B] RX bit=0
[tick=23300] [HOST_A] TX bit=0
[tick=23300] [HOST_B] RX bit=0
[tick=23400] [HOST_A] TX bit=1
[tick=23400] [HOST_B] RX bit=1
[tick=23500] [HOST_A] TX bit=0
[tick=23500] [HOST_B] RX bit=0
[tick=23600] [HOST_A] TX bit=1
[tick=23600] [HOST_B] RX bit=1
[tick=23700] [HOST_A] TX bit=0
[tick=23700] [HOST_B] RX bit=0
[tick=23800] [HOST_A] TX bit=1
[tick=23800] [HOST_B] RX bit=1
[tick=23900] [HOST_A] TX bit=0
[tick=23900] [HOST_B] RX bit=0
[tick=23900] [HOST_B] RX complete frame=0101010000010010
[tick=23900] [HOST_B] accepted segment 1 on attempt 8; sending ACK
[tick=24000] [HOST_B] TX bit=0
[tick=24000] [HOST_A] RX bit=0
[tick=24100] [HOST_B] TX bit=1
[tick=24100] [HOST_A] RX bit=1
[tick=24200] [HOST_B] TX bit=0
[tick=24200] [HOST_A] RX bit=0
[tick=24300] [HOST_B] TX bit=1
[tick=24300] [HOST_A] RX bit=1
[tick=24400] [HOST_B] TX bit=1
[tick=24400] [HOST_A] RX bit=1
[tick=24500] [HOST_B] TX bit=0
[tick=24500] [HOST_A] RX bit=0
[tick=24600] [HOST_B] TX bit=0
[tick=24600] [HOST_A] RX bit=0
[tick=24700] [HOST_B] TX bit=0
[tick=24700] [HOST_A] RX bit=0
[tick=24800] [HOST_B] TX bit=0
[tick=24800] [HOST_A] RX bit=0
[tick=24900] [HOST_B] TX bit=0
[tick=24900] [HOST_A] RX bit=0
[tick=25000] [HOST_B] TX bit=0
[tick=25000] [HOST_A] RX bit=0
[tick=25100] [HOST_B] TX bit=0
[tick=25100] [HOST_A] RX bit=0
[tick=25200] [HOST_B] TX bit=1
[tick=25200] [HOST_A] RX bit=False
[tick=25300] [HOST_B] TX bit=0
[tick=25300] [HOST_A] RX bit=0
[tick=25400] [HOST_B] TX bit=1
[tick=25400] [HOST_A] RX bit=1
[tick=25500] [HOST_B] TX bit=0
[tick=25500] [HOST_A] RX bit=0
[tick=25500] [HOST_A] RX complete frame=0100000000011010
[tick=25500] [HOST_A] received corrupt ACK/NACK (status=FS); retransmitting segment 1
[tick=25600] [HOST_A] TX bit=0
[tick=25600] [HOST_B] RX bit=0
[tick=25700] [HOST_A] TX bit=1
[tick=25700] [HOST_B] RX bit=1
[tick=25800] [HOST_A] TX bit=0
[tick=25800] [HOST_B] RX bit=0
[tick=25900] [HOST_A] TX bit=0
[tick=25900] [HOST_B] RX bit=0
[tick=26000] [HOST_A] TX bit=1
[tick=26000] [HOST_B] RX bit=1
[tick=26100] [HOST_A] TX bit=0
[tick=26100] [HOST_B] RX bit=0
[tick=26200] [HOST_A] TX bit=0
[tick=26200] [HOST_B] RX bit=0
[tick=26300] [HOST_A] TX bit=0
[tick=26300] [HOST_B] RX bit=0
[tick=26400] [HOST_A] TX bit=0
[tick=26400] [HOST_B] RX bit=0
[tick=26500] [HOST_A] TX bit=0
[tick=26500] [HOST_B] RX bit=0
[tick=26600] [HOST_A] TX bit=1
[tick=26600] [HOST_B] RX bit=1
[tick=26700] [HOST_A] TX bit=0
[tick=26700] [HOST_B] RX bit=0
[tick=26800] [HOST_A] TX bit=1
[tick=26800] [HOST_B] RX bit=1
[tick=26900] [HOST_A] TX bit=0
[tick=26900] [HOST_B] RX bit=0
[tick=27000] [HOST_A] TX bit=1
[tick=27000] [HOST_B] RX bit=1
[tick=27100] [HOST_A] TX bit=0
[tick=27100] [HOST_B] RX bit=0
[tick=27100] [HOST_B] RX complete frame=0101010000010010
[tick=27100] [HOST_B] accepted segment 1 on attempt 9; sending ACK
[tick=27200] [HOST_B] TX bit=0
[tick=27200] [HOST_A] RX bit=0
[tick=27300] [HOST_B] TX bit=1
[tick=27300] [HOST_A] RX bit=1
[tick=27400] [HOST_B] TX bit=0
[tick=27400] [HOST_A] RX bit=0
[tick=27500] [HOST_B] TX bit=1
[tick=27500] [HOST_A] RX bit=1
[tick=27600] [HOST_B] TX bit=1
[tick=27600] [HOST_A] RX bit=1
[tick=27700] [HOST_B] TX bit=0
[tick=27700] [HOST_A] RX bit=0
[tick=27800] [HOST_B] TX bit=0
[tick=27800] [HOST_A] RX bit=0
[tick=27900] [HOST_B] TX bit=0
[tick=27900] [HOST_A] RX bit=0
[tick=28000] [HOST_B] TX bit=0
[tick=28000] [HOST_A] RX bit=0
[tick=28100] [HOST_B] TX bit=0
[tick=28100] [HOST_A] RX bit=0
[tick=28200] [HOST_B] TX bit=0
[tick=28200] [HOST_A] RX bit=0
[tick=28300] [HOST_B] TX bit=0
[tick=28300] [HOST_A] RX bit=0
[tick=28400] [HOST_B] TX bit=1
[tick=28400] [HOST_A] RX bit=1
[tick=28500] [HOST_B] TX bit=0
[tick=28500] [HOST_A] RX bit=0
[tick=28600] [HOST_B] TX bit=1
[tick=28600] [HOST_A] RX bit=1
[tick=28700] [HOST_B] TX bit=0
[tick=28700] [HOST_A] RX bit=0
[tick=28700] [HOST_A] RX complete frame=0101000000011010
[tick=28700] [HOST_A] received ACK for segment 1
[tick=28800] [HOST_A] TX bit=0
[tick=28800] [HOST_B] RX bit=0
[tick=28900] [HOST_A] TX bit=1
[tick=28900] [HOST_B] RX bit=1
[tick=29000] [HOST_A] TX bit=0
[tick=29000] [HOST_B] RX bit=0
[tick=29100] [HOST_A] TX bit=1
[tick=29100] [HOST_B] RX bit=1
[tick=29200] [HOST_A] TX bit=0
[tick=29200] [HOST_B] RX bit=0
[tick=29300] [HOST_A] TX bit=1
[tick=29300] [HOST_B] RX bit=1
[tick=29400] [HOST_A] TX bit=1
[tick=29400] [HOST_B] RX bit=1
[tick=29500] [HOST_A] TX bit=1
[tick=29500] [HOST_B] RX bit=1
[tick=29600] [HOST_A] TX bit=0
[tick=29600] [HOST_B] RX bit=0
[tick=29700] [HOST_A] TX bit=1
[tick=29700] [HOST_B] RX bit=1
[tick=29800] [HOST_A] TX bit=1
[tick=29800] [HOST_B] RX bit=1
[tick=29900] [HOST_A] TX bit=0
[tick=29900] [HOST_B] RX bit=0
[tick=30000] [HOST_A] TX bit=1
[tick=30000] [HOST_B] RX bit=1
[tick=30100] [HOST_A] TX bit=0
[tick=30100] [HOST_B] RX bit=0
[tick=30200] [HOST_A] TX bit=1
[tick=30200] [HOST_B] RX bit=1
[tick=30300] [HOST_A] TX bit=0
[tick=30300] [HOST_B] RX bit=True
[tick=30300] [HOST_B] RX complete frame=1101011011101010
[tick=30300] [HOST_B] rejected received frame and sends NACK for segment 2 (attempt 1, status=FS)
[tick=30400] [HOST_B] TX bit=0
[tick=30400] [HOST_A] RX bit=0
[tick=30500] [HOST_B] TX bit=1
[tick=30500] [HOST_A] RX bit=1
[tick=30600] [HOST_B] TX bit=0
[tick=30600] [HOST_A] RX bit=0
[tick=30700] [HOST_B] TX bit=1
[tick=30700] [HOST_A] RX bit=1
[tick=30800] [HOST_B] TX bit=0
[tick=30800] [HOST_A] RX bit=0
[tick=30900] [HOST_B] TX bit=1
[tick=30900] [HOST_A] RX bit=1
[tick=31000] [HOST_B] TX bit=0
[tick=31000] [HOST_A] RX bit=0
[tick=31100] [HOST_B] TX bit=0
[tick=31100] [HOST_A] RX bit=0
[tick=31200] [HOST_B] TX bit=0
[tick=31200] [HOST_A] RX bit=0
[tick=31300] [HOST_B] TX bit=0
[tick=31300] [HOST_A] RX bit=0
[tick=31400] [HOST_B] TX bit=0
[tick=31400] [HOST_A] RX bit=0
[tick=31500] [HOST_B] TX bit=0
[tick=31500] [HOST_A] RX bit=0
[tick=31600] [HOST_B] TX bit=1
[tick=31600] [HOST_A] RX bit=1
[tick=31700] [HOST_B] TX bit=0
[tick=31700] [HOST_A] RX bit=0
[tick=31800] [HOST_B] TX bit=1
[tick=31800] [HOST_A] RX bit=1
[tick=31900] [HOST_B] TX bit=0
[tick=31900] [HOST_A] RX bit=0
[tick=31900] [HOST_A] RX complete frame=0101000000101010
[tick=31900] [HOST_A] received NACK for segment 2; retransmitting
[tick=32000] [HOST_A] TX bit=0
[tick=32000] [HOST_B] RX bit=0
[tick=32100] [HOST_A] TX bit=1
[tick=32100] [HOST_B] RX bit=1
[tick=32200] [HOST_A] TX bit=0
[tick=32200] [HOST_B] RX bit=0
[tick=32300] [HOST_A] TX bit=1
[tick=32300] [HOST_B] RX bit=1
[tick=32400] [HOST_A] TX bit=0
[tick=32400] [HOST_B] RX bit=0
[tick=32500] [HOST_A] TX bit=1
[tick=32500] [HOST_B] RX bit=1
[tick=32600] [HOST_A] TX bit=1
[tick=32600] [HOST_B] RX bit=1
[tick=32700] [HOST_A] TX bit=1
[tick=32700] [HOST_B] RX bit=1
[tick=32800] [HOST_A] TX bit=0
[tick=32800] [HOST_B] RX bit=0
[tick=32900] [HOST_A] TX bit=1
[tick=32900] [HOST_B] RX bit=1
[tick=33000] [HOST_A] TX bit=1
[tick=33000] [HOST_B] RX bit=1
[tick=33100] [HOST_A] TX bit=0
[tick=33100] [HOST_B] RX bit=0
[tick=33200] [HOST_A] TX bit=1
[tick=33200] [HOST_B] RX bit=1
[tick=33300] [HOST_A] TX bit=0
[tick=33300] [HOST_B] RX bit=0
[tick=33400] [HOST_A] TX bit=1
[tick=33400] [HOST_B] RX bit=1
[tick=33500] [HOST_A] TX bit=0
[tick=33500] [HOST_B] RX bit=0
[tick=33500] [HOST_B] RX complete frame=0101011011101010
[tick=33500] [HOST_B] accepted segment 2 on attempt 2; sending ACK
[tick=33500] [HOST_B] last decoded frame for segment 2: 'n'
[tick=33600] [HOST_B] TX bit=0
[tick=33600] [HOST_A] RX bit=0
[tick=33700] [HOST_B] TX bit=1
[tick=33700] [HOST_A] RX bit=1
[tick=33800] [HOST_B] TX bit=0
[tick=33800] [HOST_A] RX bit=0
[tick=33900] [HOST_B] TX bit=1
[tick=33900] [HOST_A] RX bit=1
[tick=34000] [HOST_B] TX bit=1
[tick=34000] [HOST_A] RX bit=False
[tick=34100] [HOST_B] TX bit=0
[tick=34100] [HOST_A] RX bit=0
[tick=34200] [HOST_B] TX bit=0
[tick=34200] [HOST_A] RX bit=0
[tick=34300] [HOST_B] TX bit=0
[tick=34300] [HOST_A] RX bit=0
[tick=34400] [HOST_B] TX bit=0
[tick=34400] [HOST_A] RX bit=0
[tick=34500] [HOST_B] TX bit=0
[tick=34500] [HOST_A] RX bit=0
[tick=34600] [HOST_B] TX bit=0
[tick=34600] [HOST_A] RX bit=0
[tick=34700] [HOST_B] TX bit=0
[tick=34700] [HOST_A] RX bit=0
[tick=34800] [HOST_B] TX bit=1
[tick=34800] [HOST_A] RX bit=1
[tick=34900] [HOST_B] TX bit=0
[tick=34900] [HOST_A] RX bit=0
[tick=35000] [HOST_B] TX bit=1
[tick=35000] [HOST_A] RX bit=1
[tick=35100] [HOST_B] TX bit=0
[tick=35100] [HOST_A] RX bit=0
[tick=35100] [HOST_A] RX complete frame=0101000000001010
[tick=35100] [HOST_A] received corrupt ACK/NACK (status=PE); retransmitting segment 2
[tick=35200] [HOST_A] TX bit=0
[tick=35200] [HOST_B] RX bit=0
[tick=35300] [HOST_A] TX bit=1
[tick=35300] [HOST_B] RX bit=1
[tick=35400] [HOST_A] TX bit=0
[tick=35400] [HOST_B] RX bit=0
[tick=35500] [HOST_A] TX bit=1
[tick=35500] [HOST_B] RX bit=1
[tick=35600] [HOST_A] TX bit=0
[tick=35600] [HOST_B] RX bit=0
[tick=35700] [HOST_A] TX bit=1
[tick=35700] [HOST_B] RX bit=1
[tick=35800] [HOST_A] TX bit=1
[tick=35800] [HOST_B] RX bit=1
[tick=35900] [HOST_A] TX bit=1
[tick=35900] [HOST_B] RX bit=False
[tick=36000] [HOST_A] TX bit=0
[tick=36000] [HOST_B] RX bit=0
[tick=36100] [HOST_A] TX bit=1
[tick=36100] [HOST_B] RX bit=1
[tick=36200] [HOST_A] TX bit=1
[tick=36200] [HOST_B] RX bit=1
[tick=36300] [HOST_A] TX bit=0
[tick=36300] [HOST_B] RX bit=0
[tick=36400] [HOST_A] TX bit=1
[tick=36400] [HOST_B] RX bit=1
[tick=36500] [HOST_A] TX bit=0
[tick=36500] [HOST_B] RX bit=0
[tick=36600] [HOST_A] TX bit=1
[tick=36600] [HOST_B] RX bit=1
[tick=36700] [HOST_A] TX bit=0
[tick=36700] [HOST_B] RX bit=0
[tick=36700] [HOST_B] RX complete frame=0101011001101010
[tick=36700] [HOST_B] rejected received frame and sends NACK for segment 2 (attempt 3, status=PE)
[tick=36800] [HOST_B] TX bit=0
[tick=36800] [HOST_A] RX bit=0
[tick=36900] [HOST_B] TX bit=1
[tick=36900] [HOST_A] RX bit=1
[tick=37000] [HOST_B] TX bit=0
[tick=37000] [HOST_A] RX bit=0
[tick=37100] [HOST_B] TX bit=1
[tick=37100] [HOST_A] RX bit=1
[tick=37200] [HOST_B] TX bit=0
[tick=37200] [HOST_A] RX bit=0
[tick=37300] [HOST_B] TX bit=1
[tick=37300] [HOST_A] RX bit=1
[tick=37400] [HOST_B] TX bit=0
[tick=37400] [HOST_A] RX bit=0
[tick=37500] [HOST_B] TX bit=0
[tick=37500] [HOST_A] RX bit=0
[tick=37600] [HOST_B] TX bit=0
[tick=37600] [HOST_A] RX bit=0
[tick=37700] [HOST_B] TX bit=0
[tick=37700] [HOST_A] RX bit=0
[tick=37800] [HOST_B] TX bit=0
[tick=37800] [HOST_A] RX bit=0
[tick=37900] [HOST_B] TX bit=0
[tick=37900] [HOST_A] RX bit=0
[tick=38000] [HOST_B] TX bit=1
[tick=38000] [HOST_A] RX bit=1
[tick=38100] [HOST_B] TX bit=0
[tick=38100] [HOST_A] RX bit=0
[tick=38200] [HOST_B] TX bit=1
[tick=38200] [HOST_A] RX bit=1
[tick=38300] [HOST_B] TX bit=0
[tick=38300] [HOST_A] RX bit=0
[tick=38300] [HOST_A] RX complete frame=0101000000101010
[tick=38300] [HOST_A] received NACK for segment 2; retransmitting
[tick=38400] [HOST_A] TX bit=0
[tick=38400] [HOST_B] RX bit=0
[tick=38500] [HOST_A] TX bit=1
[tick=38500] [HOST_B] RX bit=1
[tick=38600] [HOST_A] TX bit=0
[tick=38600] [HOST_B] RX bit=0
[tick=38700] [HOST_A] TX bit=1
[tick=38700] [HOST_B] RX bit=1
[tick=38800] [HOST_A] TX bit=0
[tick=38800] [HOST_B] RX bit=0
[tick=38900] [HOST_A] TX bit=1
[tick=38900] [HOST_B] RX bit=1
[tick=39000] [HOST_A] TX bit=1
[tick=39000] [HOST_B] RX bit=1
[tick=39100] [HOST_A] TX bit=1
[tick=39100] [HOST_B] RX bit=1
[tick=39200] [HOST_A] TX bit=0
[tick=39200] [HOST_B] RX bit=0
[tick=39300] [HOST_A] TX bit=1
[tick=39300] [HOST_B] RX bit=1
[tick=39400] [HOST_A] TX bit=1
[tick=39400] [HOST_B] RX bit=1
[tick=39500] [HOST_A] TX bit=0
[tick=39500] [HOST_B] RX bit=0
[tick=39600] [HOST_A] TX bit=1
[tick=39600] [HOST_B] RX bit=1
[tick=39700] [HOST_A] TX bit=0
[tick=39700] [HOST_B] RX bit=0
[tick=39800] [HOST_A] TX bit=1
[tick=39800] [HOST_B] RX bit=1
[tick=39900] [HOST_A] TX bit=0
[tick=39900] [HOST_B] RX bit=0
[tick=39900] [HOST_B] RX complete frame=0101011011101010
[tick=39900] [HOST_B] accepted segment 2 on attempt 4; sending ACK
[tick=40000] [HOST_B] TX bit=0
[tick=40000] [HOST_A] RX bit=0
[tick=40100] [HOST_B] TX bit=1
[tick=40100] [HOST_A] RX bit=1
[tick=40200] [HOST_B] TX bit=0
[tick=40200] [HOST_A] RX bit=0
[tick=40300] [HOST_B] TX bit=1
[tick=40300] [HOST_A] RX bit=1
[tick=40400] [HOST_B] TX bit=1
[tick=40400] [HOST_A] RX bit=1
[tick=40500] [HOST_B] TX bit=0
[tick=40500] [HOST_A] RX bit=0
[tick=40600] [HOST_B] TX bit=0
[tick=40600] [HOST_A] RX bit=0
[tick=40700] [HOST_B] TX bit=0
[tick=40700] [HOST_A] RX bit=0
[tick=40800] [HOST_B] TX bit=0
[tick=40800] [HOST_A] RX bit=0
[tick=40900] [HOST_B] TX bit=0
[tick=40900] [HOST_A] RX bit=0
[tick=41000] [HOST_B] TX bit=0
[tick=41000] [HOST_A] RX bit=0
[tick=41100] [HOST_B] TX bit=0
[tick=41100] [HOST_A] RX bit=0
[tick=41200] [HOST_B] TX bit=1
[tick=41200] [HOST_A] RX bit=1
[tick=41300] [HOST_B] TX bit=0
[tick=41300] [HOST_A] RX bit=0
[tick=41400] [HOST_B] TX bit=1
[tick=41400] [HOST_A] RX bit=1
[tick=41500] [HOST_B] TX bit=0
[tick=41500] [HOST_A] RX bit=0
[tick=41500] [HOST_A] RX complete frame=0101000000011010
[tick=41500] [HOST_A] received ACK for segment 2
[tick=41600] [HOST_A] TX bit=0
[tick=41600] [HOST_B] RX bit=0
[tick=41700] [HOST_A] TX bit=1
[tick=41700] [HOST_B] RX bit=1
[tick=41800] [HOST_A] TX bit=0
[tick=41800] [HOST_B] RX bit=0
[tick=41900] [HOST_A] TX bit=0
[tick=41900] [HOST_B] RX bit=0
[tick=42000] [HOST_A] TX bit=1
[tick=42000] [HOST_B] RX bit=1
[tick=42100] [HOST_A] TX bit=0
[tick=42100] [HOST_B] RX bit=0
[tick=42200] [HOST_A] TX bit=1
[tick=42200] [HOST_B] RX bit=1
[tick=42300] [HOST_A] TX bit=1
[tick=42300] [HOST_B] RX bit=1
[tick=42400] [HOST_A] TX bit=0
[tick=42400] [HOST_B] RX bit=0
[tick=42500] [HOST_A] TX bit=1
[tick=42500] [HOST_B] RX bit=1
[tick=42600] [HOST_A] TX bit=0
[tick=42600] [HOST_B] RX bit=0
[tick=42700] [HOST_A] TX bit=0
[tick=42700] [HOST_B] RX bit=0
[tick=42800] [HOST_A] TX bit=1
[tick=42800] [HOST_B] RX bit=1
[tick=42900] [HOST_A] TX bit=0
[tick=42900] [HOST_B] RX bit=0
[tick=43000] [HOST_A] TX bit=1
[tick=43000] [HOST_B] RX bit=1
[tick=43100] [HOST_A] TX bit=0
[tick=43100] [HOST_B] RX bit=0
[tick=43100] [HOST_B] RX complete frame=0101001011010010
[tick=43100] [HOST_B] accepted segment 3 on attempt 1; sending ACK
[tick=43100] [HOST_B] last decoded frame for segment 3: '-'
[tick=43200] [HOST_B] TX bit=0
[tick=43200] [HOST_A] RX bit=0
[tick=43300] [HOST_B] TX bit=1
[tick=43300] [HOST_A] RX bit=1
[tick=43400] [HOST_B] TX bit=0
[tick=43400] [HOST_A] RX bit=0
[tick=43500] [HOST_B] TX bit=1
[tick=43500] [HOST_A] RX bit=1
[tick=43600] [HOST_B] TX bit=1
[tick=43600] [HOST_A] RX bit=1
[tick=43700] [HOST_B] TX bit=0
[tick=43700] [HOST_A] RX bit=0
[tick=43800] [HOST_B] TX bit=0
[tick=43800] [HOST_A] RX bit=0
[tick=43900] [HOST_B] TX bit=0
[tick=43900] [HOST_A] RX bit=0
[tick=44000] [HOST_B] TX bit=0
[tick=44000] [HOST_A] RX bit=0
[tick=44100] [HOST_B] TX bit=0
[tick=44100] [HOST_A] RX bit=0
[tick=44200] [HOST_B] TX bit=0
[tick=44200] [HOST_A] RX bit=0
[tick=44300] [HOST_B] TX bit=0
[tick=44300] [HOST_A] RX bit=0
[tick=44400] [HOST_B] TX bit=1
[tick=44400] [HOST_A] RX bit=1
[tick=44500] [HOST_B] TX bit=0
[tick=44500] [HOST_A] RX bit=0
[tick=44600] [HOST_B] TX bit=1
[tick=44600] [HOST_A] RX bit=1
[tick=44700] [HOST_B] TX bit=0
[tick=44700] [HOST_A] RX bit=0
[tick=44700] [HOST_A] RX complete frame=0101000000011010
[tick=44700] [HOST_A] received ACK for segment 3
[tick=44800] [HOST_A] TX bit=0
[tick=44800] [HOST_B] RX bit=0
[tick=44900] [HOST_A] TX bit=1
[tick=44900] [HOST_B] RX bit=1
[tick=45000] [HOST_A] TX bit=0
[tick=45000] [HOST_B] RX bit=0
[tick=45100] [HOST_A] TX bit=0
[tick=45100] [HOST_B] RX bit=0
[tick=45200] [HOST_A] TX bit=1
[tick=45200] [HOST_B] RX bit=1
[tick=45300] [HOST_A] TX bit=0
[tick=45300] [HOST_B] RX bit=0
[tick=45400] [HOST_A] TX bit=0
[tick=45400] [HOST_B] RX bit=0
[tick=45500] [HOST_A] TX bit=0
[tick=45500] [HOST_B] RX bit=0
[tick=45600] [HOST_A] TX bit=0
[tick=45600] [HOST_B] RX bit=0
[tick=45700] [HOST_A] TX bit=0
[tick=45700] [HOST_B] RX bit=0
[tick=45800] [HOST_A] TX bit=1
[tick=45800] [HOST_B] RX bit=1
[tick=45900] [HOST_A] TX bit=0
[tick=45900] [HOST_B] RX bit=0
[tick=46000] [HOST_A] TX bit=1
[tick=46000] [HOST_B] RX bit=1
[tick=46100] [HOST_A] TX bit=0
[tick=46100] [HOST_B] RX bit=0
[tick=46200] [HOST_A] TX bit=1
[tick=46200] [HOST_B] RX bit=1
[tick=46300] [HOST_A] TX bit=0
[tick=46300] [HOST_B] RX bit=0
[tick=46300] [HOST_B] RX complete frame=0101010000010010
[tick=46300] [HOST_B] accepted segment 4 on attempt 1; sending ACK
[tick=46300] [HOST_B] last decoded frame for segment 4: 'A'
[tick=46400] [HOST_B] TX bit=0
[tick=46400] [HOST_A] RX bit=0
[tick=46500] [HOST_B] TX bit=1
[tick=46500] [HOST_A] RX bit=1
[tick=46600] [HOST_B] TX bit=0
[tick=46600] [HOST_A] RX bit=0
[tick=46700] [HOST_B] TX bit=1
[tick=46700] [HOST_A] RX bit=1
[tick=46800] [HOST_B] TX bit=1
[tick=46800] [HOST_A] RX bit=1
[tick=46900] [HOST_B] TX bit=0
[tick=46900] [HOST_A] RX bit=0
[tick=47000] [HOST_B] TX bit=0
[tick=47000] [HOST_A] RX bit=0
[tick=47100] [HOST_B] TX bit=0
[tick=47100] [HOST_A] RX bit=0
[tick=47200] [HOST_B] TX bit=0
[tick=47200] [HOST_A] RX bit=0
[tick=47300] [HOST_B] TX bit=0
[tick=47300] [HOST_A] RX bit=0
[tick=47400] [HOST_B] TX bit=0
[tick=47400] [HOST_A] RX bit=0
[tick=47500] [HOST_B] TX bit=0
[tick=47500] [HOST_A] RX bit=0
[tick=47600] [HOST_B] TX bit=1
[tick=47600] [HOST_A] RX bit=1
[tick=47700] [HOST_B] TX bit=0
[tick=47700] [HOST_A] RX bit=0
[tick=47800] [HOST_B] TX bit=1
[tick=47800] [HOST_A] RX bit=1
[tick=47900] [HOST_B] TX bit=0
[tick=47900] [HOST_A] RX bit=0
[tick=47900] [HOST_A] RX complete frame=0101000000011010
[tick=47900] [HOST_A] received ACK for segment 4
[tick=48000] [HOST_A] TX bit=0
[tick=48000] [HOST_B] RX bit=0
[tick=48100] [HOST_A] TX bit=1
[tick=48100] [HOST_B] RX bit=1
[tick=48200] [HOST_A] TX bit=0
[tick=48200] [HOST_B] RX bit=0
[tick=48300] [HOST_A] TX bit=1
[tick=48300] [HOST_B] RX bit=1
[tick=48400] [HOST_A] TX bit=0
[tick=48400] [HOST_B] RX bit=0
[tick=48500] [HOST_A] TX bit=1
[tick=48500] [HOST_B] RX bit=1
[tick=48600] [HOST_A] TX bit=1
[tick=48600] [HOST_B] RX bit=1
[tick=48700] [HOST_A] TX bit=1
[tick=48700] [HOST_B] RX bit=1
[tick=48800] [HOST_A] TX bit=0
[tick=48800] [HOST_B] RX bit=0
[tick=48900] [HOST_A] TX bit=1
[tick=48900] [HOST_B] RX bit=1
[tick=49000] [HOST_A] TX bit=1
[tick=49000] [HOST_B] RX bit=1
[tick=49100] [HOST_A] TX bit=0
[tick=49100] [HOST_B] RX bit=0
[tick=49200] [HOST_A] TX bit=1
[tick=49200] [HOST_B] RX bit=1
[tick=49300] [HOST_A] TX bit=0
[tick=49300] [HOST_B] RX bit=0
[tick=49400] [HOST_A] TX bit=1
[tick=49400] [HOST_B] RX bit=1
[tick=49500] [HOST_A] TX bit=0
[tick=49500] [HOST_B] RX bit=0
[tick=49500] [HOST_B] RX complete frame=0101011011101010
[tick=49500] [HOST_B] accepted segment 5 on attempt 1; sending ACK
[tick=49500] [HOST_B] last decoded frame for segment 5: 'n'
[tick=49600] [HOST_B] TX bit=0
[tick=49600] [HOST_A] RX bit=0
[tick=49700] [HOST_B] TX bit=1
[tick=49700] [HOST_A] RX bit=1
[tick=49800] [HOST_B] TX bit=0
[tick=49800] [HOST_A] RX bit=0
[tick=49900] [HOST_B] TX bit=1
[tick=49900] [HOST_A] RX bit=1
[tick=50000] [HOST_B] TX bit=1
[tick=50000] [HOST_A] RX bit=1
[tick=50100] [HOST_B] TX bit=0
[tick=50100] [HOST_A] RX bit=0
[tick=50200] [HOST_B] TX bit=0
[tick=50200] [HOST_A] RX bit=0
[tick=50300] [HOST_B] TX bit=0
[tick=50300] [HOST_A] RX bit=0
[tick=50400] [HOST_B] TX bit=0
[tick=50400] [HOST_A] RX bit=0
[tick=50500] [HOST_B] TX bit=0
[tick=50500] [HOST_A] RX bit=0
[tick=50600] [HOST_B] TX bit=0
[tick=50600] [HOST_A] RX bit=0
[tick=50700] [HOST_B] TX bit=0
[tick=50700] [HOST_A] RX bit=0
[tick=50800] [HOST_B] TX bit=1
[tick=50800] [HOST_A] RX bit=1
[tick=50900] [HOST_B] TX bit=0
[tick=50900] [HOST_A] RX bit=0
[tick=51000] [HOST_B] TX bit=1
[tick=51000] [HOST_A] RX bit=1
[tick=51100] [HOST_B] TX bit=0
[tick=51100] [HOST_A] RX bit=0
[tick=51100] [HOST_A] RX complete frame=0101000000011010
[tick=51100] [HOST_A] received ACK for segment 5
[tick=51200] [HOST_A] TX bit=0
[tick=51200] [HOST_B] RX bit=0
[tick=51300] [HOST_A] TX bit=1
[tick=51300] [HOST_B] RX bit=1
[tick=51400] [HOST_A] TX bit=0
[tick=51400] [HOST_B] RX bit=0
[tick=51500] [HOST_A] TX bit=0
[tick=51500] [HOST_B] RX bit=0
[tick=51600] [HOST_A] TX bit=1
[tick=51600] [HOST_B] RX bit=1
[tick=51700] [HOST_A] TX bit=0
[tick=51700] [HOST_B] RX bit=0
[tick=51800] [HOST_A] TX bit=1
[tick=51800] [HOST_B] RX bit=1
[tick=51900] [HOST_A] TX bit=1
[tick=51900] [HOST_B] RX bit=1
[tick=52000] [HOST_A] TX bit=0
[tick=52000] [HOST_B] RX bit=0
[tick=52100] [HOST_A] TX bit=1
[tick=52100] [HOST_B] RX bit=1
[tick=52200] [HOST_A] TX bit=0
[tick=52200] [HOST_B] RX bit=0
[tick=52300] [HOST_A] TX bit=0
[tick=52300] [HOST_B] RX bit=0
[tick=52400] [HOST_A] TX bit=1
[tick=52400] [HOST_B] RX bit=1
[tick=52500] [HOST_A] TX bit=0
[tick=52500] [HOST_B] RX bit=0
[tick=52600] [HOST_A] TX bit=1
[tick=52600] [HOST_B] RX bit=1
[tick=52700] [HOST_A] TX bit=0
[tick=52700] [HOST_B] RX bit=0
[tick=52700] [HOST_B] RX complete frame=0101001011010010
[tick=52700] [HOST_B] accepted segment 6 on attempt 1; sending ACK
[tick=52700] [HOST_B] last decoded frame for segment 6: '-'
[tick=52800] [HOST_B] TX bit=0
[tick=52800] [HOST_A] RX bit=0
[tick=52900] [HOST_B] TX bit=1
[tick=52900] [HOST_A] RX bit=1
[tick=53000] [HOST_B] TX bit=0
[tick=53000] [HOST_A] RX bit=0
[tick=53100] [HOST_B] TX bit=1
[tick=53100] [HOST_A] RX bit=1
[tick=53200] [HOST_B] TX bit=1
[tick=53200] [HOST_A] RX bit=1
[tick=53300] [HOST_B] TX bit=0
[tick=53300] [HOST_A] RX bit=0
[tick=53400] [HOST_B] TX bit=0
[tick=53400] [HOST_A] RX bit=0
[tick=53500] [HOST_B] TX bit=0
[tick=53500] [HOST_A] RX bit=0
[tick=53600] [HOST_B] TX bit=0
[tick=53600] [HOST_A] RX bit=0
[tick=53700] [HOST_B] TX bit=0
[tick=53700] [HOST_A] RX bit=0
[tick=53800] [HOST_B] TX bit=0
[tick=53800] [HOST_A] RX bit=0
[tick=53900] [HOST_B] TX bit=0
[tick=53900] [HOST_A] RX bit=0
[tick=54000] [HOST_B] TX bit=1
[tick=54000] [HOST_A] RX bit=1
[tick=54100] [HOST_B] TX bit=0
[tick=54100] [HOST_A] RX bit=0
[tick=54200] [HOST_B] TX bit=1
[tick=54200] [HOST_A] RX bit=1
[tick=54300] [HOST_B] TX bit=0
[tick=54300] [HOST_A] RX bit=0
[tick=54300] [HOST_A] RX complete frame=0101000000011010
[tick=54300] [HOST_A] received ACK for segment 6
[tick=54400] [HOST_A] TX bit=0
[tick=54400] [HOST_B] RX bit=0
[tick=54500] [HOST_A] TX bit=1
[tick=54500] [HOST_B] RX bit=1
[tick=54600] [HOST_A] TX bit=0
[tick=54600] [HOST_B] RX bit=0
[tick=54700] [HOST_A] TX bit=1
[tick=54700] [HOST_B] RX bit=1
[tick=54800] [HOST_A] TX bit=0
[tick=54800] [HOST_B] RX bit=0
[tick=54900] [HOST_A] TX bit=0
[tick=54900] [HOST_B] RX bit=0
[tick=55000] [HOST_A] TX bit=1
[tick=55000] [HOST_B] RX bit=1
[tick=55100] [HOST_A] TX bit=0
[tick=55100] [HOST_B] RX bit=0
[tick=55200] [HOST_A] TX bit=1
[tick=55200] [HOST_B] RX bit=1
[tick=55300] [HOST_A] TX bit=0
[tick=55300] [HOST_B] RX bit=0
[tick=55400] [HOST_A] TX bit=1
[tick=55400] [HOST_B] RX bit=1
[tick=55500] [HOST_A] TX bit=0
[tick=55500] [HOST_B] RX bit=0
[tick=55600] [HOST_A] TX bit=1
[tick=55600] [HOST_B] RX bit=1
[tick=55700] [HOST_A] TX bit=0
[tick=55700] [HOST_B] RX bit=0
[tick=55800] [HOST_A] TX bit=1
[tick=55800] [HOST_B] RX bit=1
[tick=55900] [HOST_A] TX bit=0
[tick=55900] [HOST_B] RX bit=0
[tick=55900] [HOST_B] RX complete frame=0101010101001010
[tick=55900] [HOST_B] accepted segment 7 on attempt 1; sending ACK
[tick=55900] [HOST_B] last decoded frame for segment 7: 'T'
[tick=56000] [HOST_B] TX bit=0
[tick=56000] [HOST_A] RX bit=0
[tick=56100] [HOST_B] TX bit=1
[tick=56100] [HOST_A] RX bit=1
[tick=56200] [HOST_B] TX bit=0
[tick=56200] [HOST_A] RX bit=0
[tick=56300] [HOST_B] TX bit=1
[tick=56300] [HOST_A] RX bit=False
[tick=56400] [HOST_B] TX bit=1
[tick=56400] [HOST_A] RX bit=1
[tick=56500] [HOST_B] TX bit=0
[tick=56500] [HOST_A] RX bit=0
[tick=56600] [HOST_B] TX bit=0
[tick=56600] [HOST_A] RX bit=0
[tick=56700] [HOST_B] TX bit=0
[tick=56700] [HOST_A] RX bit=0
[tick=56800] [HOST_B] TX bit=0
[tick=56800] [HOST_A] RX bit=0
[tick=56900] [HOST_B] TX bit=0
[tick=56900] [HOST_A] RX bit=0
[tick=57000] [HOST_B] TX bit=0
[tick=57000] [HOST_A] RX bit=0
[tick=57100] [HOST_B] TX bit=0
[tick=57100] [HOST_A] RX bit=0
[tick=57200] [HOST_B] TX bit=1
[tick=57200] [HOST_A] RX bit=1
[tick=57300] [HOST_B] TX bit=0
[tick=57300] [HOST_A] RX bit=0
[tick=57400] [HOST_B] TX bit=1
[tick=57400] [HOST_A] RX bit=1
[tick=57500] [HOST_B] TX bit=0
[tick=57500] [HOST_A] RX bit=0
[tick=57500] [HOST_A] RX complete frame=0101000000010010
[tick=57500] [HOST_A] received corrupt ACK/NACK (status=PE); retransmitting segment 7
[tick=57600] [HOST_A] TX bit=0
[tick=57600] [HOST_B] RX bit=0
[tick=57700] [HOST_A] TX bit=1
[tick=57700] [HOST_B] RX bit=1
[tick=57800] [HOST_A] TX bit=0
[tick=57800] [HOST_B] RX bit=0
[tick=57900] [HOST_A] TX bit=1
[tick=57900] [HOST_B] RX bit=1
[tick=58000] [HOST_A] TX bit=0
[tick=58000] [HOST_B] RX bit=0
[tick=58100] [HOST_A] TX bit=0
[tick=58100] [HOST_B] RX bit=True
[tick=58200] [HOST_A] TX bit=1
[tick=58200] [HOST_B] RX bit=1
[tick=58300] [HOST_A] TX bit=0
[tick=58300] [HOST_B] RX bit=0
[tick=58400] [HOST_A] TX bit=1
[tick=58400] [HOST_B] RX bit=1
[tick=58500] [HOST_A] TX bit=0
[tick=58500] [HOST_B] RX bit=0
[tick=58600] [HOST_A] TX bit=1
[tick=58600] [HOST_B] RX bit=1
[tick=58700] [HOST_A] TX bit=0
[tick=58700] [HOST_B] RX bit=True
[tick=58800] [HOST_A] TX bit=1
[tick=58800] [HOST_B] RX bit=1
[tick=58900] [HOST_A] TX bit=0
[tick=58900] [HOST_B] RX bit=0
[tick=59000] [HOST_A] TX bit=1
[tick=59000] [HOST_B] RX bit=1
[tick=59100] [HOST_A] TX bit=0
[tick=59100] [HOST_B] RX bit=0
[tick=59100] [HOST_B] RX complete frame=0101110101101010
[tick=59100] [HOST_B] rejected received frame and sends NACK for segment 7 (attempt 2, status=PE)
[tick=59200] [HOST_B] TX bit=0
[tick=59200] [HOST_A] RX bit=0
[tick=59300] [HOST_B] TX bit=1
[tick=59300] [HOST_A] RX bit=1
[tick=59400] [HOST_B] TX bit=0
[tick=59400] [HOST_A] RX bit=0
[tick=59500] [HOST_B] TX bit=1
[tick=59500] [HOST_A] RX bit=1
[tick=59600] [HOST_B] TX bit=0
[tick=59600] [HOST_A] RX bit=0
[tick=59700] [HOST_B] TX bit=1
[tick=59700] [HOST_A] RX bit=1
[tick=59800] [HOST_B] TX bit=0
[tick=59800] [HOST_A] RX bit=0
[tick=59900] [HOST_B] TX bit=0
[tick=59900] [HOST_A] RX bit=0
[tick=60000] [HOST_B] TX bit=0
[tick=60000] [HOST_A] RX bit=0
[tick=60100] [HOST_B] TX bit=0
[tick=60100] [HOST_A] RX bit=0
[tick=60200] [HOST_B] TX bit=0
[tick=60200] [HOST_A] RX bit=0
[tick=60300] [HOST_B] TX bit=0
[tick=60300] [HOST_A] RX bit=0
[tick=60400] [HOST_B] TX bit=1
[tick=60400] [HOST_A] RX bit=1
[tick=60500] [HOST_B] TX bit=0
[tick=60500] [HOST_A] RX bit=0
[tick=60600] [HOST_B] TX bit=1
[tick=60600] [HOST_A] RX bit=1
[tick=60700] [HOST_B] TX bit=0
[tick=60700] [HOST_A] RX bit=0
[tick=60700] [HOST_A] RX complete frame=0101000000101010
[tick=60700] [HOST_A] received NACK for segment 7; retransmitting
[tick=60800] [HOST_A] TX bit=0
[tick=60800] [HOST_B] RX bit=0
[tick=60900] [HOST_A] TX bit=1
[tick=60900] [HOST_B] RX bit=1
[tick=61000] [HOST_A] TX bit=0
[tick=61000] [HOST_B] RX bit=0
[tick=61100] [HOST_A] TX bit=1
[tick=61100] [HOST_B] RX bit=1
[tick=61200] [HOST_A] TX bit=0
[tick=61200] [HOST_B] RX bit=0
[tick=61300] [HOST_A] TX bit=0
[tick=61300] [HOST_B] RX bit=0
[tick=61400] [HOST_A] TX bit=1
[tick=61400] [HOST_B] RX bit=1
[tick=61500] [HOST_A] TX bit=0
[tick=61500] [HOST_B] RX bit=0
[tick=61600] [HOST_A] TX bit=1
[tick=61600] [HOST_B] RX bit=1
[tick=61700] [HOST_A] TX bit=0
[tick=61700] [HOST_B] RX bit=0
[tick=61800] [HOST_A] TX bit=1
[tick=61800] [HOST_B] RX bit=1
[tick=61900] [HOST_A] TX bit=0
[tick=61900] [HOST_B] RX bit=0
[tick=62000] [HOST_A] TX bit=1
[tick=62000] [HOST_B] RX bit=1
[tick=62100] [HOST_A] TX bit=0
[tick=62100] [HOST_B] RX bit=True
[tick=62200] [HOST_A] TX bit=1
[tick=62200] [HOST_B] RX bit=1
[tick=62300] [HOST_A] TX bit=0
[tick=62300] [HOST_B] RX bit=0
[tick=62300] [HOST_B] RX complete frame=0111010101001010
[tick=62300] [HOST_B] rejected received frame and sends NACK for segment 7 (attempt 3, status=FS)
[tick=62400] [HOST_B] TX bit=0
[tick=62400] [HOST_A] RX bit=0
[tick=62500] [HOST_B] TX bit=1
[tick=62500] [HOST_A] RX bit=1
[tick=62600] [HOST_B] TX bit=0
[tick=62600] [HOST_A] RX bit=0
[tick=62700] [HOST_B] TX bit=1
[tick=62700] [HOST_A] RX bit=1
[tick=62800] [HOST_B] TX bit=0
[tick=62800] [HOST_A] RX bit=0
[tick=62900] [HOST_B] TX bit=1
[tick=62900] [HOST_A] RX bit=1
[tick=63000] [HOST_B] TX bit=0
[tick=63000] [HOST_A] RX bit=0
[tick=63100] [HOST_B] TX bit=0
[tick=63100] [HOST_A] RX bit=0
[tick=63200] [HOST_B] TX bit=0
[tick=63200] [HOST_A] RX bit=0
[tick=63300] [HOST_B] TX bit=0
[tick=63300] [HOST_A] RX bit=0
[tick=63400] [HOST_B] TX bit=0
[tick=63400] [HOST_A] RX bit=0
[tick=63500] [HOST_B] TX bit=0
[tick=63500] [HOST_A] RX bit=0
[tick=63600] [HOST_B] TX bit=1
[tick=63600] [HOST_A] RX bit=1
[tick=63700] [HOST_B] TX bit=0
[tick=63700] [HOST_A] RX bit=0
[tick=63800] [HOST_B] TX bit=1
[tick=63800] [HOST_A] RX bit=1
[tick=63900] [HOST_B] TX bit=0
[tick=63900] [HOST_A] RX bit=0
[tick=63900] [HOST_A] RX complete frame=0101000000101010
[tick=63900] [HOST_A] received NACK for segment 7; retransmitting
[tick=64000] [HOST_A] TX bit=0
[tick=64000] [HOST_B] RX bit=0
[tick=64100] [HOST_A] TX bit=1
[tick=64100] [HOST_B] RX bit=1
[tick=64200] [HOST_A] TX bit=0
[tick=64200] [HOST_B] RX bit=0
[tick=64300] [HOST_A] TX bit=1
[tick=64300] [HOST_B] RX bit=1
[tick=64400] [HOST_A] TX bit=0
[tick=64400] [HOST_B] RX bit=0
[tick=64500] [HOST_A] TX bit=0
[tick=64500] [HOST_B] RX bit=0
[tick=64600] [HOST_A] TX bit=1
[tick=64600] [HOST_B] RX bit=1
[tick=64700] [HOST_A] TX bit=0
[tick=64700] [HOST_B] RX bit=0
[tick=64800] [HOST_A] TX bit=1
[tick=64800] [HOST_B] RX bit=1
[tick=64900] [HOST_A] TX bit=0
[tick=64900] [HOST_B] RX bit=0
[tick=65000] [HOST_A] TX bit=1
[tick=65000] [HOST_B] RX bit=1
[tick=65100] [HOST_A] TX bit=0
[tick=65100] [HOST_B] RX bit=0
[tick=65200] [HOST_A] TX bit=1
[tick=65200] [HOST_B] RX bit=1
[tick=65300] [HOST_A] TX bit=0
[tick=65300] [HOST_B] RX bit=0
[tick=65400] [HOST_A] TX bit=1
[tick=65400] [HOST_B] RX bit=1
[tick=65500] [HOST_A] TX bit=0
[tick=65500] [HOST_B] RX bit=0
[tick=65500] [HOST_B] RX complete frame=0101010101001010
[tick=65500] [HOST_B] accepted segment 7 on attempt 4; sending ACK
[tick=65600] [HOST_B] TX bit=0
[tick=65600] [HOST_A] RX bit=0
[tick=65700] [HOST_B] TX bit=1
[tick=65700] [HOST_A] RX bit=1
[tick=65800] [HOST_B] TX bit=0
[tick=65800] [HOST_A] RX bit=0
[tick=65900] [HOST_B] TX bit=1
[tick=65900] [HOST_A] RX bit=1
[tick=66000] [HOST_B] TX bit=1
[tick=66000] [HOST_A] RX bit=1
[tick=66100] [HOST_B] TX bit=0
[tick=66100] [HOST_A] RX bit=0
[tick=66200] [HOST_B] TX bit=0
[tick=66200] [HOST_A] RX bit=0
[tick=66300] [HOST_B] TX bit=0
[tick=66300] [HOST_A] RX bit=0
[tick=66400] [HOST_B] TX bit=0
[tick=66400] [HOST_A] RX bit=0
[tick=66500] [HOST_B] TX bit=0
[tick=66500] [HOST_A] RX bit=0
[tick=66600] [HOST_B] TX bit=0
[tick=66600] [HOST_A] RX bit=0
[tick=66700] [HOST_B] TX bit=0
[tick=66700] [HOST_A] RX bit=0
[tick=66800] [HOST_B] TX bit=1
[tick=66800] [HOST_A] RX bit=1
[tick=66900] [HOST_B] TX bit=0
[tick=66900] [HOST_A] RX bit=0
[tick=67000] [HOST_B] TX bit=1
[tick=67000] [HOST_A] RX bit=1
[tick=67100] [HOST_B] TX bit=0
[tick=67100] [HOST_A] RX bit=0
[tick=67100] [HOST_A] RX complete frame=0101000000011010
[tick=67100] [HOST_A] received ACK for segment 7
[tick=0] [HOST_A] TX bit=0
[tick=0] [HOST_B] RX bit=0
[tick=100] [HOST_A] TX bit=1
[tick=100] [HOST_B] RX bit=1
[tick=200] [HOST_A] TX bit=0
[tick=200] [HOST_B] RX bit=0
[tick=300] [HOST_A] TX bit=0
[tick=300] [HOST_B] RX bit=0
[tick=400] [HOST_A] TX bit=1
[tick=400] [HOST_B] RX bit=1
[tick=500] [HOST_A] TX bit=0
[tick=500] [HOST_B] RX bit=0
[tick=600] [HOST_A] TX bit=0
[tick=600] [HOST_B] RX bit=0
[tick=700] [HOST_A] TX bit=0
[tick=700] [HOST_B] RX bit=0
[tick=800] [HOST_A] TX bit=0
[tick=800] [HOST_B] RX bit=0
[tick=900] [HOST_A] TX bit=0
[tick=900] [HOST_B] RX bit=0
[tick=1000] [HOST_A] TX bit=1
[tick=1000] [HOST_B] RX bit=1
[tick=1100] [HOST_A] TX bit=0
[tick=1100] [HOST_B] RX bit=0
[tick=1200] [HOST_A] TX bit=1
[tick=1200] [HOST_B] RX bit=1
[tick=1300] [HOST_A] TX bit=0
[tick=1300] [HOST_B] RX bit=True
[tick=1400] [HOST_A] TX bit=1
[tick=1400] [HOST_B] RX bit=1
[tick=1500] [HOST_A] TX bit=0
[tick=1500] [HOST_B] RX bit=0
[tick=1500] [HOST_B] RX complete frame=0111010000010010
[tick=1500] [HOST_B] rejected received frame and sends NACK for segment 1 (attempt 1, status=FS)
[tick=1600] [HOST_B] TX bit=0
[tick=1600] [HOST_A] RX bit=0
[tick=1700] [HOST_B] TX bit=1
[tick=1700] [HOST_A] RX bit=1
[tick=1800] [HOST_B] TX bit=0
[tick=1800] [HOST_A] RX bit=0
[tick=1900] [HOST_B] TX bit=1
[tick=1900] [HOST_A] RX bit=1
[tick=2000] [HOST_B] TX bit=0
[tick=2000] [HOST_A] RX bit=0
[tick=2100] [HOST_B] TX bit=1
[tick=2100] [HOST_A] RX bit=1
[tick=2200] [HOST_B] TX bit=0
[tick=2200] [HOST_A] RX bit=0
[tick=2300] [HOST_B] TX bit=0
[tick=2300] [HOST_A] RX bit=0
[tick=2400] [HOST_B] TX bit=0
[tick=2400] [HOST_A] RX bit=0
[tick=2500] [HOST_B] TX bit=0
[tick=2500] [HOST_A] RX bit=0
[tick=2600] [HOST_B] TX bit=0
[tick=2600] [HOST_A] RX bit=0
[tick=2700] [HOST_B] TX bit=0
[tick=2700] [HOST_A] RX bit=0
[tick=2800] [HOST_B] TX bit=1
[tick=2800] [HOST_A] RX bit=1
[tick=2900] [HOST_B] TX bit=0
[tick=2900] [HOST_A] RX bit=0
[tick=3000] [HOST_B] TX bit=1
[tick=3000] [HOST_A] RX bit=1
[tick=3100] [HOST_B] TX bit=0
[tick=3100] [HOST_A] RX bit=0
[tick=3100] [HOST_A] RX complete frame=0101000000101010
[tick=3100] [HOST_A] received NACK for segment 1; retransmitting
[tick=3200] [HOST_A] TX bit=0
[tick=3200] [HOST_B] RX bit=0
[tick=3300] [HOST_A] TX bit=1
[tick=3300] [HOST_B] RX bit=1
[tick=3400] [HOST_A] TX bit=0
[tick=3400] [HOST_B] RX bit=0
[tick=3500] [HOST_A] TX bit=0
[tick=3500] [HOST_B] RX bit=0
[tick=3600] [HOST_A] TX bit=1
[tick=3600] [HOST_B] RX bit=1
[tick=3700] [HOST_A] TX bit=0
[tick=3700] [HOST_B] RX bit=0
[tick=3800] [HOST_A] TX bit=0
[tick=3800] [HOST_B] RX bit=0
[tick=3900] [HOST_A] TX bit=0
[tick=3900] [HOST_B] RX bit=0
[tick=4000] [HOST_A] TX bit=0
[tick=4000] [HOST_B] RX bit=0
[tick=4100] [HOST_A] TX bit=0
[tick=4100] [HOST_B] RX bit=0
[tick=4200] [HOST_A] TX bit=1
[tick=4200] [HOST_B] RX bit=1
[tick=4300] [HOST_A] TX bit=0
[tick=4300] [HOST_B] RX bit=0
[tick=4400] [HOST_A] TX bit=1
[tick=4400] [HOST_B] RX bit=1
[tick=4500] [HOST_A] TX bit=0
[tick=4500] [HOST_B] RX bit=0
[tick=4600] [HOST_A] TX bit=1
[tick=4600] [HOST_B] RX bit=1
[tick=4700] [HOST_A] TX bit=0
[tick=4700] [HOST_B] RX bit=0
[tick=4700] [HOST_B] RX complete frame=0101010000010010
[tick=4700] [HOST_B] accepted segment 1 on attempt 2; sending ACK
[tick=4700] [HOST_B] last decoded frame for segment 1: 'A'
[tick=4800] [HOST_B] TX bit=0
[tick=4800] [HOST_A] RX bit=0
[tick=4900] [HOST_B] TX bit=1
[tick=4900] [HOST_A] RX bit=1
[tick=5000] [HOST_B] TX bit=0
[tick=5000] [HOST_A] RX bit=0
[tick=5100] [HOST_B] TX bit=1
[tick=5100] [HOST_A] RX bit=1
[tick=5200] [HOST_B] TX bit=1
[tick=5200] [HOST_A] RX bit=1
[tick=5300] [HOST_B] TX bit=0
[tick=5300] [HOST_A] RX bit=0
[tick=5400] [HOST_B] TX bit=0
[tick=5400] [HOST_A] RX bit=0
[tick=5500] [HOST_B] TX bit=0
[tick=5500] [HOST_A] RX bit=0
[tick=5600] [HOST_B] TX bit=0
[tick=5600] [HOST_A] RX bit=0
[tick=5700] [HOST_B] TX bit=0
[tick=5700] [HOST_A] RX bit=0
[tick=5800] [HOST_B] TX bit=0
[tick=5800] [HOST_A] RX bit=0
[tick=5900] [HOST_B] TX bit=0
[tick=5900] [HOST_A] RX bit=0
[tick=6000] [HOST_B] TX bit=1
[tick=6000] [HOST_A] RX bit=1
[tick=6100] [HOST_B] TX bit=0
[tick=6100] [HOST_A] RX bit=0
[tick=6200] [HOST_B] TX bit=1
[tick=6200] [HOST_A] RX bit=1
[tick=6300] [HOST_B] TX bit=0
[tick=6300] [HOST_A] RX bit=0
[tick=6300] [HOST_A] RX complete frame=0101000000011010
[tick=6300] [HOST_A] received ACK for segment 1
[tick=6400] [HOST_A] TX bit=0
[tick=6400] [HOST_B] RX bit=0
[tick=6500] [HOST_A] TX bit=1
[tick=6500] [HOST_B] RX bit=1
[tick=6600] [HOST_A] TX bit=0
[tick=6600] [HOST_B] RX bit=0
[tick=6700] [HOST_A] TX bit=1
[tick=6700] [HOST_B] RX bit=1
[tick=6800] [HOST_A] TX bit=0
[tick=6800] [HOST_B] RX bit=0
[tick=6900] [HOST_A] TX bit=1
[tick=6900] [HOST_B] RX bit=1
[tick=7000] [HOST_A] TX bit=1
[tick=7000] [HOST_B] RX bit=1
[tick=7100] [HOST_A] TX bit=1
[tick=7100] [HOST_B] RX bit=1
[tick=7200] [HOST_A] TX bit=0
[tick=7200] [HOST_B] RX bit=0
[tick=7300] [HOST_A] TX bit=1
[tick=7300] [HOST_B] RX bit=1
[tick=7400] [HOST_A] TX bit=1
[tick=7400] [HOST_B] RX bit=1
[tick=7500] [HOST_A] TX bit=0
[tick=7500] [HOST_B] RX bit=0
[tick=7600] [HOST_A] TX bit=1
[tick=7600] [HOST_B] RX bit=1
[tick=7700] [HOST_A] TX bit=0
[tick=7700] [HOST_B] RX bit=0
[tick=7800] [HOST_A] TX bit=1
[tick=7800] [HOST_B] RX bit=1
[tick=7900] [HOST_A] TX bit=0
[tick=7900] [HOST_B] RX bit=0
[tick=7900] [HOST_B] RX complete frame=0101011011101010
[tick=7900] [HOST_B] accepted segment 2 on attempt 1; sending ACK
[tick=7900] [HOST_B] last decoded frame for segment 2: 'n'
[tick=8000] [HOST_B] TX bit=0
[tick=8000] [HOST_A] RX bit=0
[tick=8100] [HOST_B] TX bit=1
[tick=8100] [HOST_A] RX bit=1
[tick=8200] [HOST_B] TX bit=0
[tick=8200] [HOST_A] RX bit=0
[tick=8300] [HOST_B] TX bit=1
[tick=8300] [HOST_A] RX bit=1
[tick=8400] [HOST_B] TX bit=1
[tick=8400] [HOST_A] RX bit=1
[tick=8500] [HOST_B] TX bit=0
[tick=8500] [HOST_A] RX bit=0
[tick=8600] [HOST_B] TX bit=0
[tick=8600] [HOST_A] RX bit=0
[tick=8700] [HOST_B] TX bit=0
[tick=8700] [HOST_A] RX bit=0
[tick=8800] [HOST_B] TX bit=0
[tick=8800] [HOST_A] RX bit=0
[tick=8900] [HOST_B] TX bit=0
[tick=8900] [HOST_A] RX bit=0
[tick=9000] [HOST_B] TX bit=0
[tick=9000] [HOST_A] RX bit=0
[tick=9100] [HOST_B] TX bit=0
[tick=9100] [HOST_A] RX bit=0
[tick=9200] [HOST_B] TX bit=1
[tick=9200] [HOST_A] RX bit=1
[tick=9300] [HOST_B] TX bit=0
[tick=9300] [HOST_A] RX bit=0
[tick=9400] [HOST_B] TX bit=1
[tick=9400] [HOST_A] RX bit=1
[tick=9500] [HOST_B] TX bit=0
[tick=9500] [HOST_A] RX bit=0
[tick=9500] [HOST_A] RX complete frame=0101000000011010
[tick=9500] [HOST_A] received ACK for segment 2
[tick=9600] [HOST_A] TX bit=0
[tick=9600] [HOST_B] RX bit=0
[tick=9700] [HOST_A] TX bit=1
[tick=9700] [HOST_B] RX bit=1
[tick=9800] [HOST_A] TX bit=0
[tick=9800] [HOST_B] RX bit=0
[tick=9900] [HOST_A] TX bit=0
[tick=9900] [HOST_B] RX bit=0
[tick=10000] [HOST_A] TX bit=1
[tick=10000] [HOST_B] RX bit=1
[tick=10100] [HOST_A] TX bit=0
[tick=10100] [HOST_B] RX bit=0
[tick=10200] [HOST_A] TX bit=1
[tick=10200] [HOST_B] RX bit=1
[tick=10300] [HOST_A] TX bit=1
[tick=10300] [HOST_B] RX bit=1
[tick=10400] [HOST_A] TX bit=0
[tick=10400] [HOST_B] RX bit=0
[tick=10500] [HOST_A] TX bit=1
[tick=10500] [HOST_B] RX bit=1
[tick=10600] [HOST_A] TX bit=0
[tick=10600] [HOST_B] RX bit=0
[tick=10700] [HOST_A] TX bit=0
[tick=10700] [HOST_B] RX bit=0
[tick=10800] [HOST_A] TX bit=1
[tick=10800] [HOST_B] RX bit=1
[tick=10900] [HOST_A] TX bit=0
[tick=10900] [HOST_B] RX bit=0
[tick=11000] [HOST_A] TX bit=1
[tick=11000] [HOST_B] RX bit=1
[tick=11100] [HOST_A] TX bit=0
[tick=11100] [HOST_B] RX bit=0
[tick=11100] [HOST_B] RX complete frame=0101001011010010
[tick=11100] [HOST_B] accepted segment 3 on attempt 1; sending ACK
[tick=11100] [HOST_B] last decoded frame for segment 3: '-'
[tick=11200] [HOST_B] TX bit=0
[tick=11200] [HOST_A] RX bit=0
[tick=11300] [HOST_B] TX bit=1
[tick=11300] [HOST_A] RX bit=1
[tick=11400] [HOST_B] TX bit=0
[tick=11400] [HOST_A] RX bit=0
[tick=11500] [HOST_B] TX bit=1
[tick=11500] [HOST_A] RX bit=1
[tick=11600] [HOST_B] TX bit=1
[tick=11600] [HOST_A] RX bit=1
[tick=11700] [HOST_B] TX bit=0
[tick=11700] [HOST_A] RX bit=0
[tick=11800] [HOST_B] TX bit=0
[tick=11800] [HOST_A] RX bit=0
[tick=11900] [HOST_B] TX bit=0
[tick=11900] [HOST_A] RX bit=0
[tick=12000] [HOST_B] TX bit=0
[tick=12000] [HOST_A] RX bit=0
[tick=12100] [HOST_B] TX bit=0
[tick=12100] [HOST_A] RX bit=0
[tick=12200] [HOST_B] TX bit=0
[tick=12200] [HOST_A] RX bit=0
[tick=12300] [HOST_B] TX bit=0
[tick=12300] [HOST_A] RX bit=0
[tick=12400] [HOST_B] TX bit=1
[tick=12400] [HOST_A] RX bit=1
[tick=12500] [HOST_B] TX bit=0
[tick=12500] [HOST_A] RX bit=0
[tick=12600] [HOST_B] TX bit=1
[tick=12600] [HOST_A] RX bit=1
[tick=12700] [HOST_B] TX bit=0
[tick=12700] [HOST_A] RX bit=0
[tick=12700] [HOST_A] RX complete frame=0101000000011010
[tick=12700] [HOST_A] received ACK for segment 3
[tick=12800] [HOST_A] TX bit=0
[tick=12800] [HOST_B] RX bit=0
[tick=12900] [HOST_A] TX bit=1
[tick=12900] [HOST_B] RX bit=1
[tick=13000] [HOST_A] TX bit=0
[tick=13000] [HOST_B] RX bit=0
[tick=13100] [HOST_A] TX bit=0
[tick=13100] [HOST_B] RX bit=0
[tick=13200] [HOST_A] TX bit=1
[tick=13200] [HOST_B] RX bit=1
[tick=13300] [HOST_A] TX bit=0
[tick=13300] [HOST_B] RX bit=0
[tick=13400] [HOST_A] TX bit=0
[tick=13400] [HOST_B] RX bit=0
[tick=13500] [HOST_A] TX bit=0
[tick=13500] [HOST_B] RX bit=0
[tick=13600] [HOST_A] TX bit=0
[tick=13600] [HOST_B] RX bit=0
[tick=13700] [HOST_A] TX bit=0
[tick=13700] [HOST_B] RX bit=0
[tick=13800] [HOST_A] TX bit=1
[tick=13800] [HOST_B] RX bit=1
[tick=13900] [HOST_A] TX bit=0
[tick=13900] [HOST_B] RX bit=0
[tick=14000] [HOST_A] TX bit=1
[tick=14000] [HOST_B] RX bit=1
[tick=14100] [HOST_A] TX bit=0
[tick=14100] [HOST_B] RX bit=0
[tick=14200] [HOST_A] TX bit=1
[tick=14200] [HOST_B] RX bit=1
[tick=14300] [HOST_A] TX bit=0
[tick=14300] [HOST_B] RX bit=0
[tick=14300] [HOST_B] RX complete frame=0101010000010010
[tick=14300] [HOST_B] accepted segment 4 on attempt 1; sending ACK
[tick=14300] [HOST_B] last decoded frame for segment 4: 'A'
[tick=14400] [HOST_B] TX bit=0
[tick=14400] [HOST_A] RX bit=0
[tick=14500] [HOST_B] TX bit=1
[tick=14500] [HOST_A] RX bit=1
[tick=14600] [HOST_B] TX bit=0
[tick=14600] [HOST_A] RX bit=0
[tick=14700] [HOST_B] TX bit=1
[tick=14700] [HOST_A] RX bit=1
[tick=14800] [HOST_B] TX bit=1
[tick=14800] [HOST_A] RX bit=1
[tick=14900] [HOST_B] TX bit=0
[tick=14900] [HOST_A] RX bit=0
[tick=15000] [HOST_B] TX bit=0
[tick=15000] [HOST_A] RX bit=0
[tick=15100] [HOST_B] TX bit=0
[tick=15100] [HOST_A] RX bit=0
[tick=15200] [HOST_B] TX bit=0
[tick=15200] [HOST_A] RX bit=0
[tick=15300] [HOST_B] TX bit=0
[tick=15300] [HOST_A] RX bit=0
[tick=15400] [HOST_B] TX bit=0
[tick=15400] [HOST_A] RX bit=0
[tick=15500] [HOST_B] TX bit=0
[tick=15500] [HOST_A] RX bit=0
[tick=15600] [HOST_B] TX bit=1
[tick=15600] [HOST_A] RX bit=1
[tick=15700] [HOST_B] TX bit=0
[tick=15700] [HOST_A] RX bit=0
[tick=15800] [HOST_B] TX bit=1
[tick=15800] [HOST_A] RX bit=1
[tick=15900] [HOST_B] TX bit=0
[tick=15900] [HOST_A] RX bit=0
[tick=15900] [HOST_A] RX complete frame=0101000000011010
[tick=15900] [HOST_A] received ACK for segment 4
[tick=16000] [HOST_A] TX bit=0
[tick=16000] [HOST_B] RX bit=0
[tick=16100] [HOST_A] TX bit=1
[tick=16100] [HOST_B] RX bit=1
[tick=16200] [HOST_A] TX bit=0
[tick=16200] [HOST_B] RX bit=0
[tick=16300] [HOST_A] TX bit=1
[tick=16300] [HOST_B] RX bit=1
[tick=16400] [HOST_A] TX bit=0
[tick=16400] [HOST_B] RX bit=0
[tick=16500] [HOST_A] TX bit=1
[tick=16500] [HOST_B] RX bit=1
[tick=16600] [HOST_A] TX bit=1
[tick=16600] [HOST_B] RX bit=1
[tick=16700] [HOST_A] TX bit=1
[tick=16700] [HOST_B] RX bit=1
[tick=16800] [HOST_A] TX bit=0
[tick=16800] [HOST_B] RX bit=0
[tick=16900] [HOST_A] TX bit=1
[tick=16900] [HOST_B] RX bit=1
[tick=17000] [HOST_A] TX bit=1
[tick=17000] [HOST_B] RX bit=1
[tick=17100] [HOST_A] TX bit=0
[tick=17100] [HOST_B] RX bit=0
[tick=17200] [HOST_A] TX bit=1
[tick=17200] [HOST_B] RX bit=1
[tick=17300] [HOST_A] TX bit=0
[tick=17300] [HOST_B] RX bit=0
[tick=17400] [HOST_A] TX bit=1
[tick=17400] [HOST_B] RX bit=1
[tick=17500] [HOST_A] TX bit=0
[tick=17500] [HOST_B] RX bit=0
[tick=17500] [HOST_B] RX complete frame=0101011011101010
[tick=17500] [HOST_B] accepted segment 5 on attempt 1; sending ACK
[tick=17500] [HOST_B] last decoded frame for segment 5: 'n'
[tick=17600] [HOST_B] TX bit=0
[tick=17600] [HOST_A] RX bit=0
[tick=17700] [HOST_B] TX bit=1
[tick=17700] [HOST_A] RX bit=1
[tick=17800] [HOST_B] TX bit=0
[tick=17800] [HOST_A] RX bit=0
[tick=17900] [HOST_B] TX bit=1
[tick=17900] [HOST_A] RX bit=1
[tick=18000] [HOST_B] TX bit=1
[tick=18000] [HOST_A] RX bit=1
[tick=18100] [HOST_B] TX bit=0
[tick=18100] [HOST_A] RX bit=0
[tick=18200] [HOST_B] TX bit=0
[tick=18200] [HOST_A] RX bit=0
[tick=18300] [HOST_B] TX bit=0
[tick=18300] [HOST_A] RX bit=0
[tick=18400] [HOST_B] TX bit=0
[tick=18400] [HOST_A] RX bit=0
[tick=18500] [HOST_B] TX bit=0
[tick=18500] [HOST_A] RX bit=0
[tick=18600] [HOST_B] TX bit=0
[tick=18600] [HOST_A] RX bit=0
[tick=18700] [HOST_B] TX bit=0
[tick=18700] [HOST_A] RX bit=0
[tick=18800] [HOST_B] TX bit=1
[tick=18800] [HOST_A] RX bit=1
[tick=18900] [HOST_B] TX bit=0
[tick=18900] [HOST_A] RX bit=0
[tick=19000] [HOST_B] TX bit=1
[tick=19000] [HOST_A] RX bit=1
[tick=19100] [HOST_B] TX bit=0
[tick=19100] [HOST_A] RX bit=0
[tick=19100] [HOST_A] RX complete frame=0101000000011010
[tick=19100] [HOST_A] received ACK for segment 5
[tick=19200] [HOST_A] TX bit=0
[tick=19200] [HOST_B] RX bit=True
[tick=19300] [HOST_A] TX bit=1
[tick=19300] [HOST_B] RX bit=1
[tick=19400] [HOST_A] TX bit=0
[tick=19400] [HOST_B] RX bit=0
[tick=19500] [HOST_A] TX bit=0
[tick=19500] [HOST_B] RX bit=0
[tick=19600] [HOST_A] TX bit=1
[tick=19600] [HOST_B] RX bit=1
[tick=19700] [HOST_A] TX bit=0
[tick=19700] [HOST_B] RX bit=0
[tick=19800] [HOST_A] TX bit=1
[tick=19800] [HOST_B] RX bit=1
[tick=19900] [HOST_A] TX bit=1
[tick=19900] [HOST_B] RX bit=1
[tick=20000] [HOST_A] TX bit=0
[tick=20000] [HOST_B] RX bit=0
[tick=20100] [HOST_A] TX bit=1
[tick=20100] [HOST_B] RX bit=1
[tick=20200] [HOST_A] TX bit=0
[tick=20200] [HOST_B] RX bit=0
[tick=20300] [HOST_A] TX bit=0
[tick=20300] [HOST_B] RX bit=0
[tick=20400] [HOST_A] TX bit=1
[tick=20400] [HOST_B] RX bit=1
[tick=20500] [HOST_A] TX bit=0
[tick=20500] [HOST_B] RX bit=0
[tick=20600] [HOST_A] TX bit=1
[tick=20600] [HOST_B] RX bit=1
[tick=20700] [HOST_A] TX bit=0
[tick=20700] [HOST_B] RX bit=0
[tick=20700] [HOST_B] RX complete frame=0101001011010011
[tick=20700] [HOST_B] rejected received frame and sends NACK for segment 6 (attempt 1, status=FE)
[tick=20800] [HOST_B] TX bit=0
[tick=20800] [HOST_A] RX bit=0
[tick=20900] [HOST_B] TX bit=1
[tick=20900] [HOST_A] RX bit=1
[tick=21000] [HOST_B] TX bit=0
[tick=21000] [HOST_A] RX bit=0
[tick=21100] [HOST_B] TX bit=1
[tick=21100] [HOST_A] RX bit=1
[tick=21200] [HOST_B] TX bit=0
[tick=21200] [HOST_A] RX bit=0
[tick=21300] [HOST_B] TX bit=1
[tick=21300] [HOST_A] RX bit=1
[tick=21400] [HOST_B] TX bit=0
[tick=21400] [HOST_A] RX bit=0
[tick=21500] [HOST_B] TX bit=0
[tick=21500] [HOST_A] RX bit=0
[tick=21600] [HOST_B] TX bit=0
[tick=21600] [HOST_A] RX bit=0
[tick=21700] [HOST_B] TX bit=0
[tick=21700] [HOST_A] RX bit=0
[tick=21800] [HOST_B] TX bit=0
[tick=21800] [HOST_A] RX bit=0
[tick=21900] [HOST_B] TX bit=0
[tick=21900] [HOST_A] RX bit=0
[tick=22000] [HOST_B] TX bit=1
[tick=22000] [HOST_A] RX bit=1
[tick=22100] [HOST_B] TX bit=0
[tick=22100] [HOST_A] RX bit=0
[tick=22200] [HOST_B] TX bit=1
[tick=22200] [HOST_A] RX bit=1
[tick=22300] [HOST_B] TX bit=0
[tick=22300] [HOST_A] RX bit=0
[tick=22300] [HOST_A] RX complete frame=0101000000101010
[tick=22300] [HOST_A] received NACK for segment 6; retransmitting
[tick=22400] [HOST_A] TX bit=0
[tick=22400] [HOST_B] RX bit=0
[tick=22500] [HOST_A] TX bit=1
[tick=22500] [HOST_B] RX bit=1
[tick=22600] [HOST_A] TX bit=0
[tick=22600] [HOST_B] RX bit=0
[tick=22700] [HOST_A] TX bit=0
[tick=22700] [HOST_B] RX bit=0
[tick=22800] [HOST_A] TX bit=1
[tick=22800] [HOST_B] RX bit=1
[tick=22900] [HOST_A] TX bit=0
[tick=22900] [HOST_B] RX bit=0
[tick=23000] [HOST_A] TX bit=1
[tick=23000] [HOST_B] RX bit=1
[tick=23100] [HOST_A] TX bit=1
[tick=23100] [HOST_B] RX bit=1
[tick=23200] [HOST_A] TX bit=0
[tick=23200] [HOST_B] RX bit=0
[tick=23300] [HOST_A] TX bit=1
[tick=23300] [HOST_B] RX bit=1
[tick=23400] [HOST_A] TX bit=0
[tick=23400] [HOST_B] RX bit=0
[tick=23500] [HOST_A] TX bit=0
[tick=23500] [HOST_B] RX bit=0
[tick=23600] [HOST_A] TX bit=1
[tick=23600] [HOST_B] RX bit=1
[tick=23700] [HOST_A] TX bit=0
[tick=23700] [HOST_B] RX bit=0
[tick=23800] [HOST_A] TX bit=1
[tick=23800] [HOST_B] RX bit=1
[tick=23900] [HOST_A] TX bit=0
[tick=23900] [HOST_B] RX bit=0
[tick=23900] [HOST_B] RX complete frame=0101001011010010
[tick=23900] [HOST_B] accepted segment 6 on attempt 2; sending ACK
[tick=23900] [HOST_B] last decoded frame for segment 6: '-'
[tick=24000] [HOST_B] TX bit=0
[tick=24000] [HOST_A] RX bit=0
[tick=24100] [HOST_B] TX bit=1
[tick=24100] [HOST_A] RX bit=1
[tick=24200] [HOST_B] TX bit=0
[tick=24200] [HOST_A] RX bit=0
[tick=24300] [HOST_B] TX bit=1
[tick=24300] [HOST_A] RX bit=1
[tick=24400] [HOST_B] TX bit=1
[tick=24400] [HOST_A] RX bit=1
[tick=24500] [HOST_B] TX bit=0
[tick=24500] [HOST_A] RX bit=0
[tick=24600] [HOST_B] TX bit=0
[tick=24600] [HOST_A] RX bit=0
[tick=24700] [HOST_B] TX bit=0
[tick=24700] [HOST_A] RX bit=0
[tick=24800] [HOST_B] TX bit=0
[tick=24800] [HOST_A] RX bit=0
[tick=24900] [HOST_B] TX bit=0
[tick=24900] [HOST_A] RX bit=0
[tick=25000] [HOST_B] TX bit=0
[tick=25000] [HOST_A] RX bit=0
[tick=25100] [HOST_B] TX bit=0
[tick=25100] [HOST_A] RX bit=0
[tick=25200] [HOST_B] TX bit=1
[tick=25200] [HOST_A] RX bit=1
[tick=25300] [HOST_B] TX bit=0
[tick=25300] [HOST_A] RX bit=0
[tick=25400] [HOST_B] TX bit=1
[tick=25400] [HOST_A] RX bit=1
[tick=25500] [HOST_B] TX bit=0
[tick=25500] [HOST_A] RX bit=0
[tick=25500] [HOST_A] RX complete frame=0101000000011010
[tick=25500] [HOST_A] received ACK for segment 6
[tick=25600] [HOST_A] TX bit=0
[tick=25600] [HOST_B] RX bit=0
[tick=25700] [HOST_A] TX bit=1
[tick=25700] [HOST_B] RX bit=1
[tick=25800] [HOST_A] TX bit=0
[tick=25800] [HOST_B] RX bit=0
[tick=25900] [HOST_A] TX bit=1
[tick=25900] [HOST_B] RX bit=1
[tick=26000] [HOST_A] TX bit=0
[tick=26000] [HOST_B] RX bit=0
[tick=26100] [HOST_A] TX bit=0
[tick=26100] [HOST_B] RX bit=0
[tick=26200] [HOST_A] TX bit=1
[tick=26200] [HOST_B] RX bit=1
[tick=26300] [HOST_A] TX bit=0
[tick=26300] [HOST_B] RX bit=0
[tick=26400] [HOST_A] TX bit=1
[tick=26400] [HOST_B] RX bit=1
[tick=26500] [HOST_A] TX bit=0
[tick=26500] [HOST_B] RX bit=0
[tick=26600] [HOST_A] TX bit=1
[tick=26600] [HOST_B] RX bit=1
[tick=26700] [HOST_A] TX bit=0
[tick=26700] [HOST_B] RX bit=0
[tick=26800] [HOST_A] TX bit=1
[tick=26800] [HOST_B] RX bit=1
[tick=26900] [HOST_A] TX bit=0
[tick=26900] [HOST_B] RX bit=0
[tick=27000] [HOST_A] TX bit=1
[tick=27000] [HOST_B] RX bit=1
[tick=27100] [HOST_A] TX bit=0
[tick=27100] [HOST_B] RX bit=0
[tick=27100] [HOST_B] RX complete frame=0101010101001010
[tick=27100] [HOST_B] accepted segment 7 on attempt 1; sending ACK
[tick=27100] [HOST_B] last decoded frame for segment 7: 'T'
[tick=27200] [HOST_B] TX bit=0
[tick=27200] [HOST_A] RX bit=0
[tick=27300] [HOST_B] TX bit=1
[tick=27300] [HOST_A] RX bit=1
[tick=27400] [HOST_B] TX bit=0
[tick=27400] [HOST_A] RX bit=0
[tick=27500] [HOST_B] TX bit=1
[tick=27500] [HOST_A] RX bit=1
[tick=27600] [HOST_B] TX bit=1
[tick=27600] [HOST_A] RX bit=1
[tick=27700] [HOST_B] TX bit=0
[tick=27700] [HOST_A] RX bit=0
[tick=27800] [HOST_B] TX bit=0
[tick=27800] [HOST_A] RX bit=0
[tick=27900] [HOST_B] TX bit=0
[tick=27900] [HOST_A] RX bit=0
[tick=28000] [HOST_B] TX bit=0
[tick=28000] [HOST_A] RX bit=0
[tick=28100] [HOST_B] TX bit=0
[tick=28100] [HOST_A] RX bit=0
[tick=28200] [HOST_B] TX bit=0
[tick=28200] [HOST_A] RX bit=0
[tick=28300] [HOST_B] TX bit=0
[tick=28300] [HOST_A] RX bit=0
[tick=28400] [HOST_B] TX bit=1
[tick=28400] [HOST_A] RX bit=1
[tick=28500] [HOST_B] TX bit=0
[tick=28500] [HOST_A] RX bit=0
[tick=28600] [HOST_B] TX bit=1
[tick=28600] [HOST_A] RX bit=1
[tick=28700] [HOST_B] TX bit=0
[tick=28700] [HOST_A] RX bit=0
[tick=28700] [HOST_A] RX complete frame=0101000000011010
[tick=28700] [HOST_A] received ACK for segment 7
[tick=0] [HOST_A] TX bit=0
[tick=0] [HOST_B] RX bit=0
[tick=100] [HOST_A] TX bit=1
[tick=100] [HOST_B] RX bit=1
[tick=200] [HOST_A] TX bit=0
[tick=200] [HOST_B] RX bit=0
[tick=300] [HOST_A] TX bit=0
[tick=300] [HOST_B] RX bit=0
[tick=400] [HOST_A] TX bit=1
[tick=400] [HOST_B] RX bit=1
[tick=500] [HOST_A] TX bit=0
[tick=500] [HOST_B] RX bit=0
[tick=600] [HOST_A] TX bit=0
[tick=600] [HOST_B] RX bit=0
[tick=700] [HOST_A] TX bit=0
[tick=700] [HOST_B] RX bit=0
[tick=800] [HOST_A] TX bit=0
[tick=800] [HOST_B] RX bit=0
[tick=900] [HOST_A] TX bit=0
[tick=900] [HOST_B] RX bit=0
[tick=1000] [HOST_A] TX bit=1
[tick=1000] [HOST_B] RX bit=1
[tick=1100] [HOST_A] TX bit=0
[tick=1100] [HOST_B] RX bit=0
[tick=1200] [HOST_A] TX bit=1
[tick=1200] [HOST_B] RX bit=False
[tick=1300] [HOST_A] TX bit=0
[tick=1300] [HOST_B] RX bit=0
[tick=1400] [HOST_A] TX bit=1
[tick=1400] [HOST_B] RX bit=1
[tick=1500] [HOST_A] TX bit=0
[tick=1500] [HOST_B] RX bit=0
[tick=1500] [HOST_B] RX complete frame=0100010000010010
[tick=1500] [HOST_B] rejected received frame and sends NACK for segment 1 (attempt 1, status=FS)
[tick=1600] [HOST_B] TX bit=0
[tick=1600] [HOST_A] RX bit=0
[tick=1700] [HOST_B] TX bit=1
[tick=1700] [HOST_A] RX bit=1
[tick=1800] [HOST_B] TX bit=0
[tick=1800] [HOST_A] RX bit=0
[tick=1900] [HOST_B] TX bit=1
[tick=1900] [HOST_A] RX bit=1
[tick=2000] [HOST_B] TX bit=0
[tick=2000] [HOST_A] RX bit=0
[tick=2100] [HOST_B] TX bit=1
[tick=2100] [HOST_A] RX bit=1
[tick=2200] [HOST_B] TX bit=0
[tick=2200] [HOST_A] RX bit=0
[tick=2300] [HOST_B] TX bit=0
[tick=2300] [HOST_A] RX bit=0
[tick=2400] [HOST_B] TX bit=0
[tick=2400] [HOST_A] RX bit=0
[tick=2500] [HOST_B] TX bit=0
[tick=2500] [HOST_A] RX bit=0
[tick=2600] [HOST_B] TX bit=0
[tick=2600] [HOST_A] RX bit=0
[tick=2700] [HOST_B] TX bit=0
[tick=2700] [HOST_A] RX bit=0
[tick=2800] [HOST_B] TX bit=1
[tick=2800] [HOST_A] RX bit=1
[tick=2900] [HOST_B] TX bit=0
[tick=2900] [HOST_A] RX bit=0
[tick=3000] [HOST_B] TX bit=1
[tick=3000] [HOST_A] RX bit=1
[tick=3100] [HOST_B] TX bit=0
[tick=3100] [HOST_A] RX bit=0
[tick=3100] [HOST_A] RX complete frame=0101000000101010
[tick=3100] [HOST_A] received NACK for segment 1; retransmitting
[tick=3200] [HOST_A] TX bit=0
[tick=3200] [HOST_B] RX bit=0
[tick=3300] [HOST_A] TX bit=1
[tick=3300] [HOST_B] RX bit=1
[tick=3400] [HOST_A] TX bit=0
[tick=3400] [HOST_B] RX bit=0
[tick=3500] [HOST_A] TX bit=0
[tick=3500] [HOST_B] RX bit=0
[tick=3600] [HOST_A] TX bit=1
[tick=3600] [HOST_B] RX bit=1
[tick=3700] [HOST_A] TX bit=0
[tick=3700] [HOST_B] RX bit=0
[tick=3800] [HOST_A] TX bit=0
[tick=3800] [HOST_B] RX bit=0
[tick=3900] [HOST_A] TX bit=0
[tick=3900] [HOST_B] RX bit=0
[tick=4000] [HOST_A] TX bit=0
[tick=4000] [HOST_B] RX bit=0
[tick=4100] [HOST_A] TX bit=0
[tick=4100] [HOST_B] RX bit=0
[tick=4200] [HOST_A] TX bit=1
[tick=4200] [HOST_B] RX bit=1
[tick=4300] [HOST_A] TX bit=0
[tick=4300] [HOST_B] RX bit=0
[tick=4400] [HOST_A] TX bit=1
[tick=4400] [HOST_B] RX bit=1
[tick=4500] [HOST_A] TX bit=0
[tick=4500] [HOST_B] RX bit=0
[tick=4600] [HOST_A] TX bit=1
[tick=4600] [HOST_B] RX bit=1
[tick=4700] [HOST_A] TX bit=0
[tick=4700] [HOST_B] RX bit=0
[tick=4700] [HOST_B] RX complete frame=0101010000010010
[tick=4700] [HOST_B] accepted segment 1 on attempt 2; sending ACK
[tick=4700] [HOST_B] last decoded frame for segment 1: 'A'
[tick=4800] [HOST_B] TX bit=0
[tick=4800] [HOST_A] RX bit=0
[tick=4900] [HOST_B] TX bit=1
[tick=4900] [HOST_A] RX bit=1
[tick=5000] [HOST_B] TX bit=0
[tick=5000] [HOST_A] RX bit=0
[tick=5100] [HOST_B] TX bit=1
[tick=5100] [HOST_A] RX bit=1
[tick=5200] [HOST_B] TX bit=1
[tick=5200] [HOST_A] RX bit=1
[tick=5300] [HOST_B] TX bit=0
[tick=5300] [HOST_A] RX bit=0
[tick=5400] [HOST_B] TX bit=0
[tick=5400] [HOST_A] RX bit=0
[tick=5500] [HOST_B] TX bit=0
[tick=5500] [HOST_A] RX bit=0
[tick=5600] [HOST_B] TX bit=0
[tick=5600] [HOST_A] RX bit=0
[tick=5700] [HOST_B] TX bit=0
[tick=5700] [HOST_A] RX bit=0
[tick=5800] [HOST_B] TX bit=0
[tick=5800] [HOST_A] RX bit=0
[tick=5900] [HOST_B] TX bit=0
[tick=5900] [HOST_A] RX bit=0
[tick=6000] [HOST_B] TX bit=1
[tick=6000] [HOST_A] RX bit=1
[tick=6100] [HOST_B] TX bit=0
[tick=6100] [HOST_A] RX bit=0
[tick=6200] [HOST_B] TX bit=1
[tick=6200] [HOST_A] RX bit=1
[tick=6300] [HOST_B] TX bit=0
[tick=6300] [HOST_A] RX bit=0
[tick=6300] [HOST_A] RX complete frame=0101000000011010
[tick=6300] [HOST_A] received ACK for segment 1
[tick=6400] [HOST_A] TX bit=0
[tick=6400] [HOST_B] RX bit=0
[tick=6500] [HOST_A] TX bit=1
[tick=6500] [HOST_B] RX bit=1
[tick=6600] [HOST_A] TX bit=0
[tick=6600] [HOST_B] RX bit=0
[tick=6700] [HOST_A] TX bit=1
[tick=6700] [HOST_B] RX bit=1
[tick=6800] [HOST_A] TX bit=0
[tick=6800] [HOST_B] RX bit=0
[tick=6900] [HOST_A] TX bit=1
[tick=6900] [HOST_B] RX bit=1
[tick=7000] [HOST_A] TX bit=1
[tick=7000] [HOST_B] RX bit=1
[tick=7100] [HOST_A] TX bit=1
[tick=7100] [HOST_B] RX bit=1
[tick=7200] [HOST_A] TX bit=0
[tick=7200] [HOST_B] RX bit=0
[tick=7300] [HOST_A] TX bit=1
[tick=7300] [HOST_B] RX bit=1
[tick=7400] [HOST_A] TX bit=1
[tick=7400] [HOST_B] RX bit=1
[tick=7500] [HOST_A] TX bit=0
[tick=7500] [HOST_B] RX bit=0
[tick=7600] [HOST_A] TX bit=1
[tick=7600] [HOST_B] RX bit=1
[tick=7700] [HOST_A] TX bit=0
[tick=7700] [HOST_B] RX bit=0
[tick=7800] [HOST_A] TX bit=1
[tick=7800] [HOST_B] RX bit=1
[tick=7900] [HOST_A] TX bit=0
[tick=7900] [HOST_B] RX bit=0
[tick=7900] [HOST_B] RX complete frame=0101011011101010
[tick=7900] [HOST_B] accepted segment 2 on attempt 1; sending ACK
[tick=7900] [HOST_B] last decoded frame for segment 2: 'n'
[tick=8000] [HOST_B] TX bit=0
[tick=8000] [HOST_A] RX bit=0
[tick=8100] [HOST_B] TX bit=1
[tick=8100] [HOST_A] RX bit=1
[tick=8200] [HOST_B] TX bit=0
[tick=8200] [HOST_A] RX bit=0
[tick=8300] [HOST_B] TX bit=1
[tick=8300] [HOST_A] RX bit=1
[tick=8400] [HOST_B] TX bit=1
[tick=8400] [HOST_A] RX bit=1
[tick=8500] [HOST_B] TX bit=0
[tick=8500] [HOST_A] RX bit=0
[tick=8600] [HOST_B] TX bit=0
[tick=8600] [HOST_A] RX bit=0
[tick=8700] [HOST_B] TX bit=0
[tick=8700] [HOST_A] RX bit=0
[tick=8800] [HOST_B] TX bit=0
[tick=8800] [HOST_A] RX bit=0
[tick=8900] [HOST_B] TX bit=0
[tick=8900] [HOST_A] RX bit=0
[tick=9000] [HOST_B] TX bit=0
[tick=9000] [HOST_A] RX bit=0
[tick=9100] [HOST_B] TX bit=0
[tick=9100] [HOST_A] RX bit=0
[tick=9200] [HOST_B] TX bit=1
[tick=9200] [HOST_A] RX bit=1
[tick=9300] [HOST_B] TX bit=0
[tick=9300] [HOST_A] RX bit=0
[tick=9400] [HOST_B] TX bit=1
[tick=9400] [HOST_A] RX bit=1
[tick=9500] [HOST_B] TX bit=0
[tick=9500] [HOST_A] RX bit=0
[tick=9500] [HOST_A] RX complete frame=0101000000011010
[tick=9500] [HOST_A] received ACK for segment 2
[tick=9600] [HOST_A] TX bit=0
[tick=9600] [HOST_B] RX bit=0
[tick=9700] [HOST_A] TX bit=1
[tick=9700] [HOST_B] RX bit=1
[tick=9800] [HOST_A] TX bit=0
[tick=9800] [HOST_B] RX bit=0
[tick=9900] [HOST_A] TX bit=0
[tick=9900] [HOST_B] RX bit=0
[tick=10000] [HOST_A] TX bit=1
[tick=10000] [HOST_B] RX bit=1
[tick=10100] [HOST_A] TX bit=0
[tick=10100] [HOST_B] RX bit=0
[tick=10200] [HOST_A] TX bit=1
[tick=10200] [HOST_B] RX bit=1
[tick=10300] [HOST_A] TX bit=1
[tick=10300] [HOST_B] RX bit=1
[tick=10400] [HOST_A] TX bit=0
[tick=10400] [HOST_B] RX bit=0
[tick=10500] [HOST_A] TX bit=1
[tick=10500] [HOST_B] RX bit=1
[tick=10600] [HOST_A] TX bit=0
[tick=10600] [HOST_B] RX bit=0
[tick=10700] [HOST_A] TX bit=0
[tick=10700] [HOST_B] RX bit=0
[tick=10800] [HOST_A] TX bit=1
[tick=10800] [HOST_B] RX bit=1
[tick=10900] [HOST_A] TX bit=0
[tick=10900] [HOST_B] RX bit=0
[tick=11000] [HOST_A] TX bit=1
[tick=11000] [HOST_B] RX bit=1
[tick=11100] [HOST_A] TX bit=0
[tick=11100] [HOST_B] RX bit=0
[tick=11100] [HOST_B] RX complete frame=0101001011010010
[tick=11100] [HOST_B] accepted segment 3 on attempt 1; sending ACK
[tick=11100] [HOST_B] last decoded frame for segment 3: '-'
[tick=11200] [HOST_B] TX bit=0
[tick=11200] [HOST_A] RX bit=0
[tick=11300] [HOST_B] TX bit=1
[tick=11300] [HOST_A] RX bit=1
[tick=11400] [HOST_B] TX bit=0
[tick=11400] [HOST_A] RX bit=0
[tick=11500] [HOST_B] TX bit=1
[tick=11500] [HOST_A] RX bit=1
[tick=11600] [HOST_B] TX bit=1
[tick=11600] [HOST_A] RX bit=1
[tick=11700] [HOST_B] TX bit=0
[tick=11700] [HOST_A] RX bit=0
[tick=11800] [HOST_B] TX bit=0
[tick=11800] [HOST_A] RX bit=0
[tick=11900] [HOST_B] TX bit=0
[tick=11900] [HOST_A] RX bit=0
[tick=12000] [HOST_B] TX bit=0
[tick=12000] [HOST_A] RX bit=0
[tick=12100] [HOST_B] TX bit=0
[tick=12100] [HOST_A] RX bit=0
[tick=12200] [HOST_B] TX bit=0
[tick=12200] [HOST_A] RX bit=0
[tick=12300] [HOST_B] TX bit=0
[tick=12300] [HOST_A] RX bit=0
[tick=12400] [HOST_B] TX bit=1
[tick=12400] [HOST_A] RX bit=1
[tick=12500] [HOST_B] TX bit=0
[tick=12500] [HOST_A] RX bit=0
[tick=12600] [HOST_B] TX bit=1
[tick=12600] [HOST_A] RX bit=1
[tick=12700] [HOST_B] TX bit=0
[tick=12700] [HOST_A] RX bit=0
[tick=12700] [HOST_A] RX complete frame=0101000000011010
[tick=12700] [HOST_A] received ACK for segment 3
[tick=12800] [HOST_A] TX bit=0
[tick=12800] [HOST_B] RX bit=0
[tick=12900] [HOST_A] TX bit=1
[tick=12900] [HOST_B] RX bit=1
[tick=13000] [HOST_A] TX bit=0
[tick=13000] [HOST_B] RX bit=0
[tick=13100] [HOST_A] TX bit=0
[tick=13100] [HOST_B] RX bit=0
[tick=13200] [HOST_A] TX bit=1
[tick=13200] [HOST_B] RX bit=1
[tick=13300] [HOST_A] TX bit=0
[tick=13300] [HOST_B] RX bit=0
[tick=13400] [HOST_A] TX bit=0
[tick=13400] [HOST_B] RX bit=0
[tick=13500] [HOST_A] TX bit=0
[tick=13500] [HOST_B] RX bit=0
[tick=13600] [HOST_A] TX bit=0
[tick=13600] [HOST_B] RX bit=0
[tick=13700] [HOST_A] TX bit=0
[tick=13700] [HOST_B] RX bit=0
[tick=13800] [HOST_A] TX bit=1
[tick=13800] [HOST_B] RX bit=1
[tick=13900] [HOST_A] TX bit=0
[tick=13900] [HOST_B] RX bit=0
[tick=14000] [HOST_A] TX bit=1
[tick=14000] [HOST_B] RX bit=1
[tick=14100] [HOST_A] TX bit=0
[tick=14100] [HOST_B] RX bit=0
[tick=14200] [HOST_A] TX bit=1
[tick=14200] [HOST_B] RX bit=1
[tick=14300] [HOST_A] TX bit=0
[tick=14300] [HOST_B] RX bit=0
[tick=14300] [HOST_B] RX complete frame=0101010000010010
[tick=14300] [HOST_B] accepted segment 4 on attempt 1; sending ACK
[tick=14300] [HOST_B] last decoded frame for segment 4: 'A'
[tick=14400] [HOST_B] TX bit=0
[tick=14400] [HOST_A] RX bit=0
[tick=14500] [HOST_B] TX bit=1
[tick=14500] [HOST_A] RX bit=1
[tick=14600] [HOST_B] TX bit=0
[tick=14600] [HOST_A] RX bit=0
[tick=14700] [HOST_B] TX bit=1
[tick=14700] [HOST_A] RX bit=1
[tick=14800] [HOST_B] TX bit=1
[tick=14800] [HOST_A] RX bit=1
[tick=14900] [HOST_B] TX bit=0
[tick=14900] [HOST_A] RX bit=0
[tick=15000] [HOST_B] TX bit=0
[tick=15000] [HOST_A] RX bit=0
[tick=15100] [HOST_B] TX bit=0
[tick=15100] [HOST_A] RX bit=0
[tick=15200] [HOST_B] TX bit=0
[tick=15200] [HOST_A] RX bit=0
[tick=15300] [HOST_B] TX bit=0
[tick=15300] [HOST_A] RX bit=0
[tick=15400] [HOST_B] TX bit=0
[tick=15400] [HOST_A] RX bit=0
[tick=15500] [HOST_B] TX bit=0
[tick=15500] [HOST_A] RX bit=0
[tick=15600] [HOST_B] TX bit=1
[tick=15600] [HOST_A] RX bit=1
[tick=15700] [HOST_B] TX bit=0
[tick=15700] [HOST_A] RX bit=0
[tick=15800] [HOST_B] TX bit=1
[tick=15800] [HOST_A] RX bit=1
[tick=15900] [HOST_B] TX bit=0
[tick=15900] [HOST_A] RX bit=0
[tick=15900] [HOST_A] RX complete frame=0101000000011010
[tick=15900] [HOST_A] received ACK for segment 4
[tick=16000] [HOST_A] TX bit=0
[tick=16000] [HOST_B] RX bit=0
[tick=16100] [HOST_A] TX bit=1
[tick=16100] [HOST_B] RX bit=1
[tick=16200] [HOST_A] TX bit=0
[tick=16200] [HOST_B] RX bit=True
[tick=16300] [HOST_A] TX bit=1
[tick=16300] [HOST_B] RX bit=1
[tick=16400] [HOST_A] TX bit=0
[tick=16400] [HOST_B] RX bit=0
[tick=16500] [HOST_A] TX bit=1
[tick=16500] [HOST_B] RX bit=1
[tick=16600] [HOST_A] TX bit=1
[tick=16600] [HOST_B] RX bit=1
[tick=16700] [HOST_A] TX bit=1
[tick=16700] [HOST_B] RX bit=1
[tick=16800] [HOST_A] TX bit=0
[tick=16800] [HOST_B] RX bit=0
[tick=16900] [HOST_A] TX bit=1
[tick=16900] [HOST_B] RX bit=1
[tick=17000] [HOST_A] TX bit=1
[tick=17000] [HOST_B] RX bit=1
[tick=17100] [HOST_A] TX bit=0
[tick=17100] [HOST_B] RX bit=0
[tick=17200] [HOST_A] TX bit=1
[tick=17200] [HOST_B] RX bit=1
[tick=17300] [HOST_A] TX bit=0
[tick=17300] [HOST_B] RX bit=0
[tick=17400] [HOST_A] TX bit=1
[tick=17400] [HOST_B] RX bit=1
[tick=17500] [HOST_A] TX bit=0
[tick=17500] [HOST_B] RX bit=0
[tick=17500] [HOST_B] RX complete frame=0101011011101110
[tick=17500] [HOST_B] rejected received frame and sends NACK for segment 5 (attempt 1, status=FE)
[tick=17600] [HOST_B] TX bit=0
[tick=17600] [HOST_A] RX bit=0
[tick=17700] [HOST_B] TX bit=1
[tick=17700] [HOST_A] RX bit=1
[tick=17800] [HOST_B] TX bit=0
[tick=17800] [HOST_A] RX bit=0
[tick=17900] [HOST_B] TX bit=1
[tick=17900] [HOST_A] RX bit=1
[tick=18000] [HOST_B] TX bit=0
[tick=18000] [HOST_A] RX bit=0
[tick=18100] [HOST_B] TX bit=1
[tick=18100] [HOST_A] RX bit=1
[tick=18200] [HOST_B] TX bit=0
[tick=18200] [HOST_A] RX bit=0
[tick=18300] [HOST_B] TX bit=0
[tick=18300] [HOST_A] RX bit=0
[tick=18400] [HOST_B] TX bit=0
[tick=18400] [HOST_A] RX bit=0
[tick=18500] [HOST_B] TX bit=0
[tick=18500] [HOST_A] RX bit=0
[tick=18600] [HOST_B] TX bit=0
[tick=18600] [HOST_A] RX bit=0
[tick=18700] [HOST_B] TX bit=0
[tick=18700] [HOST_A] RX bit=0
[tick=18800] [HOST_B] TX bit=1
[tick=18800] [HOST_A] RX bit=1
[tick=18900] [HOST_B] TX bit=0
[tick=18900] [HOST_A] RX bit=0
[tick=19000] [HOST_B] TX bit=1
[tick=19000] [HOST_A] RX bit=1
[tick=19100] [HOST_B] TX bit=0
[tick=19100] [HOST_A] RX bit=0
[tick=19100] [HOST_A] RX complete frame=0101000000101010
[tick=19100] [HOST_A] received NACK for segment 5; retransmitting
[tick=19200] [HOST_A] TX bit=0
[tick=19200] [HOST_B] RX bit=0
[tick=19300] [HOST_A] TX bit=1
[tick=19300] [HOST_B] RX bit=1
[tick=19400] [HOST_A] TX bit=0
[tick=19400] [HOST_B] RX bit=0
[tick=19500] [HOST_A] TX bit=1
[tick=19500] [HOST_B] RX bit=1
[tick=19600] [HOST_A] TX bit=0
[tick=19600] [HOST_B] RX bit=0
[tick=19700] [HOST_A] TX bit=1
[tick=19700] [HOST_B] RX bit=1
[tick=19800] [HOST_A] TX bit=1
[tick=19800] [HOST_B] RX bit=1
[tick=19900] [HOST_A] TX bit=1
[tick=19900] [HOST_B] RX bit=1
[tick=20000] [HOST_A] TX bit=0
[tick=20000] [HOST_B] RX bit=0
[tick=20100] [HOST_A] TX bit=1
[tick=20100] [HOST_B] RX bit=1
[tick=20200] [HOST_A] TX bit=1
[tick=20200] [HOST_B] RX bit=1
[tick=20300] [HOST_A] TX bit=0
[tick=20300] [HOST_B] RX bit=True
[tick=20400] [HOST_A] TX bit=1
[tick=20400] [HOST_B] RX bit=1
[tick=20500] [HOST_A] TX bit=0
[tick=20500] [HOST_B] RX bit=0
[tick=20600] [HOST_A] TX bit=1
[tick=20600] [HOST_B] RX bit=1
[tick=20700] [HOST_A] TX bit=0
[tick=20700] [HOST_B] RX bit=0
[tick=20700] [HOST_B] RX complete frame=0101111011101010
[tick=20700] [HOST_B] rejected received frame and sends NACK for segment 5 (attempt 2, status=PE)
[tick=20800] [HOST_B] TX bit=0
[tick=20800] [HOST_A] RX bit=0
[tick=20900] [HOST_B] TX bit=1
[tick=20900] [HOST_A] RX bit=1
[tick=21000] [HOST_B] TX bit=0
[tick=21000] [HOST_A] RX bit=0
[tick=21100] [HOST_B] TX bit=1
[tick=21100] [HOST_A] RX bit=1
[tick=21200] [HOST_B] TX bit=0
[tick=21200] [HOST_A] RX bit=0
[tick=21300] [HOST_B] TX bit=1
[tick=21300] [HOST_A] RX bit=1
[tick=21400] [HOST_B] TX bit=0
[tick=21400] [HOST_A] RX bit=0
[tick=21500] [HOST_B] TX bit=0
[tick=21500] [HOST_A] RX bit=0
[tick=21600] [HOST_B] TX bit=0
[tick=21600] [HOST_A] RX bit=0
[tick=21700] [HOST_B] TX bit=0
[tick=21700] [HOST_A] RX bit=0
[tick=21800] [HOST_B] TX bit=0
[tick=21800] [HOST_A] RX bit=0
[tick=21900] [HOST_B] TX bit=0
[tick=21900] [HOST_A] RX bit=0
[tick=22000] [HOST_B] TX bit=1
[tick=22000] [HOST_A] RX bit=1
[tick=22100] [HOST_B] TX bit=0
[tick=22100] [HOST_A] RX bit=0
[tick=22200] [HOST_B] TX bit=1
[tick=22200] [HOST_A] RX bit=1
[tick=22300] [HOST_B] TX bit=0
[tick=22300] [HOST_A] RX bit=0
[tick=22300] [HOST_A] RX complete frame=0101000000101010
[tick=22300] [HOST_A] received NACK for segment 5; retransmitting
[tick=22400] [HOST_A] TX bit=0
[tick=22400] [HOST_B] RX bit=0
[tick=22500] [HOST_A] TX bit=1
[tick=22500] [HOST_B] RX bit=1
[tick=22600] [HOST_A] TX bit=0
[tick=22600] [HOST_B] RX bit=0
[tick=22700] [HOST_A] TX bit=1
[tick=22700] [HOST_B] RX bit=1
[tick=22800] [HOST_A] TX bit=0
[tick=22800] [HOST_B] RX bit=0
[tick=22900] [HOST_A] TX bit=1
[tick=22900] [HOST_B] RX bit=1
[tick=23000] [HOST_A] TX bit=1
[tick=23000] [HOST_B] RX bit=1
[tick=23100] [HOST_A] TX bit=1
[tick=23100] [HOST_B] RX bit=1
[tick=23200] [HOST_A] TX bit=0
[tick=23200] [HOST_B] RX bit=0
[tick=23300] [HOST_A] TX bit=1
[tick=23300] [HOST_B] RX bit=1
[tick=23400] [HOST_A] TX bit=1
[tick=23400] [HOST_B] RX bit=1
[tick=23500] [HOST_A] TX bit=0
[tick=23500] [HOST_B] RX bit=0
[tick=23600] [HOST_A] TX bit=1
[tick=23600] [HOST_B] RX bit=1
[tick=23700] [HOST_A] TX bit=0
[tick=23700] [HOST_B] RX bit=0
[tick=23800] [HOST_A] TX bit=1
[tick=23800] [HOST_B] RX bit=1
[tick=23900] [HOST_A] TX bit=0
[tick=23900] [HOST_B] RX bit=0
[tick=23900] [HOST_B] RX complete frame=0101011011101010
[tick=23900] [HOST_B] accepted segment 5 on attempt 3; sending ACK
[tick=23900] [HOST_B] last decoded frame for segment 5: 'n'
[tick=24000] [HOST_B] TX bit=0
[tick=24000] [HOST_A] RX bit=0
[tick=24100] [HOST_B] TX bit=1
[tick=24100] [HOST_A] RX bit=1
[tick=24200] [HOST_B] TX bit=0
[tick=24200] [HOST_A] RX bit=0
[tick=24300] [HOST_B] TX bit=1
[tick=24300] [HOST_A] RX bit=1
[tick=24400] [HOST_B] TX bit=1
[tick=24400] [HOST_A] RX bit=1
[tick=24500] [HOST_B] TX bit=0
[tick=24500] [HOST_A] RX bit=0
[tick=24600] [HOST_B] TX bit=0
[tick=24600] [HOST_A] RX bit=0
[tick=24700] [HOST_B] TX bit=0
[tick=24700] [HOST_A] RX bit=0
[tick=24800] [HOST_B] TX bit=0
[tick=24800] [HOST_A] RX bit=0
[tick=24900] [HOST_B] TX bit=0
[tick=24900] [HOST_A] RX bit=0
[tick=25000] [HOST_B] TX bit=0
[tick=25000] [HOST_A] RX bit=0
[tick=25100] [HOST_B] TX bit=0
[tick=25100] [HOST_A] RX bit=0
[tick=25200] [HOST_B] TX bit=1
[tick=25200] [HOST_A] RX bit=1
[tick=25300] [HOST_B] TX bit=0
[tick=25300] [HOST_A] RX bit=0
[tick=25400] [HOST_B] TX bit=1
[tick=25400] [HOST_A] RX bit=1
[tick=25500] [HOST_B] TX bit=0
[tick=25500] [HOST_A] RX bit=0
[tick=25500] [HOST_A] RX complete frame=0101000000011010
[tick=25500] [HOST_A] received ACK for segment 5
[tick=25600] [HOST_A] TX bit=0
[tick=25600] [HOST_B] RX bit=0
[tick=25700] [HOST_A] TX bit=1
[tick=25700] [HOST_B] RX bit=1
[tick=25800] [HOST_A] TX bit=0
[tick=25800] [HOST_B] RX bit=0
[tick=25900] [HOST_A] TX bit=0
[tick=25900] [HOST_B] RX bit=0
[tick=26000] [HOST_A] TX bit=1
[tick=26000] [HOST_B] RX bit=1
[tick=26100] [HOST_A] TX bit=0
[tick=26100] [HOST_B] RX bit=0
[tick=26200] [HOST_A] TX bit=1
[tick=26200] [HOST_B] RX bit=1
[tick=26300] [HOST_A] TX bit=1
[tick=26300] [HOST_B] RX bit=1
[tick=26400] [HOST_A] TX bit=0
[tick=26400] [HOST_B] RX bit=0
[tick=26500] [HOST_A] TX bit=1
[tick=26500] [HOST_B] RX bit=1
[tick=26600] [HOST_A] TX bit=0
[tick=26600] [HOST_B] RX bit=0
[tick=26700] [HOST_A] TX bit=0
[tick=26700] [HOST_B] RX bit=0
[tick=26800] [HOST_A] TX bit=1
[tick=26800] [HOST_B] RX bit=1
[tick=26900] [HOST_A] TX bit=0
[tick=26900] [HOST_B] RX bit=0
[tick=27000] [HOST_A] TX bit=1
[tick=27000] [HOST_B] RX bit=1
[tick=27100] [HOST_A] TX bit=0
[tick=27100] [HOST_B] RX bit=0
[tick=27100] [HOST_B] RX complete frame=0101001011010010
[tick=27100] [HOST_B] accepted segment 6 on attempt 1; sending ACK
[tick=27100] [HOST_B] last decoded frame for segment 6: '-'
[tick=27200] [HOST_B] TX bit=0
[tick=27200] [HOST_A] RX bit=0
[tick=27300] [HOST_B] TX bit=1
[tick=27300] [HOST_A] RX bit=1
[tick=27400] [HOST_B] TX bit=0
[tick=27400] [HOST_A] RX bit=0
[tick=27500] [HOST_B] TX bit=1
[tick=27500] [HOST_A] RX bit=1
[tick=27600] [HOST_B] TX bit=1
[tick=27600] [HOST_A] RX bit=1
[tick=27700] [HOST_B] TX bit=0
[tick=27700] [HOST_A] RX bit=0
[tick=27800] [HOST_B] TX bit=0
[tick=27800] [HOST_A] RX bit=0
[tick=27900] [HOST_B] TX bit=0
[tick=27900] [HOST_A] RX bit=0
[tick=28000] [HOST_B] TX bit=0
[tick=28000] [HOST_A] RX bit=0
[tick=28100] [HOST_B] TX bit=0
[tick=28100] [HOST_A] RX bit=0
[tick=28200] [HOST_B] TX bit=0
[tick=28200] [HOST_A] RX bit=0
[tick=28300] [HOST_B] TX bit=0
[tick=28300] [HOST_A] RX bit=0
[tick=28400] [HOST_B] TX bit=1
[tick=28400] [HOST_A] RX bit=1
[tick=28500] [HOST_B] TX bit=0
[tick=28500] [HOST_A] RX bit=0
[tick=28600] [HOST_B] TX bit=1
[tick=28600] [HOST_A] RX bit=1
[tick=28700] [HOST_B] TX bit=0
[tick=28700] [HOST_A] RX bit=0
[tick=28700] [HOST_A] RX complete frame=0101000000011010
[tick=28700] [HOST_A] received ACK for segment 6
[tick=28800] [HOST_A] TX bit=0
[tick=28800] [HOST_B] RX bit=0
[tick=28900] [HOST_A] TX bit=1
[tick=28900] [HOST_B] RX bit=1
[tick=29000] [HOST_A] TX bit=0
[tick=29000] [HOST_B] RX bit=0
[tick=29100] [HOST_A] TX bit=1
[tick=29100] [HOST_B] RX bit=1
[tick=29200] [HOST_A] TX bit=0
[tick=29200] [HOST_B] RX bit=0
[tick=29300] [HOST_A] TX bit=0
[tick=29300] [HOST_B] RX bit=0
[tick=29400] [HOST_A] TX bit=1
[tick=29400] [HOST_B] RX bit=1
[tick=29500] [HOST_A] TX bit=0
[tick=29500] [HOST_B] RX bit=0
[tick=29600] [HOST_A] TX bit=1
[tick=29600] [HOST_B] RX bit=1
[tick=29700] [HOST_A] TX bit=0
[tick=29700] [HOST_B] RX bit=0
[tick=29800] [HOST_A] TX bit=1
[tick=29800] [HOST_B] RX bit=1
[tick=29900] [HOST_A] TX bit=0
[tick=29900] [HOST_B] RX bit=0
[tick=30000] [HOST_A] TX bit=1
[tick=30000] [HOST_B] RX bit=1
[tick=30100] [HOST_A] TX bit=0
[tick=30100] [HOST_B] RX bit=0
[tick=30200] [HOST_A] TX bit=1
[tick=30200] [HOST_B] RX bit=1
[tick=30300] [HOST_A] TX bit=0
[tick=30300] [HOST_B] RX bit=0
[tick=30300] [HOST_B] RX complete frame=0101010101001010
[tick=30300] [HOST_B] accepted segment 7 on attempt 1; sending ACK
[tick=30300] [HOST_B] last decoded frame for segment 7: 'T'
[tick=30400] [HOST_B] TX bit=0
[tick=30400] [HOST_A] RX bit=0
[tick=30500] [HOST_B] TX bit=1
[tick=30500] [HOST_A] RX bit=1
[tick=30600] [HOST_B] TX bit=0
[tick=30600] [HOST_A] RX bit=0
[tick=30700] [HOST_B] TX bit=1
[tick=30700] [HOST_A] RX bit=1
[tick=30800] [HOST_B] TX bit=1
[tick=30800] [HOST_A] RX bit=1
[tick=30900] [HOST_B] TX bit=0
[tick=30900] [HOST_A] RX bit=0
[tick=31000] [HOST_B] TX bit=0
[tick=31000] [HOST_A] RX bit=0
[tick=31100] [HOST_B] TX bit=0
[tick=31100] [HOST_A] RX bit=0
[tick=31200] [HOST_B] TX bit=0
[tick=31200] [HOST_A] RX bit=0
[tick=31300] [HOST_B] TX bit=0
[tick=31300] [HOST_A] RX bit=0
[tick=31400] [HOST_B] TX bit=0
[tick=31400] [HOST_A] RX bit=0
[tick=31500] [HOST_B] TX bit=0
[tick=31500] [HOST_A] RX bit=0
[tick=31600] [HOST_B] TX bit=1
[tick=31600] [HOST_A] RX bit=1
[tick=31700] [HOST_B] TX bit=0
[tick=31700] [HOST_A] RX bit=0
[tick=31800] [HOST_B] TX bit=1
[tick=31800] [HOST_A] RX bit=1
[tick=31900] [HOST_B] TX bit=0
[tick=31900] [HOST_A] RX bit=0
[tick=31900] [HOST_A] RX complete frame=0101000000011010
[tick=31900] [HOST_A] received ACK for segment 7
[tick=0] [HOST_A] TX bit=0
[tick=0] [HOST_B] RX bit=0
[tick=100] [HOST_A] TX bit=1
[tick=100] [HOST_B] RX bit=1
[tick=200] [HOST_A] TX bit=0
[tick=200] [HOST_B] RX bit=0
[tick=300] [HOST_A] TX bit=0
[tick=300] [HOST_B] RX bit=0
[tick=400] [HOST_A] TX bit=1
[tick=400] [HOST_B] RX bit=1
[tick=500] [HOST_A] TX bit=0
[tick=500] [HOST_B] RX bit=0
[tick=600] [HOST_A] TX bit=0
[tick=600] [HOST_B] RX bit=0
[tick=700] [HOST_A] TX bit=0
[tick=700] [HOST_B] RX bit=0
[tick=800] [HOST_A] TX bit=0
[tick=800] [HOST_B] RX bit=0
[tick=900] [HOST_A] TX bit=0
[tick=900] [HOST_B] RX bit=0
[tick=1000] [HOST_A] TX bit=1
[tick=1000] [HOST_B] RX bit=1
[tick=1100] [HOST_A] TX bit=0
[tick=1100] [HOST_B] RX bit=0
[tick=1200] [HOST_A] TX bit=1
[tick=1200] [HOST_B] RX bit=1
[tick=1300] [HOST_A] TX bit=0
[tick=1300] [HOST_B] RX bit=0
[tick=1400] [HOST_A] TX bit=1
[tick=1400] [HOST_B] RX bit=1
[tick=1500] [HOST_A] TX bit=0
[tick=1500] [HOST_B] RX bit=0
[tick=1500] [HOST_B] RX complete frame=0101010000010010
[tick=1500] [HOST_B] accepted segment 1 on attempt 1; sending ACK
[tick=1500] [HOST_B] last decoded frame for segment 1: 'A'
[tick=1600] [HOST_B] TX bit=0
[tick=1600] [HOST_A] RX bit=0
[tick=1700] [HOST_B] TX bit=1
[tick=1700] [HOST_A] RX bit=1
[tick=1800] [HOST_B] TX bit=0
[tick=1800] [HOST_A] RX bit=0
[tick=1900] [HOST_B] TX bit=1
[tick=1900] [HOST_A] RX bit=1
[tick=2000] [HOST_B] TX bit=1
[tick=2000] [HOST_A] RX bit=1
[tick=2100] [HOST_B] TX bit=0
[tick=2100] [HOST_A] RX bit=0
[tick=2200] [HOST_B] TX bit=0
[tick=2200] [HOST_A] RX bit=0
[tick=2300] [HOST_B] TX bit=0
[tick=2300] [HOST_A] RX bit=0
[tick=2400] [HOST_B] TX bit=0
[tick=2400] [HOST_A] RX bit=0
[tick=2500] [HOST_B] TX bit=0
[tick=2500] [HOST_A] RX bit=0
[tick=2600] [HOST_B] TX bit=0
[tick=2600] [HOST_A] RX bit=0
[tick=2700] [HOST_B] TX bit=0
[tick=2700] [HOST_A] RX bit=0
[tick=2800] [HOST_B] TX bit=1
[tick=2800] [HOST_A] RX bit=1
[tick=2900] [HOST_B] TX bit=0
[tick=2900] [HOST_A] RX bit=0
[tick=3000] [HOST_B] TX bit=1
[tick=3000] [HOST_A] RX bit=1
[tick=3100] [HOST_B] TX bit=0
[tick=3100] [HOST_A] RX bit=0
[tick=3100] [HOST_A] RX complete frame=0101000000011010
[tick=3100] [HOST_A] received ACK for segment 1
[tick=3200] [HOST_A] TX bit=0
[tick=3200] [HOST_B] RX bit=0
[tick=3300] [HOST_A] TX bit=1
[tick=3300] [HOST_B] RX bit=1
[tick=3400] [HOST_A] TX bit=0
[tick=3400] [HOST_B] RX bit=0
[tick=3500] [HOST_A] TX bit=1
[tick=3500] [HOST_B] RX bit=1
[tick=3600] [HOST_A] TX bit=0
[tick=3600] [HOST_B] RX bit=0
[tick=3700] [HOST_A] TX bit=1
[tick=3700] [HOST_B] RX bit=1
[tick=3800] [HOST_A] TX bit=1
[tick=3800] [HOST_B] RX bit=1
[tick=3900] [HOST_A] TX bit=1
[tick=3900] [HOST_B] RX bit=1
[tick=4000] [HOST_A] TX bit=0
[tick=4000] [HOST_B] RX bit=0
[tick=4100] [HOST_A] TX bit=1
[tick=4100] [HOST_B] RX bit=1
[tick=4200] [HOST_A] TX bit=1
[tick=4200] [HOST_B] RX bit=1
[tick=4300] [HOST_A] TX bit=0
[tick=4300] [HOST_B] RX bit=0
[tick=4400] [HOST_A] TX bit=1
[tick=4400] [HOST_B] RX bit=1
[tick=4500] [HOST_A] TX bit=0
[tick=4500] [HOST_B] RX bit=0
[tick=4600] [HOST_A] TX bit=1
[tick=4600] [HOST_B] RX bit=1
[tick=4700] [HOST_A] TX bit=0
[tick=4700] [HOST_B] RX bit=0
[tick=4700] [HOST_B] RX complete frame=0101011011101010
[tick=4700] [HOST_B] accepted segment 2 on attempt 1; sending ACK
[tick=4700] [HOST_B] last decoded frame for segment 2: 'n'
[tick=4800] [HOST_B] TX bit=0
[tick=4800] [HOST_A] RX bit=0
[tick=4900] [HOST_B] TX bit=1
[tick=4900] [HOST_A] RX bit=1
[tick=5000] [HOST_B] TX bit=0
[tick=5000] [HOST_A] RX bit=0
[tick=5100] [HOST_B] TX bit=1
[tick=5100] [HOST_A] RX bit=1
[tick=5200] [HOST_B] TX bit=1
[tick=5200] [HOST_A] RX bit=1
[tick=5300] [HOST_B] TX bit=0
[tick=5300] [HOST_A] RX bit=0
[tick=5400] [HOST_B] TX bit=0
[tick=5400] [HOST_A] RX bit=0
[tick=5500] [HOST_B] TX bit=0
[tick=5500] [HOST_A] RX bit=0
[tick=5600] [HOST_B] TX bit=0
[tick=5600] [HOST_A] RX bit=0
[tick=5700] [HOST_B] TX bit=0
[tick=5700] [HOST_A] RX bit=0
[tick=5800] [HOST_B] TX bit=0
[tick=5800] [HOST_A] RX bit=0
[tick=5900] [HOST_B] TX bit=0
[tick=5900] [HOST_A] RX bit=0
[tick=6000] [HOST_B] TX bit=1
[tick=6000] [HOST_A] RX bit=1
[tick=6100] [HOST_B] TX bit=0
[tick=6100] [HOST_A] RX bit=0
[tick=6200] [HOST_B] TX bit=1
[tick=6200] [HOST_A] RX bit=1
[tick=6300] [HOST_B] TX bit=0
[tick=6300] [HOST_A] RX bit=0
[tick=6300] [HOST_A] RX complete frame=0101000000011010
[tick=6300] [HOST_A] received ACK for segment 2
[tick=6400] [HOST_A] TX bit=0
[tick=6400] [HOST_B] RX bit=0
[tick=6500] [HOST_A] TX bit=1
[tick=6500] [HOST_B] RX bit=1
[tick=6600] [HOST_A] TX bit=0
[tick=6600] [HOST_B] RX bit=0
[tick=6700] [HOST_A] TX bit=0
[tick=6700] [HOST_B] RX bit=0
[tick=6800] [HOST_A] TX bit=1
[tick=6800] [HOST_B] RX bit=1
[tick=6900] [HOST_A] TX bit=0
[tick=6900] [HOST_B] RX bit=0
[tick=7000] [HOST_A] TX bit=1
[tick=7000] [HOST_B] RX bit=1
[tick=7100] [HOST_A] TX bit=1
[tick=7100] [HOST_B] RX bit=1
[tick=7200] [HOST_A] TX bit=0
[tick=7200] [HOST_B] RX bit=0
[tick=7300] [HOST_A] TX bit=1
[tick=7300] [HOST_B] RX bit=1
[tick=7400] [HOST_A] TX bit=0
[tick=7400] [HOST_B] RX bit=0
[tick=7500] [HOST_A] TX bit=0
[tick=7500] [HOST_B] RX bit=0
[tick=7600] [HOST_A] TX bit=1
[tick=7600] [HOST_B] RX bit=1
[tick=7700] [HOST_A] TX bit=0
[tick=7700] [HOST_B] RX bit=0
[tick=7800] [HOST_A] TX bit=1
[tick=7800] [HOST_B] RX bit=1
[tick=7900] [HOST_A] TX bit=0
[tick=7900] [HOST_B] RX bit=0
[tick=7900] [HOST_B] RX complete frame=0101001011010010
[tick=7900] [HOST_B] accepted segment 3 on attempt 1; sending ACK
[tick=7900] [HOST_B] last decoded frame for segment 3: '-'
[tick=8000] [HOST_B] TX bit=0
[tick=8000] [HOST_A] RX bit=0
[tick=8100] [HOST_B] TX bit=1
[tick=8100] [HOST_A] RX bit=1
[tick=8200] [HOST_B] TX bit=0
[tick=8200] [HOST_A] RX bit=0
[tick=8300] [HOST_B] TX bit=1
[tick=8300] [HOST_A] RX bit=1
[tick=8400] [HOST_B] TX bit=1
[tick=8400] [HOST_A] RX bit=1
[tick=8500] [HOST_B] TX bit=0
[tick=8500] [HOST_A] RX bit=0
[tick=8600] [HOST_B] TX bit=0
[tick=8600] [HOST_A] RX bit=0
[tick=8700] [HOST_B] TX bit=0
[tick=8700] [HOST_A] RX bit=0
[tick=8800] [HOST_B] TX bit=0
[tick=8800] [HOST_A] RX bit=0
[tick=8900] [HOST_B] TX bit=0
[tick=8900] [HOST_A] RX bit=0
[tick=9000] [HOST_B] TX bit=0
[tick=9000] [HOST_A] RX bit=0
[tick=9100] [HOST_B] TX bit=0
[tick=9100] [HOST_A] RX bit=0
[tick=9200] [HOST_B] TX bit=1
[tick=9200] [HOST_A] RX bit=1
[tick=9300] [HOST_B] TX bit=0
[tick=9300] [HOST_A] RX bit=0
[tick=9400] [HOST_B] TX bit=1
[tick=9400] [HOST_A] RX bit=1
[tick=9500] [HOST_B] TX bit=0
[tick=9500] [HOST_A] RX bit=0
[tick=9500] [HOST_A] RX complete frame=0101000000011010
[tick=9500] [HOST_A] received ACK for segment 3
[tick=9600] [HOST_A] TX bit=0
[tick=9600] [HOST_B] RX bit=0
[tick=9700] [HOST_A] TX bit=1
[tick=9700] [HOST_B] RX bit=1
[tick=9800] [HOST_A] TX bit=0
[tick=9800] [HOST_B] RX bit=0
[tick=9900] [HOST_A] TX bit=0
[tick=9900] [HOST_B] RX bit=0
[tick=10000] [HOST_A] TX bit=1
[tick=10000] [HOST_B] RX bit=1
[tick=10100] [HOST_A] TX bit=0
[tick=10100] [HOST_B] RX bit=0
[tick=10200] [HOST_A] TX bit=0
[tick=10200] [HOST_B] RX bit=0
[tick=10300] [HOST_A] TX bit=0
[tick=10300] [HOST_B] RX bit=0
[tick=10400] [HOST_A] TX bit=0
[tick=10400] [HOST_B] RX bit=0
[tick=10500] [HOST_A] TX bit=0
[tick=10500] [HOST_B] RX bit=0
[tick=10600] [HOST_A] TX bit=1
[tick=10600] [HOST_B] RX bit=1
[tick=10700] [HOST_A] TX bit=0
[tick=10700] [HOST_B] RX bit=0
[tick=10800] [HOST_A] TX bit=1
[tick=10800] [HOST_B] RX bit=1
[tick=10900] [HOST_A] TX bit=0
[tick=10900] [HOST_B] RX bit=0
[tick=11000] [HOST_A] TX bit=1
[tick=11000] [HOST_B] RX bit=1
[tick=11100] [HOST_A] TX bit=0
[tick=11100] [HOST_B] RX bit=0
[tick=11100] [HOST_B] RX complete frame=0101010000010010
[tick=11100] [HOST_B] accepted segment 4 on attempt 1; sending ACK
[tick=11100] [HOST_B] last decoded frame for segment 4: 'A'
[tick=11200] [HOST_B] TX bit=0
[tick=11200] [HOST_A] RX bit=0
[tick=11300] [HOST_B] TX bit=1
[tick=11300] [HOST_A] RX bit=1
[tick=11400] [HOST_B] TX bit=0
[tick=11400] [HOST_A] RX bit=0
[tick=11500] [HOST_B] TX bit=1
[tick=11500] [HOST_A] RX bit=1
[tick=11600] [HOST_B] TX bit=1
[tick=11600] [HOST_A] RX bit=1
[tick=11700] [HOST_B] TX bit=0
[tick=11700] [HOST_A] RX bit=0
[tick=11800] [HOST_B] TX bit=0
[tick=11800] [HOST_A] RX bit=0
[tick=11900] [HOST_B] TX bit=0
[tick=11900] [HOST_A] RX bit=0
[tick=12000] [HOST_B] TX bit=0
[tick=12000] [HOST_A] RX bit=0
[tick=12100] [HOST_B] TX bit=0
[tick=12100] [HOST_A] RX bit=0
[tick=12200] [HOST_B] TX bit=0
[tick=12200] [HOST_A] RX bit=0
[tick=12300] [HOST_B] TX bit=0
[tick=12300] [HOST_A] RX bit=0
[tick=12400] [HOST_B] TX bit=1
[tick=12400] [HOST_A] RX bit=1
[tick=12500] [HOST_B] TX bit=0
[tick=12500] [HOST_A] RX bit=0
[tick=12600] [HOST_B] TX bit=1
[tick=12600] [HOST_A] RX bit=1
[tick=12700] [HOST_B] TX bit=0
[tick=12700] [HOST_A] RX bit=0
[tick=12700] [HOST_A] RX complete frame=0101000000011010
[tick=12700] [HOST_A] received ACK for segment 4
[tick=12800] [HOST_A] TX bit=0
[tick=12800] [HOST_B] RX bit=0
[tick=12900] [HOST_A] TX bit=1
[tick=12900] [HOST_B] RX bit=1
[tick=13000] [HOST_A] TX bit=0
[tick=13000] [HOST_B] RX bit=0
[tick=13100] [HOST_A] TX bit=1
[tick=13100] [HOST_B] RX bit=1
[tick=13200] [HOST_A] TX bit=0
[tick=13200] [HOST_B] RX bit=0
[tick=13300] [HOST_A] TX bit=1
[tick=13300] [HOST_B] RX bit=1
[tick=13400] [HOST_A] TX bit=1
[tick=13400] [HOST_B] RX bit=1
[tick=13500] [HOST_A] TX bit=1
[tick=13500] [HOST_B] RX bit=1
[tick=13600] [HOST_A] TX bit=0
[tick=13600] [HOST_B] RX bit=0
[tick=13700] [HOST_A] TX bit=1
[tick=13700] [HOST_B] RX bit=1
[tick=13800] [HOST_A] TX bit=1
[tick=13800] [HOST_B] RX bit=1
[tick=13900] [HOST_A] TX bit=0
[tick=13900] [HOST_B] RX bit=0
[tick=14000] [HOST_A] TX bit=1
[tick=14000] [HOST_B] RX bit=1
[tick=14100] [HOST_A] TX bit=0
[tick=14100] [HOST_B] RX bit=0
[tick=14200] [HOST_A] TX bit=1
[tick=14200] [HOST_B] RX bit=1
[tick=14300] [HOST_A] TX bit=0
[tick=14300] [HOST_B] RX bit=0
[tick=14300] [HOST_B] RX complete frame=0101011011101010
[tick=14300] [HOST_B] accepted segment 5 on attempt 1; sending ACK
[tick=14300] [HOST_B] last decoded frame for segment 5: 'n'
[tick=14400] [HOST_B] TX bit=0
[tick=14400] [HOST_A] RX bit=0
[tick=14500] [HOST_B] TX bit=1
[tick=14500] [HOST_A] RX bit=1
[tick=14600] [HOST_B] TX bit=0
[tick=14600] [HOST_A] RX bit=0
[tick=14700] [HOST_B] TX bit=1
[tick=14700] [HOST_A] RX bit=1
[tick=14800] [HOST_B] TX bit=1
[tick=14800] [HOST_A] RX bit=1
[tick=14900] [HOST_B] TX bit=0
[tick=14900] [HOST_A] RX bit=0
[tick=15000] [HOST_B] TX bit=0
[tick=15000] [HOST_A] RX bit=0
[tick=15100] [HOST_B] TX bit=0
[tick=15100] [HOST_A] RX bit=0
[tick=15200] [HOST_B] TX bit=0
[tick=15200] [HOST_A] RX bit=0
[tick=15300] [HOST_B] TX bit=0
[tick=15300] [HOST_A] RX bit=0
[tick=15400] [HOST_B] TX bit=0
[tick=15400] [HOST_A] RX bit=0
[tick=15500] [HOST_B] TX bit=0
[tick=15500] [HOST_A] RX bit=0
[tick=15600] [HOST_B] TX bit=1
[tick=15600] [HOST_A] RX bit=1
[tick=15700] [HOST_B] TX bit=0
[tick=15700] [HOST_A] RX bit=0
[tick=15800] [HOST_B] TX bit=1
[tick=15800] [HOST_A] RX bit=1
[tick=15900] [HOST_B] TX bit=0
[tick=15900] [HOST_A] RX bit=0
[tick=15900] [HOST_A] RX complete frame=0101000000011010
[tick=15900] [HOST_A] received ACK for segment 5
[tick=16000] [HOST_A] TX bit=0
[tick=16000] [HOST_B] RX bit=0
[tick=16100] [HOST_A] TX bit=1
[tick=16100] [HOST_B] RX bit=1
[tick=16200] [HOST_A] TX bit=0
[tick=16200] [HOST_B] RX bit=0
[tick=16300] [HOST_A] TX bit=0
[tick=16300] [HOST_B] RX bit=0
[tick=16400] [HOST_A] TX bit=1
[tick=16400] [HOST_B] RX bit=1
[tick=16500] [HOST_A] TX bit=0
[tick=16500] [HOST_B] RX bit=0
[tick=16600] [HOST_A] TX bit=1
[tick=16600] [HOST_B] RX bit=1
[tick=16700] [HOST_A] TX bit=1
[tick=16700] [HOST_B] RX bit=1
[tick=16800] [HOST_A] TX bit=0
[tick=16800] [HOST_B] RX bit=0
[tick=16900] [HOST_A] TX bit=1
[tick=16900] [HOST_B] RX bit=1
[tick=17000] [HOST_A] TX bit=0
[tick=17000] [HOST_B] RX bit=0
[tick=17100] [HOST_A] TX bit=0
[tick=17100] [HOST_B] RX bit=0
[tick=17200] [HOST_A] TX bit=1
[tick=17200] [HOST_B] RX bit=1
[tick=17300] [HOST_A] TX bit=0
[tick=17300] [HOST_B] RX bit=0
[tick=17400] [HOST_A] TX bit=1
[tick=17400] [HOST_B] RX bit=1
[tick=17500] [HOST_A] TX bit=0
[tick=17500] [HOST_B] RX bit=0
[tick=17500] [HOST_B] RX complete frame=0101001011010010
[tick=17500] [HOST_B] accepted segment 6 on attempt 1; sending ACK
[tick=17500] [HOST_B] last decoded frame for segment 6: '-'
[tick=17600] [HOST_B] TX bit=0
[tick=17600] [HOST_A] RX bit=0
[tick=17700] [HOST_B] TX bit=1
[tick=17700] [HOST_A] RX bit=1
[tick=17800] [HOST_B] TX bit=0
[tick=17800] [HOST_A] RX bit=0
[tick=17900] [HOST_B] TX bit=1
[tick=17900] [HOST_A] RX bit=1
[tick=18000] [HOST_B] TX bit=1
[tick=18000] [HOST_A] RX bit=1
[tick=18100] [HOST_B] TX bit=0
[tick=18100] [HOST_A] RX bit=0
[tick=18200] [HOST_B] TX bit=0
[tick=18200] [HOST_A] RX bit=0
[tick=18300] [HOST_B] TX bit=0
[tick=18300] [HOST_A] RX bit=0
[tick=18400] [HOST_B] TX bit=0
[tick=18400] [HOST_A] RX bit=0
[tick=18500] [HOST_B] TX bit=0
[tick=18500] [HOST_A] RX bit=0
[tick=18600] [HOST_B] TX bit=0
[tick=18600] [HOST_A] RX bit=0
[tick=18700] [HOST_B] TX bit=0
[tick=18700] [HOST_A] RX bit=0
[tick=18800] [HOST_B] TX bit=1
[tick=18800] [HOST_A] RX bit=1
[tick=18900] [HOST_B] TX bit=0
[tick=18900] [HOST_A] RX bit=0
[tick=19000] [HOST_B] TX bit=1
[tick=19000] [HOST_A] RX bit=1
[tick=19100] [HOST_B] TX bit=0
[tick=19100] [HOST_A] RX bit=0
[tick=19100] [HOST_A] RX complete frame=0101000000011010
[tick=19100] [HOST_A] received ACK for segment 6
[tick=19200] [HOST_A] TX bit=0
[tick=19200] [HOST_B] RX bit=0
[tick=19300] [HOST_A] TX bit=1
[tick=19300] [HOST_B] RX bit=1
[tick=19400] [HOST_A] TX bit=0
[tick=19400] [HOST_B] RX bit=0
[tick=19500] [HOST_A] TX bit=1
[tick=19500] [HOST_B] RX bit=1
[tick=19600] [HOST_A] TX bit=0
[tick=19600] [HOST_B] RX bit=0
[tick=19700] [HOST_A] TX bit=0
[tick=19700] [HOST_B] RX bit=0
[tick=19800] [HOST_A] TX bit=1
[tick=19800] [HOST_B] RX bit=1
[tick=19900] [HOST_A] TX bit=0
[tick=19900] [HOST_B] RX bit=0
[tick=20000] [HOST_A] TX bit=1
[tick=20000] [HOST_B] RX bit=1
[tick=20100] [HOST_A] TX bit=0
[tick=20100] [HOST_B] RX bit=0
[tick=20200] [HOST_A] TX bit=1
[tick=20200] [HOST_B] RX bit=1
[tick=20300] [HOST_A] TX bit=0
[tick=20300] [HOST_B] RX bit=0
[tick=20400] [HOST_A] TX bit=1
[tick=20400] [HOST_B] RX bit=1
[tick=20500] [HOST_A] TX bit=0
[tick=20500] [HOST_B] RX bit=0
[tick=20600] [HOST_A] TX bit=1
[tick=20600] [HOST_B] RX bit=1
[tick=20700] [HOST_A] TX bit=0
[tick=20700] [HOST_B] RX bit=0
[tick=20700] [HOST_B] RX complete frame=0101010101001010
[tick=20700] [HOST_B] accepted segment 7 on attempt 1; sending ACK
[tick=20700] [HOST_B] last decoded frame for segment 7: 'T'
[tick=20800] [HOST_B] TX bit=0
[tick=20800] [HOST_A] RX bit=0
[tick=20900] [HOST_B] TX bit=1
[tick=20900] [HOST_A] RX bit=1
[tick=21000] [HOST_B] TX bit=0
[tick=21000] [HOST_A] RX bit=0
[tick=21100] [HOST_B] TX bit=1
[tick=21100] [HOST_A] RX bit=1
[tick=21200] [HOST_B] TX bit=1
[tick=21200] [HOST_A] RX bit=1
[tick=21300] [HOST_B] TX bit=0
[tick=21300] [HOST_A] RX bit=0
[tick=21400] [HOST_B] TX bit=0
[tick=21400] [HOST_A] RX bit=0
[tick=21500] [HOST_B] TX bit=0
[tick=21500] [HOST_A] RX bit=0
[tick=21600] [HOST_B] TX bit=0
[tick=21600] [HOST_A] RX bit=0
[tick=21700] [HOST_B] TX bit=0
[tick=21700] [HOST_A] RX bit=0
[tick=21800] [HOST_B] TX bit=0
[tick=21800] [HOST_A] RX bit=0
[tick=21900] [HOST_B] TX bit=0
[tick=21900] [HOST_A] RX bit=0
[tick=22000] [HOST_B] TX bit=1
[tick=22000] [HOST_A] RX bit=1
[tick=22100] [HOST_B] TX bit=0
[tick=22100] [HOST_A] RX bit=0
[tick=22200] [HOST_B] TX bit=1
[tick=22200] [HOST_A] RX bit=1
[tick=22300] [HOST_B] TX bit=0
[tick=22300] [HOST_A] RX bit=0
[tick=22300] [HOST_A] RX complete frame=0101000000011010
[tick=22300] [HOST_A] received ACK for segment 7
[tick=0] [HOST_A] TX bit=0
[tick=0] [HOST_B] RX bit=0
[tick=100] [HOST_A] TX bit=1
[tick=100] [HOST_B] RX bit=1
[tick=200] [HOST_A] TX bit=0
[tick=200] [HOST_B] RX bit=0
[tick=300] [HOST_A] TX bit=0
[tick=300] [HOST_B] RX bit=0
[tick=400] [HOST_A] TX bit=1
[tick=400] [HOST_B] RX bit=1
[tick=500] [HOST_A] TX bit=0
[tick=500] [HOST_B] RX bit=0
[tick=600] [HOST_A] TX bit=0
[tick=600] [HOST_B] RX bit=0
[tick=700] [HOST_A] TX bit=0
[tick=700] [HOST_B] RX bit=0
[tick=800] [HOST_A] TX bit=0
[tick=800] [HOST_B] RX bit=0
[tick=900] [HOST_A] TX bit=0
[tick=900] [HOST_B] RX bit=0
[tick=1000] [HOST_A] TX bit=1
[tick=1000] [HOST_B] RX bit=1
[tick=1100] [HOST_A] TX bit=0
[tick=1100] [HOST_B] RX bit=0
[tick=1200] [HOST_A] TX bit=1
[tick=1200] [HOST_B] RX bit=1
[tick=1300] [HOST_A] TX bit=0
[tick=1300] [HOST_B] RX bit=0
[tick=1400] [HOST_A] TX bit=1
[tick=1400] [HOST_B] RX bit=1
[tick=1500] [HOST_A] TX bit=0
[tick=1500] [HOST_B] RX bit=0
[tick=1500] [HOST_B] RX complete frame=0101010000010010
[tick=1500] [HOST_B] accepted segment 1 on attempt 1; sending ACK
[tick=1500] [HOST_B] last decoded frame for segment 1: 'A'
[tick=1600] [HOST_B] TX bit=0
[tick=1600] [HOST_A] RX bit=True
[tick=1700] [HOST_B] TX bit=1
[tick=1700] [HOST_A] RX bit=1
[tick=1800] [HOST_B] TX bit=0
[tick=1800] [HOST_A] RX bit=0
[tick=1900] [HOST_B] TX bit=1
[tick=1900] [HOST_A] RX bit=1
[tick=2000] [HOST_B] TX bit=1
[tick=2000] [HOST_A] RX bit=1
[tick=2100] [HOST_B] TX bit=0
[tick=2100] [HOST_A] RX bit=0
[tick=2200] [HOST_B] TX bit=0
[tick=2200] [HOST_A] RX bit=0
[tick=2300] [HOST_B] TX bit=0
[tick=2300] [HOST_A] RX bit=0
[tick=2400] [HOST_B] TX bit=0
[tick=2400] [HOST_A] RX bit=0
[tick=2500] [HOST_B] TX bit=0
[tick=2500] [HOST_A] RX bit=0
[tick=2600] [HOST_B] TX bit=0
[tick=2600] [HOST_A] RX bit=0
[tick=2700] [HOST_B] TX bit=0
[tick=2700] [HOST_A] RX bit=0
[tick=2800] [HOST_B] TX bit=1
[tick=2800] [HOST_A] RX bit=1
[tick=2900] [HOST_B] TX bit=0
[tick=2900] [HOST_A] RX bit=0
[tick=3000] [HOST_B] TX bit=1
[tick=3000] [HOST_A] RX bit=1
[tick=3100] [HOST_B] TX bit=0
[tick=3100] [HOST_A] RX bit=0
[tick=3100] [HOST_A] RX complete frame=0101000000011011
[tick=3100] [HOST_A] received corrupt ACK/NACK (status=FE); retransmitting segment 1
[tick=3200] [HOST_A] TX bit=0
[tick=3200] [HOST_B] RX bit=0
[tick=3300] [HOST_A] TX bit=1
[tick=3300] [HOST_B] RX bit=1
[tick=3400] [HOST_A] TX bit=0
[tick=3400] [HOST_B] RX bit=0
[tick=3500] [HOST_A] TX bit=0
[tick=3500] [HOST_B] RX bit=0
[tick=3600] [HOST_A] TX bit=1
[tick=3600] [HOST_B] RX bit=False
[tick=3700] [HOST_A] TX bit=0
[tick=3700] [HOST_B] RX bit=0
[tick=3800] [HOST_A] TX bit=0
[tick=3800] [HOST_B] RX bit=0
[tick=3900] [HOST_A] TX bit=0
[tick=3900] [HOST_B] RX bit=0
[tick=4000] [HOST_A] TX bit=0
[tick=4000] [HOST_B] RX bit=0
[tick=4100] [HOST_A] TX bit=0
[tick=4100] [HOST_B] RX bit=0
[tick=4200] [HOST_A] TX bit=1
[tick=4200] [HOST_B] RX bit=False
[tick=4300] [HOST_A] TX bit=0
[tick=4300] [HOST_B] RX bit=0
[tick=4400] [HOST_A] TX bit=1
[tick=4400] [HOST_B] RX bit=1
[tick=4500] [HOST_A] TX bit=0
[tick=4500] [HOST_B] RX bit=0
[tick=4600] [HOST_A] TX bit=1
[tick=4600] [HOST_B] RX bit=1
[tick=4700] [HOST_A] TX bit=0
[tick=4700] [HOST_B] RX bit=0
[tick=4700] [HOST_B] RX complete frame=0101000000000010
[tick=4700] [HOST_B] accepted segment 1 on attempt 2; sending ACK
[tick=4800] [HOST_B] TX bit=0
[tick=4800] [HOST_A] RX bit=0
[tick=4900] [HOST_B] TX bit=1
[tick=4900] [HOST_A] RX bit=1
[tick=5000] [HOST_B] TX bit=0
[tick=5000] [HOST_A] RX bit=0
[tick=5100] [HOST_B] TX bit=1
[tick=5100] [HOST_A] RX bit=1
[tick=5200] [HOST_B] TX bit=1
[tick=5200] [HOST_A] RX bit=1
[tick=5300] [HOST_B] TX bit=0
[tick=5300] [HOST_A] RX bit=0
[tick=5400] [HOST_B] TX bit=0
[tick=5400] [HOST_A] RX bit=0
[tick=5500] [HOST_B] TX bit=0
[tick=5500] [HOST_A] RX bit=0
[tick=5600] [HOST_B] TX bit=0
[tick=5600] [HOST_A] RX bit=0
[tick=5700] [HOST_B] TX bit=0
[tick=5700] [HOST_A] RX bit=0
[tick=5800] [HOST_B] TX bit=0
[tick=5800] [HOST_A] RX bit=0
[tick=5900] [HOST_B] TX bit=0
[tick=5900] [HOST_A] RX bit=0
[tick=6000] [HOST_B] TX bit=1
[tick=6000] [HOST_A] RX bit=1
[tick=6100] [HOST_B] TX bit=0
[tick=6100] [HOST_A] RX bit=0
[tick=6200] [HOST_B] TX bit=1
[tick=6200] [HOST_A] RX bit=1
[tick=6300] [HOST_B] TX bit=0
[tick=6300] [HOST_A] RX bit=0
[tick=6300] [HOST_A] RX complete frame=0101000000011010
[tick=6300] [HOST_A] received ACK for segment 1
[tick=6400] [HOST_A] TX bit=0
[tick=6400] [HOST_B] RX bit=0
[tick=6500] [HOST_A] TX bit=1
[tick=6500] [HOST_B] RX bit=1
[tick=6600] [HOST_A] TX bit=0
[tick=6600] [HOST_B] RX bit=0
[tick=6700] [HOST_A] TX bit=1
[tick=6700] [HOST_B] RX bit=1
[tick=6800] [HOST_A] TX bit=0
[tick=6800] [HOST_B] RX bit=0
[tick=6900] [HOST_A] TX bit=1
[tick=6900] [HOST_B] RX bit=1
[tick=7000] [HOST_A] TX bit=1
[tick=7000] [HOST_B] RX bit=1
[tick=7100] [HOST_A] TX bit=1
[tick=7100] [HOST_B] RX bit=1
[tick=7200] [HOST_A] TX bit=0
[tick=7200] [HOST_B] RX bit=0
[tick=7300] [HOST_A] TX bit=1
[tick=7300] [HOST_B] RX bit=1
[tick=7400] [HOST_A] TX bit=1
[tick=7400] [HOST_B] RX bit=1
[tick=7500] [HOST_A] TX bit=0
[tick=7500] [HOST_B] RX bit=0
[tick=7600] [HOST_A] TX bit=1
[tick=7600] [HOST_B] RX bit=1
[tick=7700] [HOST_A] TX bit=0
[tick=7700] [HOST_B] RX bit=0
[tick=7800] [HOST_A] TX bit=1
[tick=7800] [HOST_B] RX bit=1
[tick=7900] [HOST_A] TX bit=0
[tick=7900] [HOST_B] RX bit=0
[tick=7900] [HOST_B] RX complete frame=0101011011101010
[tick=7900] [HOST_B] accepted segment 2 on attempt 1; sending ACK
[tick=7900] [HOST_B] last decoded frame for segment 2: 'n'
[tick=8000] [HOST_B] TX bit=0
[tick=8000] [HOST_A] RX bit=0
[tick=8100] [HOST_B] TX bit=1
[tick=8100] [HOST_A] RX bit=1
[tick=8200] [HOST_B] TX bit=0
[tick=8200] [HOST_A] RX bit=0
[tick=8300] [HOST_B] TX bit=1
[tick=8300] [HOST_A] RX bit=1
[tick=8400] [HOST_B] TX bit=1
[tick=8400] [HOST_A] RX bit=1
[tick=8500] [HOST_B] TX bit=0
[tick=8500] [HOST_A] RX bit=0
[tick=8600] [HOST_B] TX bit=0
[tick=8600] [HOST_A] RX bit=0
[tick=8700] [HOST_B] TX bit=0
[tick=8700] [HOST_A] RX bit=0
[tick=8800] [HOST_B] TX bit=0
[tick=8800] [HOST_A] RX bit=0
[tick=8900] [HOST_B] TX bit=0
[tick=8900] [HOST_A] RX bit=0
[tick=9000] [HOST_B] TX bit=0
[tick=9000] [HOST_A] RX bit=0
[tick=9100] [HOST_B] TX bit=0
[tick=9100] [HOST_A] RX bit=0
[tick=9200] [HOST_B] TX bit=1
[tick=9200] [HOST_A] RX bit=1
[tick=9300] [HOST_B] TX bit=0
[tick=9300] [HOST_A] RX bit=0
[tick=9400] [HOST_B] TX bit=1
[tick=9400] [HOST_A] RX bit=1
[tick=9500] [HOST_B] TX bit=0
[tick=9500] [HOST_A] RX bit=0
[tick=9500] [HOST_A] RX complete frame=0101000000011010
[tick=9500] [HOST_A] received ACK for segment 2
[tick=9600] [HOST_A] TX bit=0
[tick=9600] [HOST_B] RX bit=0
[tick=9700] [HOST_A] TX bit=1
[tick=9700] [HOST_B] RX bit=1
[tick=9800] [HOST_A] TX bit=0
[tick=9800] [HOST_B] RX bit=0
[tick=9900] [HOST_A] TX bit=0
[tick=9900] [HOST_B] RX bit=0
[tick=10000] [HOST_A] TX bit=1
[tick=10000] [HOST_B] RX bit=1
[tick=10100] [HOST_A] TX bit=0
[tick=10100] [HOST_B] RX bit=0
[tick=10200] [HOST_A] TX bit=1
[tick=10200] [HOST_B] RX bit=1
[tick=10300] [HOST_A] TX bit=1
[tick=10300] [HOST_B] RX bit=1
[tick=10400] [HOST_A] TX bit=0
[tick=10400] [HOST_B] RX bit=True
[tick=10500] [HOST_A] TX bit=1
[tick=10500] [HOST_B] RX bit=1
[tick=10600] [HOST_A] TX bit=0
[tick=10600] [HOST_B] RX bit=0
[tick=10700] [HOST_A] TX bit=0
[tick=10700] [HOST_B] RX bit=0
[tick=10800] [HOST_A] TX bit=1
[tick=10800] [HOST_B] RX bit=1
[tick=10900] [HOST_A] TX bit=0
[tick=10900] [HOST_B] RX bit=True
[tick=11000] [HOST_A] TX bit=1
[tick=11000] [HOST_B] RX bit=1
[tick=11100] [HOST_A] TX bit=0
[tick=11100] [HOST_B] RX bit=0
[tick=11100] [HOST_B] RX complete frame=0111001111010010
[tick=11100] [HOST_B] rejected received frame and sends NACK for segment 3 (attempt 1, status=PE)
[tick=11200] [HOST_B] TX bit=0
[tick=11200] [HOST_A] RX bit=0
[tick=11300] [HOST_B] TX bit=1
[tick=11300] [HOST_A] RX bit=1
[tick=11400] [HOST_B] TX bit=0
[tick=11400] [HOST_A] RX bit=0
[tick=11500] [HOST_B] TX bit=1
[tick=11500] [HOST_A] RX bit=1
[tick=11600] [HOST_B] TX bit=0
[tick=11600] [HOST_A] RX bit=0
[tick=11700] [HOST_B] TX bit=1
[tick=11700] [HOST_A] RX bit=1
[tick=11800] [HOST_B] TX bit=0
[tick=11800] [HOST_A] RX bit=0
[tick=11900] [HOST_B] TX bit=0
[tick=11900] [HOST_A] RX bit=0
[tick=12000] [HOST_B] TX bit=0
[tick=12000] [HOST_A] RX bit=0
[tick=12100] [HOST_B] TX bit=0
[tick=12100] [HOST_A] RX bit=0
[tick=12200] [HOST_B] TX bit=0
[tick=12200] [HOST_A] RX bit=0
[tick=12300] [HOST_B] TX bit=0
[tick=12300] [HOST_A] RX bit=0
[tick=12400] [HOST_B] TX bit=1
[tick=12400] [HOST_A] RX bit=1
[tick=12500] [HOST_B] TX bit=0
[tick=12500] [HOST_A] RX bit=0
[tick=12600] [HOST_B] TX bit=1
[tick=12600] [HOST_A] RX bit=1
[tick=12700] [HOST_B] TX bit=0
[tick=12700] [HOST_A] RX bit=0
[tick=12700] [HOST_A] RX complete frame=0101000000101010
[tick=12700] [HOST_A] received NACK for segment 3; retransmitting
[tick=12800] [HOST_A] TX bit=0
[tick=12800] [HOST_B] RX bit=0
[tick=12900] [HOST_A] TX bit=1
[tick=12900] [HOST_B] RX bit=1
[tick=13000] [HOST_A] TX bit=0
[tick=13000] [HOST_B] RX bit=0
[tick=13100] [HOST_A] TX bit=0
[tick=13100] [HOST_B] RX bit=0
[tick=13200] [HOST_A] TX bit=1
[tick=13200] [HOST_B] RX bit=1
[tick=13300] [HOST_A] TX bit=0
[tick=13300] [HOST_B] RX bit=0
[tick=13400] [HOST_A] TX bit=1
[tick=13400] [HOST_B] RX bit=1
[tick=13500] [HOST_A] TX bit=1
[tick=13500] [HOST_B] RX bit=1
[tick=13600] [HOST_A] TX bit=0
[tick=13600] [HOST_B] RX bit=0
[tick=13700] [HOST_A] TX bit=1
[tick=13700] [HOST_B] RX bit=1
[tick=13800] [HOST_A] TX bit=0
[tick=13800] [HOST_B] RX bit=0
[tick=13900] [HOST_A] TX bit=0
[tick=13900] [HOST_B] RX bit=0
[tick=14000] [HOST_A] TX bit=1
[tick=14000] [HOST_B] RX bit=1
[tick=14100] [HOST_A] TX bit=0
[tick=14100] [HOST_B] RX bit=0
[tick=14200] [HOST_A] TX bit=1
[tick=14200] [HOST_B] RX bit=1
[tick=14300] [HOST_A] TX bit=0
[tick=14300] [HOST_B] RX bit=0
[tick=14300] [HOST_B] RX complete frame=0101001011010010
[tick=14300] [HOST_B] accepted segment 3 on attempt 2; sending ACK
[tick=14300] [HOST_B] last decoded frame for segment 3: '-'
[tick=14400] [HOST_B] TX bit=0
[tick=14400] [HOST_A] RX bit=0
[tick=14500] [HOST_B] TX bit=1
[tick=14500] [HOST_A] RX bit=False
[tick=14600] [HOST_B] TX bit=0
[tick=14600] [HOST_A] RX bit=True
[tick=14700] [HOST_B] TX bit=1
[tick=14700] [HOST_A] RX bit=1
[tick=14800] [HOST_B] TX bit=1
[tick=14800] [HOST_A] RX bit=1
[tick=14900] [HOST_B] TX bit=0
[tick=14900] [HOST_A] RX bit=0
[tick=15000] [HOST_B] TX bit=0
[tick=15000] [HOST_A] RX bit=0
[tick=15100] [HOST_B] TX bit=0
[tick=15100] [HOST_A] RX bit=True
[tick=15200] [HOST_B] TX bit=0
[tick=15200] [HOST_A] RX bit=0
[tick=15300] [HOST_B] TX bit=0
[tick=15300] [HOST_A] RX bit=0
[tick=15400] [HOST_B] TX bit=0
[tick=15400] [HOST_A] RX bit=0
[tick=15500] [HOST_B] TX bit=0
[tick=15500] [HOST_A] RX bit=0
[tick=15600] [HOST_B] TX bit=1
[tick=15600] [HOST_A] RX bit=1
[tick=15700] [HOST_B] TX bit=0
[tick=15700] [HOST_A] RX bit=0
[tick=15800] [HOST_B] TX bit=1
[tick=15800] [HOST_A] RX bit=1
[tick=15900] [HOST_B] TX bit=0
[tick=15900] [HOST_A] RX bit=0
[tick=15900] [HOST_A] RX complete frame=0101000010011100
[tick=15900] [HOST_A] received corrupt ACK/NACK (status=FE); retransmitting segment 3
[tick=16000] [HOST_A] TX bit=0
[tick=16000] [HOST_B] RX bit=0
[tick=16100] [HOST_A] TX bit=1
[tick=16100] [HOST_B] RX bit=1
[tick=16200] [HOST_A] TX bit=0
[tick=16200] [HOST_B] RX bit=0
[tick=16300] [HOST_A] TX bit=0
[tick=16300] [HOST_B] RX bit=0
[tick=16400] [HOST_A] TX bit=1
[tick=16400] [HOST_B] RX bit=1
[tick=16500] [HOST_A] TX bit=0
[tick=16500] [HOST_B] RX bit=0
[tick=16600] [HOST_A] TX bit=1
[tick=16600] [HOST_B] RX bit=1
[tick=16700] [HOST_A] TX bit=1
[tick=16700] [HOST_B] RX bit=1
[tick=16800] [HOST_A] TX bit=0
[tick=16800] [HOST_B] RX bit=0
[tick=16900] [HOST_A] TX bit=1
[tick=16900] [HOST_B] RX bit=1
[tick=17000] [HOST_A] TX bit=0
[tick=17000] [HOST_B] RX bit=0
[tick=17100] [HOST_A] TX bit=0
[tick=17100] [HOST_B] RX bit=0
[tick=17200] [HOST_A] TX bit=1
[tick=17200] [HOST_B] RX bit=1
[tick=17300] [HOST_A] TX bit=0
[tick=17300] [HOST_B] RX bit=0
[tick=17400] [HOST_A] TX bit=1
[tick=17400] [HOST_B] RX bit=1
[tick=17500] [HOST_A] TX bit=0
[tick=17500] [HOST_B] RX bit=0
[tick=17500] [HOST_B] RX complete frame=0101001011010010
[tick=17500] [HOST_B] accepted segment 3 on attempt 3; sending ACK
[tick=17600] [HOST_B] TX bit=0
[tick=17600] [HOST_A] RX bit=0
[tick=17700] [HOST_B] TX bit=1
[tick=17700] [HOST_A] RX bit=1
[tick=17800] [HOST_B] TX bit=0
[tick=17800] [HOST_A] RX bit=0
[tick=17900] [HOST_B] TX bit=1
[tick=17900] [HOST_A] RX bit=1
[tick=18000] [HOST_B] TX bit=1
[tick=18000] [HOST_A] RX bit=1
[tick=18100] [HOST_B] TX bit=0
[tick=18100] [HOST_A] RX bit=0
[tick=18200] [HOST_B] TX bit=0
[tick=18200] [HOST_A] RX bit=0
[tick=18300] [HOST_B] TX bit=0
[tick=18300] [HOST_A] RX bit=0
[tick=18400] [HOST_B] TX bit=0
[tick=18400] [HOST_A] RX bit=0
[tick=18500] [HOST_B] TX bit=0
[tick=18500] [HOST_A] RX bit=0
[tick=18600] [HOST_B] TX bit=0
[tick=18600] [HOST_A] RX bit=0
[tick=18700] [HOST_B] TX bit=0
[tick=18700] [HOST_A] RX bit=0
[tick=18800] [HOST_B] TX bit=1
[tick=18800] [HOST_A] RX bit=1
[tick=18900] [HOST_B] TX bit=0
[tick=18900] [HOST_A] RX bit=0
[tick=19000] [HOST_B] TX bit=1
[tick=19000] [HOST_A] RX bit=1
[tick=19100] [HOST_B] TX bit=0
[tick=19100] [HOST_A] RX bit=0
[tick=19100] [HOST_A] RX complete frame=0101000000011010
[tick=19100] [HOST_A] received ACK for segment 3
[tick=19200] [HOST_A] TX bit=0
[tick=19200] [HOST_B] RX bit=0
[tick=19300] [HOST_A] TX bit=1
[tick=19300] [HOST_B] RX bit=1
[tick=19400] [HOST_A] TX bit=0
[tick=19400] [HOST_B] RX bit=0
[tick=19500] [HOST_A] TX bit=0
[tick=19500] [HOST_B] RX bit=0
[tick=19600] [HOST_A] TX bit=1
[tick=19600] [HOST_B] RX bit=1
[tick=19700] [HOST_A] TX bit=0
[tick=19700] [HOST_B] RX bit=0
[tick=19800] [HOST_A] TX bit=0
[tick=19800] [HOST_B] RX bit=0
[tick=19900] [HOST_A] TX bit=0
[tick=19900] [HOST_B] RX bit=0
[tick=20000] [HOST_A] TX bit=0
[tick=20000] [HOST_B] RX bit=0
[tick=20100] [HOST_A] TX bit=0
[tick=20100] [HOST_B] RX bit=0
[tick=20200] [HOST_A] TX bit=1
[tick=20200] [HOST_B] RX bit=1
[tick=20300] [HOST_A] TX bit=0
[tick=20300] [HOST_B] RX bit=0
[tick=20400] [HOST_A] TX bit=1
[tick=20400] [HOST_B] RX bit=1
[tick=20500] [HOST_A] TX bit=0
[tick=20500] [HOST_B] RX bit=0
[tick=20600] [HOST_A] TX bit=1
[tick=20600] [HOST_B] RX bit=1
[tick=20700] [HOST_A] TX bit=0
[tick=20700] [HOST_B] RX bit=0
[tick=20700] [HOST_B] RX complete frame=0101010000010010
[tick=20700] [HOST_B] accepted segment 4 on attempt 1; sending ACK
[tick=20700] [HOST_B] last decoded frame for segment 4: 'A'
[tick=20800] [HOST_B] TX bit=0
[tick=20800] [HOST_A] RX bit=0
[tick=20900] [HOST_B] TX bit=1
[tick=20900] [HOST_A] RX bit=1
[tick=21000] [HOST_B] TX bit=0
[tick=21000] [HOST_A] RX bit=0
[tick=21100] [HOST_B] TX bit=1
[tick=21100] [HOST_A] RX bit=1
[tick=21200] [HOST_B] TX bit=1
[tick=21200] [HOST_A] RX bit=1
[tick=21300] [HOST_B] TX bit=0
[tick=21300] [HOST_A] RX bit=0
[tick=21400] [HOST_B] TX bit=0
[tick=21400] [HOST_A] RX bit=0
[tick=21500] [HOST_B] TX bit=0
[tick=21500] [HOST_A] RX bit=0
[tick=21600] [HOST_B] TX bit=0
[tick=21600] [HOST_A] RX bit=0
[tick=21700] [HOST_B] TX bit=0
[tick=21700] [HOST_A] RX bit=0
[tick=21800] [HOST_B] TX bit=0
[tick=21800] [HOST_A] RX bit=0
[tick=21900] [HOST_B] TX bit=0
[tick=21900] [HOST_A] RX bit=0
[tick=22000] [HOST_B] TX bit=1
[tick=22000] [HOST_A] RX bit=1
[tick=22100] [HOST_B] TX bit=0
[tick=22100] [HOST_A] RX bit=0
[tick=22200] [HOST_B] TX bit=1
[tick=22200] [HOST_A] RX bit=1
[tick=22300] [HOST_B] TX bit=0
[tick=22300] [HOST_A] RX bit=0
[tick=22300] [HOST_A] RX complete frame=0101000000011010
[tick=22300] [HOST_A] received ACK for segment 4
[tick=22400] [HOST_A] TX bit=0
[tick=22400] [HOST_B] RX bit=0
[tick=22500] [HOST_A] TX bit=1
[tick=22500] [HOST_B] RX bit=1
[tick=22600] [HOST_A] TX bit=0
[tick=22600] [HOST_B] RX bit=0
[tick=22700] [HOST_A] TX bit=1
[tick=22700] [HOST_B] RX bit=False
[tick=22800] [HOST_A] TX bit=0
[tick=22800] [HOST_B] RX bit=True
[tick=22900] [HOST_A] TX bit=1
[tick=22900] [HOST_B] RX bit=1
[tick=23000] [HOST_A] TX bit=1
[tick=23000] [HOST_B] RX bit=1
[tick=23100] [HOST_A] TX bit=1
[tick=23100] [HOST_B] RX bit=1
[tick=23200] [HOST_A] TX bit=0
[tick=23200] [HOST_B] RX bit=0
[tick=23300] [HOST_A] TX bit=1
[tick=23300] [HOST_B] RX bit=1
[tick=23400] [HOST_A] TX bit=1
[tick=23400] [HOST_B] RX bit=1
[tick=23500] [HOST_A] TX bit=0
[tick=23500] [HOST_B] RX bit=0
[tick=23600] [HOST_A] TX bit=1
[tick=23600] [HOST_B] RX bit=1
[tick=23700] [HOST_A] TX bit=0
[tick=23700] [HOST_B] RX bit=0
[tick=23800] [HOST_A] TX bit=1
[tick=23800] [HOST_B] RX bit=1
[tick=23900] [HOST_A] TX bit=0
[tick=23900] [HOST_B] RX bit=0
[tick=23900] [HOST_B] RX complete frame=0101011011110010
[tick=23900] [HOST_B] accepted segment 5 on attempt 1; sending ACK
[tick=23900] [HOST_B] last decoded frame for segment 5: 'o'
[tick=24000] [HOST_B] TX bit=0
[tick=24000] [HOST_A] RX bit=0
[tick=24100] [HOST_B] TX bit=1
[tick=24100] [HOST_A] RX bit=1
[tick=24200] [HOST_B] TX bit=0
[tick=24200] [HOST_A] RX bit=0
[tick=24300] [HOST_B] TX bit=1
[tick=24300] [HOST_A] RX bit=1
[tick=24400] [HOST_B] TX bit=1
[tick=24400] [HOST_A] RX bit=1
[tick=24500] [HOST_B] TX bit=0
[tick=24500] [HOST_A] RX bit=0
[tick=24600] [HOST_B] TX bit=0
[tick=24600] [HOST_A] RX bit=0
[tick=24700] [HOST_B] TX bit=0
[tick=24700] [HOST_A] RX bit=0
[tick=24800] [HOST_B] TX bit=0
[tick=24800] [HOST_A] RX bit=0
[tick=24900] [HOST_B] TX bit=0
[tick=24900] [HOST_A] RX bit=True
[tick=25000] [HOST_B] TX bit=0
[tick=25000] [HOST_A] RX bit=0
[tick=25100] [HOST_B] TX bit=0
[tick=25100] [HOST_A] RX bit=0
[tick=25200] [HOST_B] TX bit=1
[tick=25200] [HOST_A] RX bit=1
[tick=25300] [HOST_B] TX bit=0
[tick=25300] [HOST_A] RX bit=0
[tick=25400] [HOST_B] TX bit=1
[tick=25400] [HOST_A] RX bit=1
[tick=25500] [HOST_B] TX bit=0
[tick=25500] [HOST_A] RX bit=0
[tick=25500] [HOST_A] RX complete frame=0101001000011010
[tick=25500] [HOST_A] received corrupt ACK/NACK (status=PE); retransmitting segment 5
[tick=25600] [HOST_A] TX bit=0
[tick=25600] [HOST_B] RX bit=0
[tick=25700] [HOST_A] TX bit=1
[tick=25700] [HOST_B] RX bit=1
[tick=25800] [HOST_A] TX bit=0
[tick=25800] [HOST_B] RX bit=0
[tick=25900] [HOST_A] TX bit=1
[tick=25900] [HOST_B] RX bit=1
[tick=26000] [HOST_A] TX bit=0
[tick=26000] [HOST_B] RX bit=0
[tick=26100] [HOST_A] TX bit=1
[tick=26100] [HOST_B] RX bit=1
[tick=26200] [HOST_A] TX bit=1
[tick=26200] [HOST_B] RX bit=1
[tick=26300] [HOST_A] TX bit=1
[tick=26300] [HOST_B] RX bit=1
[tick=26400] [HOST_A] TX bit=0
[tick=26400] [HOST_B] RX bit=0
[tick=26500] [HOST_A] TX bit=1
[tick=26500] [HOST_B] RX bit=1
[tick=26600] [HOST_A] TX bit=1
[tick=26600] [HOST_B] RX bit=1
[tick=26700] [HOST_A] TX bit=0
[tick=26700] [HOST_B] RX bit=0
[tick=26800] [HOST_A] TX bit=1
[tick=26800] [HOST_B] RX bit=1
[tick=26900] [HOST_A] TX bit=0
[tick=26900] [HOST_B] RX bit=0
[tick=27000] [HOST_A] TX bit=1
[tick=27000] [HOST_B] RX bit=1
[tick=27100] [HOST_A] TX bit=0
[tick=27100] [HOST_B] RX bit=0
[tick=27100] [HOST_B] RX complete frame=0101011011101010
[tick=27100] [HOST_B] accepted segment 5 on attempt 2; sending ACK
[tick=27200] [HOST_B] TX bit=0
[tick=27200] [HOST_A] RX bit=0
[tick=27300] [HOST_B] TX bit=1
[tick=27300] [HOST_A] RX bit=1
[tick=27400] [HOST_B] TX bit=0
[tick=27400] [HOST_A] RX bit=0
[tick=27500] [HOST_B] TX bit=1
[tick=27500] [HOST_A] RX bit=1
[tick=27600] [HOST_B] TX bit=1
[tick=27600] [HOST_A] RX bit=1
[tick=27700] [HOST_B] TX bit=0
[tick=27700] [HOST_A] RX bit=0
[tick=27800] [HOST_B] TX bit=0
[tick=27800] [HOST_A] RX bit=0
[tick=27900] [HOST_B] TX bit=0
[tick=27900] [HOST_A] RX bit=0
[tick=28000] [HOST_B] TX bit=0
[tick=28000] [HOST_A] RX bit=0
[tick=28100] [HOST_B] TX bit=0
[tick=28100] [HOST_A] RX bit=0
[tick=28200] [HOST_B] TX bit=0
[tick=28200] [HOST_A] RX bit=0
[tick=28300] [HOST_B] TX bit=0
[tick=28300] [HOST_A] RX bit=0
[tick=28400] [HOST_B] TX bit=1
[tick=28400] [HOST_A] RX bit=1
[tick=28500] [HOST_B] TX bit=0
[tick=28500] [HOST_A] RX bit=0
[tick=28600] [HOST_B] TX bit=1
[tick=28600] [HOST_A] RX bit=1
[tick=28700] [HOST_B] TX bit=0
[tick=28700] [HOST_A] RX bit=0
[tick=28700] [HOST_A] RX complete frame=0101000000011010
[tick=28700] [HOST_A] received ACK for segment 5
[tick=28800] [HOST_A] TX bit=0
[tick=28800] [HOST_B] RX bit=0
[tick=28900] [HOST_A] TX bit=1
[tick=28900] [HOST_B] RX bit=1
[tick=29000] [HOST_A] TX bit=0
[tick=29000] [HOST_B] RX bit=0
[tick=29100] [HOST_A] TX bit=0
[tick=29100] [HOST_B] RX bit=0
[tick=29200] [HOST_A] TX bit=1
[tick=29200] [HOST_B] RX bit=1
[tick=29300] [HOST_A] TX bit=0
[tick=29300] [HOST_B] RX bit=0
[tick=29400] [HOST_A] TX bit=1
[tick=29400] [HOST_B] RX bit=1
[tick=29500] [HOST_A] TX bit=1
[tick=29500] [HOST_B] RX bit=1
[tick=29600] [HOST_A] TX bit=0
[tick=29600] [HOST_B] RX bit=0
[tick=29700] [HOST_A] TX bit=1
[tick=29700] [HOST_B] RX bit=1
[tick=29800] [HOST_A] TX bit=0
[tick=29800] [HOST_B] RX bit=0
[tick=29900] [HOST_A] TX bit=0
[tick=29900] [HOST_B] RX bit=0
[tick=30000] [HOST_A] TX bit=1
[tick=30000] [HOST_B] RX bit=1
[tick=30100] [HOST_A] TX bit=0
[tick=30100] [HOST_B] RX bit=0
[tick=30200] [HOST_A] TX bit=1
[tick=30200] [HOST_B] RX bit=1
[tick=30300] [HOST_A] TX bit=0
[tick=30300] [HOST_B] RX bit=0
[tick=30300] [HOST_B] RX complete frame=0101001011010010
[tick=30300] [HOST_B] accepted segment 6 on attempt 1; sending ACK
[tick=30300] [HOST_B] last decoded frame for segment 6: '-'
[tick=30400] [HOST_B] TX bit=0
[tick=30400] [HOST_A] RX bit=0
[tick=30500] [HOST_B] TX bit=1
[tick=30500] [HOST_A] RX bit=1
[tick=30600] [HOST_B] TX bit=0
[tick=30600] [HOST_A] RX bit=0
[tick=30700] [HOST_B] TX bit=1
[tick=30700] [HOST_A] RX bit=1
[tick=30800] [HOST_B] TX bit=1
[tick=30800] [HOST_A] RX bit=1
[tick=30900] [HOST_B] TX bit=0
[tick=30900] [HOST_A] RX bit=0
[tick=31000] [HOST_B] TX bit=0
[tick=31000] [HOST_A] RX bit=0
[tick=31100] [HOST_B] TX bit=0
[tick=31100] [HOST_A] RX bit=0
[tick=31200] [HOST_B] TX bit=0
[tick=31200] [HOST_A] RX bit=0
[tick=31300] [HOST_B] TX bit=0
[tick=31300] [HOST_A] RX bit=0
[tick=31400] [HOST_B] TX bit=0
[tick=31400] [HOST_A] RX bit=0
[tick=31500] [HOST_B] TX bit=0
[tick=31500] [HOST_A] RX bit=0
[tick=31600] [HOST_B] TX bit=1
[tick=31600] [HOST_A] RX bit=1
[tick=31700] [HOST_B] TX bit=0
[tick=31700] [HOST_A] RX bit=0
[tick=31800] [HOST_B] TX bit=1
[tick=31800] [HOST_A] RX bit=False
[tick=31900] [HOST_B] TX bit=0
[tick=31900] [HOST_A] RX bit=0
[tick=31900] [HOST_A] RX complete frame=0001000000011010
[tick=31900] [HOST_A] received corrupt ACK/NACK (status=FS); retransmitting segment 6
[tick=32000] [HOST_A] TX bit=0
[tick=32000] [HOST_B] RX bit=0
[tick=32100] [HOST_A] TX bit=1
[tick=32100] [HOST_B] RX bit=1
[tick=32200] [HOST_A] TX bit=0
[tick=32200] [HOST_B] RX bit=0
[tick=32300] [HOST_A] TX bit=0
[tick=32300] [HOST_B] RX bit=0
[tick=32400] [HOST_A] TX bit=1
[tick=32400] [HOST_B] RX bit=1
[tick=32500] [HOST_A] TX bit=0
[tick=32500] [HOST_B] RX bit=0
[tick=32600] [HOST_A] TX bit=1
[tick=32600] [HOST_B] RX bit=1
[tick=32700] [HOST_A] TX bit=1
[tick=32700] [HOST_B] RX bit=1
[tick=32800] [HOST_A] TX bit=0
[tick=32800] [HOST_B] RX bit=0
[tick=32900] [HOST_A] TX bit=1
[tick=32900] [HOST_B] RX bit=1
[tick=33000] [HOST_A] TX bit=0
[tick=33000] [HOST_B] RX bit=0
[tick=33100] [HOST_A] TX bit=0
[tick=33100] [HOST_B] RX bit=0
[tick=33200] [HOST_A] TX bit=1
[tick=33200] [HOST_B] RX bit=1
[tick=33300] [HOST_A] TX bit=0
[tick=33300] [HOST_B] RX bit=0
[tick=33400] [HOST_A] TX bit=1
[tick=33400] [HOST_B] RX bit=1
[tick=33500] [HOST_A] TX bit=0
[tick=33500] [HOST_B] RX bit=0
[tick=33500] [HOST_B] RX complete frame=0101001011010010
[tick=33500] [HOST_B] accepted segment 6 on attempt 2; sending ACK
[tick=33600] [HOST_B] TX bit=0
[tick=33600] [HOST_A] RX bit=0
[tick=33700] [HOST_B] TX bit=1
[tick=33700] [HOST_A] RX bit=1
[tick=33800] [HOST_B] TX bit=0
[tick=33800] [HOST_A] RX bit=0
[tick=33900] [HOST_B] TX bit=1
[tick=33900] [HOST_A] RX bit=1
[tick=34000] [HOST_B] TX bit=1
[tick=34000] [HOST_A] RX bit=1
[tick=34100] [HOST_B] TX bit=0
[tick=34100] [HOST_A] RX bit=0
[tick=34200] [HOST_B] TX bit=0
[tick=34200] [HOST_A] RX bit=0
[tick=34300] [HOST_B] TX bit=0
[tick=34300] [HOST_A] RX bit=0
[tick=34400] [HOST_B] TX bit=0
[tick=34400] [HOST_A] RX bit=0
[tick=34500] [HOST_B] TX bit=0
[tick=34500] [HOST_A] RX bit=0
[tick=34600] [HOST_B] TX bit=0
[tick=34600] [HOST_A] RX bit=0
[tick=34700] [HOST_B] TX bit=0
[tick=34700] [HOST_A] RX bit=0
[tick=34800] [HOST_B] TX bit=1
[tick=34800] [HOST_A] RX bit=1
[tick=34900] [HOST_B] TX bit=0
[tick=34900] [HOST_A] RX bit=0
[tick=35000] [HOST_B] TX bit=1
[tick=35000] [HOST_A] RX bit=1
[tick=35100] [HOST_B] TX bit=0
[tick=35100] [HOST_A] RX bit=0
[tick=35100] [HOST_A] RX complete frame=0101000000011010
[tick=35100] [HOST_A] received ACK for segment 6
[tick=35200] [HOST_A] TX bit=0
[tick=35200] [HOST_B] RX bit=0
[tick=35300] [HOST_A] TX bit=1
[tick=35300] [HOST_B] RX bit=1
[tick=35400] [HOST_A] TX bit=0
[tick=35400] [HOST_B] RX bit=0
[tick=35500] [HOST_A] TX bit=1
[tick=35500] [HOST_B] RX bit=1
[tick=35600] [HOST_A] TX bit=0
[tick=35600] [HOST_B] RX bit=0
[tick=35700] [HOST_A] TX bit=0
[tick=35700] [HOST_B] RX bit=0
[tick=35800] [HOST_A] TX bit=1
[tick=35800] [HOST_B] RX bit=1
[tick=35900] [HOST_A] TX bit=0
[tick=35900] [HOST_B] RX bit=0
[tick=36000] [HOST_A] TX bit=1
[tick=36000] [HOST_B] RX bit=1
[tick=36100] [HOST_A] TX bit=0
[tick=36100] [HOST_B] RX bit=0
[tick=36200] [HOST_A] TX bit=1
[tick=36200] [HOST_B] RX bit=1
[tick=36300] [HOST_A] TX bit=0
[tick=36300] [HOST_B] RX bit=0
[tick=36400] [HOST_A] TX bit=1
[tick=36400] [HOST_B] RX bit=1
[tick=36500] [HOST_A] TX bit=0
[tick=36500] [HOST_B] RX bit=0
[tick=36600] [HOST_A] TX bit=1
[tick=36600] [HOST_B] RX bit=1
[tick=36700] [HOST_A] TX bit=0
[tick=36700] [HOST_B] RX bit=0
[tick=36700] [HOST_B] RX complete frame=0101010101001010
[tick=36700] [HOST_B] accepted segment 7 on attempt 1; sending ACK
[tick=36700] [HOST_B] last decoded frame for segment 7: 'T'
[tick=36800] [HOST_B] TX bit=0
[tick=36800] [HOST_A] RX bit=0
[tick=36900] [HOST_B] TX bit=1
[tick=36900] [HOST_A] RX bit=1
[tick=37000] [HOST_B] TX bit=0
[tick=37000] [HOST_A] RX bit=0
[tick=37100] [HOST_B] TX bit=1
[tick=37100] [HOST_A] RX bit=1
[tick=37200] [HOST_B] TX bit=1
[tick=37200] [HOST_A] RX bit=1
[tick=37300] [HOST_B] TX bit=0
[tick=37300] [HOST_A] RX bit=0
[tick=37400] [HOST_B] TX bit=0
[tick=37400] [HOST_A] RX bit=0
[tick=37500] [HOST_B] TX bit=0
[tick=37500] [HOST_A] RX bit=True
[tick=37600] [HOST_B] TX bit=0
[tick=37600] [HOST_A] RX bit=0
[tick=37700] [HOST_B] TX bit=0
[tick=37700] [HOST_A] RX bit=0
[tick=37800] [HOST_B] TX bit=0
[tick=37800] [HOST_A] RX bit=0
[tick=37900] [HOST_B] TX bit=0
[tick=37900] [HOST_A] RX bit=0
[tick=38000] [HOST_B] TX bit=1
[tick=38000] [HOST_A] RX bit=False
[tick=38100] [HOST_B] TX bit=0
[tick=38100] [HOST_A] RX bit=0
[tick=38200] [HOST_B] TX bit=1
[tick=38200] [HOST_A] RX bit=1
[tick=38300] [HOST_B] TX bit=0
[tick=38300] [HOST_A] RX bit=True
[tick=38300] [HOST_A] RX complete frame=1100000010011010
[tick=38300] [HOST_A] received corrupt ACK/NACK (status=PE); retransmitting segment 7
[tick=38400] [HOST_A] TX bit=0
[tick=38400] [HOST_B] RX bit=0
[tick=38500] [HOST_A] TX bit=1
[tick=38500] [HOST_B] RX bit=1
[tick=38600] [HOST_A] TX bit=0
[tick=38600] [HOST_B] RX bit=0
[tick=38700] [HOST_A] TX bit=1
[tick=38700] [HOST_B] RX bit=1
[tick=38800] [HOST_A] TX bit=0
[tick=38800] [HOST_B] RX bit=0
[tick=38900] [HOST_A] TX bit=0
[tick=38900] [HOST_B] RX bit=0
[tick=39000] [HOST_A] TX bit=1
[tick=39000] [HOST_B] RX bit=1
[tick=39100] [HOST_A] TX bit=0
[tick=39100] [HOST_B] RX bit=0
[tick=39200] [HOST_A] TX bit=1
[tick=39200] [HOST_B] RX bit=1
[tick=39300] [HOST_A] TX bit=0
[tick=39300] [HOST_B] RX bit=0
[tick=39400] [HOST_A] TX bit=1
[tick=39400] [HOST_B] RX bit=1
[tick=39500] [HOST_A] TX bit=0
[tick=39500] [HOST_B] RX bit=0
[tick=39600] [HOST_A] TX bit=1
[tick=39600] [HOST_B] RX bit=1
[tick=39700] [HOST_A] TX bit=0
[tick=39700] [HOST_B] RX bit=0
[tick=39800] [HOST_A] TX bit=1
[tick=39800] [HOST_B] RX bit=1
[tick=39900] [HOST_A] TX bit=0
[tick=39900] [HOST_B] RX bit=0
[tick=39900] [HOST_B] RX complete frame=0101010101001010
[tick=39900] [HOST_B] accepted segment 7 on attempt 2; sending ACK
[tick=40000] [HOST_B] TX bit=0
[tick=40000] [HOST_A] RX bit=0
[tick=40100] [HOST_B] TX bit=1
[tick=40100] [HOST_A] RX bit=1
[tick=40200] [HOST_B] TX bit=0
[tick=40200] [HOST_A] RX bit=0
[tick=40300] [HOST_B] TX bit=1
[tick=40300] [HOST_A] RX bit=1
[tick=40400] [HOST_B] TX bit=1
[tick=40400] [HOST_A] RX bit=1
[tick=40500] [HOST_B] TX bit=0
[tick=40500] [HOST_A] RX bit=0
[tick=40600] [HOST_B] TX bit=0
[tick=40600] [HOST_A] RX bit=0
[tick=40700] [HOST_B] TX bit=0
[tick=40700] [HOST_A] RX bit=0
[tick=40800] [HOST_B] TX bit=0
[tick=40800] [HOST_A] RX bit=0
[tick=40900] [HOST_B] TX bit=0
[tick=40900] [HOST_A] RX bit=0
[tick=41000] [HOST_B] TX bit=0
[tick=41000] [HOST_A] RX bit=0
[tick=41100] [HOST_B] TX bit=0
[tick=41100] [HOST_A] RX bit=0
[tick=41200] [HOST_B] TX bit=1
[tick=41200] [HOST_A] RX bit=1
[tick=41300] [HOST_B] TX bit=0
[tick=41300] [HOST_A] RX bit=0
[tick=41400] [HOST_B] TX bit=1
[tick=41400] [HOST_A] RX bit=1
[tick=41500] [HOST_B] TX bit=0
[tick=41500] [HOST_A] RX bit=0
[tick=41500] [HOST_A] RX complete frame=0101000000011010
[tick=41500] [HOST_A] received ACK for segment 7
[tick=0] [HOST_A] TX bit=0
[tick=0] [HOST_B] RX bit=0
[tick=100] [HOST_A] TX bit=1
[tick=100] [HOST_B] RX bit=False
[tick=200] [HOST_A] TX bit=0
[tick=200] [HOST_B] RX bit=0
[tick=300] [HOST_A] TX bit=0
[tick=300] [HOST_B] RX bit=0
[tick=400] [HOST_A] TX bit=1
[tick=400] [HOST_B] RX bit=1
[tick=500] [HOST_A] TX bit=0
[tick=500] [HOST_B] RX bit=0
[tick=600] [HOST_A] TX bit=0
[tick=600] [HOST_B] RX bit=0
[tick=700] [HOST_A] TX bit=0
[tick=700] [HOST_B] RX bit=0
[tick=800] [HOST_A] TX bit=0
[tick=800] [HOST_B] RX bit=0
[tick=900] [HOST_A] TX bit=0
[tick=900] [HOST_B] RX bit=0
[tick=1000] [HOST_A] TX bit=1
[tick=1000] [HOST_B] RX bit=1
[tick=1100] [HOST_A] TX bit=0
[tick=1100] [HOST_B] RX bit=0
[tick=1200] [HOST_A] TX bit=1
[tick=1200] [HOST_B] RX bit=1
[tick=1300] [HOST_A] TX bit=0
[tick=1300] [HOST_B] RX bit=0
[tick=1400] [HOST_A] TX bit=1
[tick=1400] [HOST_B] RX bit=1
[tick=1500] [HOST_A] TX bit=0
[tick=1500] [HOST_B] RX bit=0
[tick=1500] [HOST_B] RX complete frame=0101010000010000
[tick=1500] [HOST_B] rejected received frame and sends NACK for segment 1 (attempt 1, status=FE)
[tick=1600] [HOST_B] TX bit=0
[tick=1600] [HOST_A] RX bit=0
[tick=1700] [HOST_B] TX bit=1
[tick=1700] [HOST_A] RX bit=1
[tick=1800] [HOST_B] TX bit=0
[tick=1800] [HOST_A] RX bit=0
[tick=1900] [HOST_B] TX bit=1
[tick=1900] [HOST_A] RX bit=1
[tick=2000] [HOST_B] TX bit=0
[tick=2000] [HOST_A] RX bit=0
[tick=2100] [HOST_B] TX bit=1
[tick=2100] [HOST_A] RX bit=1
[tick=2200] [HOST_B] TX bit=0
[tick=2200] [HOST_A] RX bit=0
[tick=2300] [HOST_B] TX bit=0
[tick=2300] [HOST_A] RX bit=0
[tick=2400] [HOST_B] TX bit=0
[tick=2400] [HOST_A] RX bit=0
[tick=2500] [HOST_B] TX bit=0
[tick=2500] [HOST_A] RX bit=0
[tick=2600] [HOST_B] TX bit=0
[tick=2600] [HOST_A] RX bit=0
[tick=2700] [HOST_B] TX bit=0
[tick=2700] [HOST_A] RX bit=0
[tick=2800] [HOST_B] TX bit=1
[tick=2800] [HOST_A] RX bit=1
[tick=2900] [HOST_B] TX bit=0
[tick=2900] [HOST_A] RX bit=0
[tick=3000] [HOST_B] TX bit=1
[tick=3000] [HOST_A] RX bit=1
[tick=3100] [HOST_B] TX bit=0
[tick=3100] [HOST_A] RX bit=0
[tick=3100] [HOST_A] RX complete frame=0101000000101010
[tick=3100] [HOST_A] received NACK for segment 1; retransmitting
[tick=3200] [HOST_A] TX bit=0
[tick=3200] [HOST_B] RX bit=0
[tick=3300] [HOST_A] TX bit=1
[tick=3300] [HOST_B] RX bit=1
[tick=3400] [HOST_A] TX bit=0
[tick=3400] [HOST_B] RX bit=True
[tick=3500] [HOST_A] TX bit=0
[tick=3500] [HOST_B] RX bit=True
[tick=3600] [HOST_A] TX bit=1
[tick=3600] [HOST_B] RX bit=1
[tick=3700] [HOST_A] TX bit=0
[tick=3700] [HOST_B] RX bit=0
[tick=3800] [HOST_A] TX bit=0
[tick=3800] [HOST_B] RX bit=0
[tick=3900] [HOST_A] TX bit=0
[tick=3900] [HOST_B] RX bit=0
[tick=4000] [HOST_A] TX bit=0
[tick=4000] [HOST_B] RX bit=0
[tick=4100] [HOST_A] TX bit=0
[tick=4100] [HOST_B] RX bit=0
[tick=4200] [HOST_A] TX bit=1
[tick=4200] [HOST_B] RX bit=1
[tick=4300] [HOST_A] TX bit=0
[tick=4300] [HOST_B] RX bit=0
[tick=4400] [HOST_A] TX bit=1
[tick=4400] [HOST_B] RX bit=1
[tick=4500] [HOST_A] TX bit=0
[tick=4500] [HOST_B] RX bit=0
[tick=4600] [HOST_A] TX bit=1
[tick=4600] [HOST_B] RX bit=1
[tick=4700] [HOST_A] TX bit=0
[tick=4700] [HOST_B] RX bit=0
[tick=4700] [HOST_B] RX complete frame=0101010000011110
[tick=4700] [HOST_B] rejected received frame and sends NACK for segment 1 (attempt 2, status=FE)
[tick=4800] [HOST_B] TX bit=0
[tick=4800] [HOST_A] RX bit=0
[tick=4900] [HOST_B] TX bit=1
[tick=4900] [HOST_A] RX bit=1
[tick=5000] [HOST_B] TX bit=0
[tick=5000] [HOST_A] RX bit=0
[tick=5100] [HOST_B] TX bit=1
[tick=5100] [HOST_A] RX bit=False
[tick=5200] [HOST_B] TX bit=0
[tick=5200] [HOST_A] RX bit=0
[tick=5300] [HOST_B] TX bit=1
[tick=5300] [HOST_A] RX bit=1
[tick=5400] [HOST_B] TX bit=0
[tick=5400] [HOST_A] RX bit=0
[tick=5500] [HOST_B] TX bit=0
[tick=5500] [HOST_A] RX bit=0
[tick=5600] [HOST_B] TX bit=0
[tick=5600] [HOST_A] RX bit=0
[tick=5700] [HOST_B] TX bit=0
[tick=5700] [HOST_A] RX bit=0
[tick=5800] [HOST_B] TX bit=0
[tick=5800] [HOST_A] RX bit=0
[tick=5900] [HOST_B] TX bit=0
[tick=5900] [HOST_A] RX bit=0
[tick=6000] [HOST_B] TX bit=1
[tick=6000] [HOST_A] RX bit=1
[tick=6100] [HOST_B] TX bit=0
[tick=6100] [HOST_A] RX bit=0
[tick=6200] [HOST_B] TX bit=1
[tick=6200] [HOST_A] RX bit=1
[tick=6300] [HOST_B] TX bit=0
[tick=6300] [HOST_A] RX bit=0
[tick=6300] [HOST_A] RX complete frame=0101000000100010
[tick=6300] [HOST_A] received corrupt ACK/NACK (status=PE); retransmitting segment 1
[tick=6400] [HOST_A] TX bit=0
[tick=6400] [HOST_B] RX bit=0
[tick=6500] [HOST_A] TX bit=1
[tick=6500] [HOST_B] RX bit=1
[tick=6600] [HOST_A] TX bit=0
[tick=6600] [HOST_B] RX bit=0
[tick=6700] [HOST_A] TX bit=0
[tick=6700] [HOST_B] RX bit=0
[tick=6800] [HOST_A] TX bit=1
[tick=6800] [HOST_B] RX bit=1
[tick=6900] [HOST_A] TX bit=0
[tick=6900] [HOST_B] RX bit=0
[tick=7000] [HOST_A] TX bit=0
[tick=7000] [HOST_B] RX bit=0
[tick=7100] [HOST_A] TX bit=0
[tick=7100] [HOST_B] RX bit=0
[tick=7200] [HOST_A] TX bit=0
[tick=7200] [HOST_B] RX bit=0
[tick=7300] [HOST_A] TX bit=0
[tick=7300] [HOST_B] RX bit=0
[tick=7400] [HOST_A] TX bit=1
[tick=7400] [HOST_B] RX bit=1
[tick=7500] [HOST_A] TX bit=0
[tick=7500] [HOST_B] RX bit=0
[tick=7600] [HOST_A] TX bit=1
[tick=7600] [HOST_B] RX bit=1
[tick=7700] [HOST_A] TX bit=0
[tick=7700] [HOST_B] RX bit=0
[tick=7800] [HOST_A] TX bit=1
[tick=7800] [HOST_B] RX bit=1
[tick=7900] [HOST_A] TX bit=0
[tick=7900] [HOST_B] RX bit=0
[tick=7900] [HOST_B] RX complete frame=0101010000010010
[tick=7900] [HOST_B] accepted segment 1 on attempt 3; sending ACK
[tick=7900] [HOST_B] last decoded frame for segment 1: 'A'
[tick=8000] [HOST_B] TX bit=0
[tick=8000] [HOST_A] RX bit=0
[tick=8100] [HOST_B] TX bit=1
[tick=8100] [HOST_A] RX bit=1
[tick=8200] [HOST_B] TX bit=0
[tick=8200] [HOST_A] RX bit=0
[tick=8300] [HOST_B] TX bit=1
[tick=8300] [HOST_A] RX bit=1
[tick=8400] [HOST_B] TX bit=1
[tick=8400] [HOST_A] RX bit=1
[tick=8500] [HOST_B] TX bit=0
[tick=8500] [HOST_A] RX bit=0
[tick=8600] [HOST_B] TX bit=0
[tick=8600] [HOST_A] RX bit=0
[tick=8700] [HOST_B] TX bit=0
[tick=8700] [HOST_A] RX bit=0
[tick=8800] [HOST_B] TX bit=0
[tick=8800] [HOST_A] RX bit=0
[tick=8900] [HOST_B] TX bit=0
[tick=8900] [HOST_A] RX bit=0
[tick=9000] [HOST_B] TX bit=0
[tick=9000] [HOST_A] RX bit=0
[tick=9100] [HOST_B] TX bit=0
[tick=9100] [HOST_A] RX bit=0
[tick=9200] [HOST_B] TX bit=1
[tick=9200] [HOST_A] RX bit=1
[tick=9300] [HOST_B] TX bit=0
[tick=9300] [HOST_A] RX bit=0
[tick=9400] [HOST_B] TX bit=1
[tick=9400] [HOST_A] RX bit=1
[tick=9500] [HOST_B] TX bit=0
[tick=9500] [HOST_A] RX bit=0
[tick=9500] [HOST_A] RX complete frame=0101000000011010
[tick=9500] [HOST_A] received ACK for segment 1
[tick=9600] [HOST_A] TX bit=0
[tick=9600] [HOST_B] RX bit=0
[tick=9700] [HOST_A] TX bit=1
[tick=9700] [HOST_B] RX bit=1
[tick=9800] [HOST_A] TX bit=0
[tick=9800] [HOST_B] RX bit=0
[tick=9900] [HOST_A] TX bit=1
[tick=9900] [HOST_B] RX bit=1
[tick=10000] [HOST_A] TX bit=0
[tick=10000] [HOST_B] RX bit=0
[tick=10100] [HOST_A] TX bit=1
[tick=10100] [HOST_B] RX bit=1
[tick=10200] [HOST_A] TX bit=1
[tick=10200] [HOST_B] RX bit=1
[tick=10300] [HOST_A] TX bit=1
[tick=10300] [HOST_B] RX bit=1
[tick=10400] [HOST_A] TX bit=0
[tick=10400] [HOST_B] RX bit=0
[tick=10500] [HOST_A] TX bit=1
[tick=10500] [HOST_B] RX bit=1
[tick=10600] [HOST_A] TX bit=1
[tick=10600] [HOST_B] RX bit=1
[tick=10700] [HOST_A] TX bit=0
[tick=10700] [HOST_B] RX bit=0
[tick=10800] [HOST_A] TX bit=1
[tick=10800] [HOST_B] RX bit=1
[tick=10900] [HOST_A] TX bit=0
[tick=10900] [HOST_B] RX bit=0
[tick=11000] [HOST_A] TX bit=1
[tick=11000] [HOST_B] RX bit=1
[tick=11100] [HOST_A] TX bit=0
[tick=11100] [HOST_B] RX bit=0
[tick=11100] [HOST_B] RX complete frame=0101011011101010
[tick=11100] [HOST_B] accepted segment 2 on attempt 1; sending ACK
[tick=11100] [HOST_B] last decoded frame for segment 2: 'n'
[tick=11200] [HOST_B] TX bit=0
[tick=11200] [HOST_A] RX bit=0
[tick=11300] [HOST_B] TX bit=1
[tick=11300] [HOST_A] RX bit=1
[tick=11400] [HOST_B] TX bit=0
[tick=11400] [HOST_A] RX bit=0
[tick=11500] [HOST_B] TX bit=1
[tick=11500] [HOST_A] RX bit=1
[tick=11600] [HOST_B] TX bit=1
[tick=11600] [HOST_A] RX bit=1
[tick=11700] [HOST_B] TX bit=0
[tick=11700] [HOST_A] RX bit=0
[tick=11800] [HOST_B] TX bit=0
[tick=11800] [HOST_A] RX bit=0
[tick=11900] [HOST_B] TX bit=0
[tick=11900] [HOST_A] RX bit=0
[tick=12000] [HOST_B] TX bit=0
[tick=12000] [HOST_A] RX bit=0
[tick=12100] [HOST_B] TX bit=0
[tick=12100] [HOST_A] RX bit=0
[tick=12200] [HOST_B] TX bit=0
[tick=12200] [HOST_A] RX bit=0
[tick=12300] [HOST_B] TX bit=0
[tick=12300] [HOST_A] RX bit=0
[tick=12400] [HOST_B] TX bit=1
[tick=12400] [HOST_A] RX bit=1
[tick=12500] [HOST_B] TX bit=0
[tick=12500] [HOST_A] RX bit=0
[tick=12600] [HOST_B] TX bit=1
[tick=12600] [HOST_A] RX bit=1
[tick=12700] [HOST_B] TX bit=0
[tick=12700] [HOST_A] RX bit=0
[tick=12700] [HOST_A] RX complete frame=0101000000011010
[tick=12700] [HOST_A] received ACK for segment 2
[tick=12800] [HOST_A] TX bit=0
[tick=12800] [HOST_B] RX bit=0
[tick=12900] [HOST_A] TX bit=1
[tick=12900] [HOST_B] RX bit=1
[tick=13000] [HOST_A] TX bit=0
[tick=13000] [HOST_B] RX bit=0
[tick=13100] [HOST_A] TX bit=0
[tick=13100] [HOST_B] RX bit=0
[tick=13200] [HOST_A] TX bit=1
[tick=13200] [HOST_B] RX bit=1
[tick=13300] [HOST_A] TX bit=0
[tick=13300] [HOST_B] RX bit=0
[tick=13400] [HOST_A] TX bit=1
[tick=13400] [HOST_B] RX bit=1
[tick=13500] [HOST_A] TX bit=1
[tick=13500] [HOST_B] RX bit=1
[tick=13600] [HOST_A] TX bit=0
[tick=13600] [HOST_B] RX bit=0
[tick=13700] [HOST_A] TX bit=1
[tick=13700] [HOST_B] RX bit=1
[tick=13800] [HOST_A] TX bit=0
[tick=13800] [HOST_B] RX bit=0
[tick=13900] [HOST_A] TX bit=0
[tick=13900] [HOST_B] RX bit=0
[tick=14000] [HOST_A] TX bit=1
[tick=14000] [HOST_B] RX bit=1
[tick=14100] [HOST_A] TX bit=0
[tick=14100] [HOST_B] RX bit=0
[tick=14200] [HOST_A] TX bit=1
[tick=14200] [HOST_B] RX bit=1
[tick=14300] [HOST_A] TX bit=0
[tick=14300] [HOST_B] RX bit=0
[tick=14300] [HOST_B] RX complete frame=0101001011010010
[tick=14300] [HOST_B] accepted segment 3 on attempt 1; sending ACK
[tick=14300] [HOST_B] last decoded frame for segment 3: '-'
[tick=14400] [HOST_B] TX bit=0
[tick=14400] [HOST_A] RX bit=0
[tick=14500] [HOST_B] TX bit=1
[tick=14500] [HOST_A] RX bit=1
[tick=14600] [HOST_B] TX bit=0
[tick=14600] [HOST_A] RX bit=0
[tick=14700] [HOST_B] TX bit=1
[tick=14700] [HOST_A] RX bit=1
[tick=14800] [HOST_B] TX bit=1
[tick=14800] [HOST_A] RX bit=1
[tick=14900] [HOST_B] TX bit=0
[tick=14900] [HOST_A] RX bit=0
[tick=15000] [HOST_B] TX bit=0
[tick=15000] [HOST_A] RX bit=True
[tick=15100] [HOST_B] TX bit=0
[tick=15100] [HOST_A] RX bit=True
[tick=15200] [HOST_B] TX bit=0
[tick=15200] [HOST_A] RX bit=0
[tick=15300] [HOST_B] TX bit=0
[tick=15300] [HOST_A] RX bit=0
[tick=15400] [HOST_B] TX bit=0
[tick=15400] [HOST_A] RX bit=0
[tick=15500] [HOST_B] TX bit=0
[tick=15500] [HOST_A] RX bit=0
[tick=15600] [HOST_B] TX bit=1
[tick=15600] [HOST_A] RX bit=1
[tick=15700] [HOST_B] TX bit=0
[tick=15700] [HOST_A] RX bit=0
[tick=15800] [HOST_B] TX bit=1
[tick=15800] [HOST_A] RX bit=1
[tick=15900] [HOST_B] TX bit=0
[tick=15900] [HOST_A] RX bit=0
[tick=15900] [HOST_A] RX complete frame=0101000011011010
[tick=15900] [HOST_A] received unknown feedback 13; retransmitting segment 3
[tick=16000] [HOST_A] TX bit=0
[tick=16000] [HOST_B] RX bit=0
[tick=16100] [HOST_A] TX bit=1
[tick=16100] [HOST_B] RX bit=1
[tick=16200] [HOST_A] TX bit=0
[tick=16200] [HOST_B] RX bit=0
[tick=16300] [HOST_A] TX bit=0
[tick=16300] [HOST_B] RX bit=0
[tick=16400] [HOST_A] TX bit=1
[tick=16400] [HOST_B] RX bit=1
[tick=16500] [HOST_A] TX bit=0
[tick=16500] [HOST_B] RX bit=0
[tick=16600] [HOST_A] TX bit=1
[tick=16600] [HOST_B] RX bit=1
[tick=16700] [HOST_A] TX bit=1
[tick=16700] [HOST_B] RX bit=1
[tick=16800] [HOST_A] TX bit=0
[tick=16800] [HOST_B] RX bit=0
[tick=16900] [HOST_A] TX bit=1
[tick=16900] [HOST_B] RX bit=False
[tick=17000] [HOST_A] TX bit=0
[tick=17000] [HOST_B] RX bit=0
[tick=17100] [HOST_A] TX bit=0
[tick=17100] [HOST_B] RX bit=0
[tick=17200] [HOST_A] TX bit=1
[tick=17200] [HOST_B] RX bit=1
[tick=17300] [HOST_A] TX bit=0
[tick=17300] [HOST_B] RX bit=0
[tick=17400] [HOST_A] TX bit=1
[tick=17400] [HOST_B] RX bit=1
[tick=17500] [HOST_A] TX bit=0
[tick=17500] [HOST_B] RX bit=0
[tick=17500] [HOST_B] RX complete frame=0101000011010010
[tick=17500] [HOST_B] rejected received frame and sends NACK for segment 3 (attempt 2, status=PE)
[tick=17600] [HOST_B] TX bit=0
[tick=17600] [HOST_A] RX bit=0
[tick=17700] [HOST_B] TX bit=1
[tick=17700] [HOST_A] RX bit=1
[tick=17800] [HOST_B] TX bit=0
[tick=17800] [HOST_A] RX bit=0
[tick=17900] [HOST_B] TX bit=1
[tick=17900] [HOST_A] RX bit=1
[tick=18000] [HOST_B] TX bit=0
[tick=18000] [HOST_A] RX bit=0
[tick=18100] [HOST_B] TX bit=1
[tick=18100] [HOST_A] RX bit=1
[tick=18200] [HOST_B] TX bit=0
[tick=18200] [HOST_A] RX bit=0
[tick=18300] [HOST_B] TX bit=0
[tick=18300] [HOST_A] RX bit=0
[tick=18400] [HOST_B] TX bit=0
[tick=18400] [HOST_A] RX bit=0
[tick=18500] [HOST_B] TX bit=0
[tick=18500] [HOST_A] RX bit=0
[tick=18600] [HOST_B] TX bit=0
[tick=18600] [HOST_A] RX bit=0
[tick=18700] [HOST_B] TX bit=0
[tick=18700] [HOST_A] RX bit=0
[tick=18800] [HOST_B] TX bit=1
[tick=18800] [HOST_A] RX bit=1
[tick=18900] [HOST_B] TX bit=0
[tick=18900] [HOST_A] RX bit=0
[tick=19000] [HOST_B] TX bit=1
[tick=19000] [HOST_A] RX bit=1
[tick=19100] [HOST_B] TX bit=0
[tick=19100] [HOST_A] RX bit=0
[tick=19100] [HOST_A] RX complete frame=0101000000101010
[tick=19100] [HOST_A] received NACK for segment 3; retransmitting
[tick=19200] [HOST_A] TX bit=0
[tick=19200] [HOST_B] RX bit=0
[tick=19300] [HOST_A] TX bit=1
[tick=19300] [HOST_B] RX bit=1
[tick=19400] [HOST_A] TX bit=0
[tick=19400] [HOST_B] RX bit=0
[tick=19500] [HOST_A] TX bit=0
[tick=19500] [HOST_B] RX bit=0
[tick=19600] [HOST_A] TX bit=1
[tick=19600] [HOST_B] RX bit=1
[tick=19700] [HOST_A] TX bit=0
[tick=19700] [HOST_B] RX bit=True
[tick=19800] [HOST_A] TX bit=1
[tick=19800] [HOST_B] RX bit=1
[tick=19900] [HOST_A] TX bit=1
[tick=19900] [HOST_B] RX bit=1
[tick=20000] [HOST_A] TX bit=0
[tick=20000] [HOST_B] RX bit=0
[tick=20100] [HOST_A] TX bit=1
[tick=20100] [HOST_B] RX bit=1
[tick=20200] [HOST_A] TX bit=0
[tick=20200] [HOST_B] RX bit=0
[tick=20300] [HOST_A] TX bit=0
[tick=20300] [HOST_B] RX bit=0
[tick=20400] [HOST_A] TX bit=1
[tick=20400] [HOST_B] RX bit=1
[tick=20500] [HOST_A] TX bit=0
[tick=20500] [HOST_B] RX bit=0
[tick=20600] [HOST_A] TX bit=1
[tick=20600] [HOST_B] RX bit=1
[tick=20700] [HOST_A] TX bit=0
[tick=20700] [HOST_B] RX bit=0
[tick=20700] [HOST_B] RX complete frame=0101001011110010
[tick=20700] [HOST_B] rejected received frame and sends NACK for segment 3 (attempt 3, status=PE)
[tick=20800] [HOST_B] TX bit=0
[tick=20800] [HOST_A] RX bit=0
[tick=20900] [HOST_B] TX bit=1
[tick=20900] [HOST_A] RX bit=1
[tick=21000] [HOST_B] TX bit=0
[tick=21000] [HOST_A] RX bit=0
[tick=21100] [HOST_B] TX bit=1
[tick=21100] [HOST_A] RX bit=1
[tick=21200] [HOST_B] TX bit=0
[tick=21200] [HOST_A] RX bit=0
[tick=21300] [HOST_B] TX bit=1
[tick=21300] [HOST_A] RX bit=1
[tick=21400] [HOST_B] TX bit=0
[tick=21400] [HOST_A] RX bit=True
[tick=21500] [HOST_B] TX bit=0
[tick=21500] [HOST_A] RX bit=0
[tick=21600] [HOST_B] TX bit=0
[tick=21600] [HOST_A] RX bit=0
[tick=21700] [HOST_B] TX bit=0
[tick=21700] [HOST_A] RX bit=0
[tick=21800] [HOST_B] TX bit=0
[tick=21800] [HOST_A] RX bit=0
[tick=21900] [HOST_B] TX bit=0
[tick=21900] [HOST_A] RX bit=0
[tick=22000] [HOST_B] TX bit=1
[tick=22000] [HOST_A] RX bit=1
[tick=22100] [HOST_B] TX bit=0
[tick=22100] [HOST_A] RX bit=0
[tick=22200] [HOST_B] TX bit=1
[tick=22200] [HOST_A] RX bit=1
[tick=22300] [HOST_B] TX bit=0
[tick=22300] [HOST_A] RX bit=0
[tick=22300] [HOST_A] RX complete frame=0101000001101010
[tick=22300] [HOST_A] received corrupt ACK/NACK (status=PE); retransmitting segment 3
[tick=22400] [HOST_A] TX bit=0
[tick=22400] [HOST_B] RX bit=0
[tick=22500] [HOST_A] TX bit=1
[tick=22500] [HOST_B] RX bit=1
[tick=22600] [HOST_A] TX bit=0
[tick=22600] [HOST_B] RX bit=0
[tick=22700] [HOST_A] TX bit=0
[tick=22700] [HOST_B] RX bit=0
[tick=22800] [HOST_A] TX bit=1
[tick=22800] [HOST_B] RX bit=1
[tick=22900] [HOST_A] TX bit=0
[tick=22900] [HOST_B] RX bit=0
[tick=23000] [HOST_A] TX bit=1
[tick=23000] [HOST_B] RX bit=1
[tick=23100] [HOST_A] TX bit=1
[tick=23100] [HOST_B] RX bit=1
[tick=23200] [HOST_A] TX bit=0
[tick=23200] [HOST_B] RX bit=0
[tick=23300] [HOST_A] TX bit=1
[tick=23300] [HOST_B] RX bit=1
[tick=23400] [HOST_A] TX bit=0
[tick=23400] [HOST_B] RX bit=0
[tick=23500] [HOST_A] TX bit=0
[tick=23500] [HOST_B] RX bit=0
[tick=23600] [HOST_A] TX bit=1
[tick=23600] [HOST_B] RX bit=1
[tick=23700] [HOST_A] TX bit=0
[tick=23700] [HOST_B] RX bit=0
[tick=23800] [HOST_A] TX bit=1
[tick=23800] [HOST_B] RX bit=1
[tick=23900] [HOST_A] TX bit=0
[tick=23900] [HOST_B] RX bit=0
[tick=23900] [HOST_B] RX complete frame=0101001011010010
[tick=23900] [HOST_B] accepted segment 3 on attempt 4; sending ACK
[tick=24000] [HOST_B] TX bit=0
[tick=24000] [HOST_A] RX bit=0
[tick=24100] [HOST_B] TX bit=1
[tick=24100] [HOST_A] RX bit=1
[tick=24200] [HOST_B] TX bit=0
[tick=24200] [HOST_A] RX bit=0
[tick=24300] [HOST_B] TX bit=1
[tick=24300] [HOST_A] RX bit=1
[tick=24400] [HOST_B] TX bit=1
[tick=24400] [HOST_A] RX bit=1
[tick=24500] [HOST_B] TX bit=0
[tick=24500] [HOST_A] RX bit=0
[tick=24600] [HOST_B] TX bit=0
[tick=24600] [HOST_A] RX bit=0
[tick=24700] [HOST_B] TX bit=0
[tick=24700] [HOST_A] RX bit=0
[tick=24800] [HOST_B] TX bit=0
[tick=24800] [HOST_A] RX bit=0
[tick=24900] [HOST_B] TX bit=0
[tick=24900] [HOST_A] RX bit=0
[tick=25000] [HOST_B] TX bit=0
[tick=25000] [HOST_A] RX bit=0
[tick=25100] [HOST_B] TX bit=0
[tick=25100] [HOST_A] RX bit=0
[tick=25200] [HOST_B] TX bit=1
[tick=25200] [HOST_A] RX bit=1
[tick=25300] [HOST_B] TX bit=0
[tick=25300] [HOST_A] RX bit=0
[tick=25400] [HOST_B] TX bit=1
[tick=25400] [HOST_A] RX bit=1
[tick=25500] [HOST_B] TX bit=0
[tick=25500] [HOST_A] RX bit=0
[tick=25500] [HOST_A] RX complete frame=0101000000011010
[tick=25500] [HOST_A] received ACK for segment 3
[tick=25600] [HOST_A] TX bit=0
[tick=25600] [HOST_B] RX bit=0
[tick=25700] [HOST_A] TX bit=1
[tick=25700] [HOST_B] RX bit=1
[tick=25800] [HOST_A] TX bit=0
[tick=25800] [HOST_B] RX bit=0
[tick=25900] [HOST_A] TX bit=0
[tick=25900] [HOST_B] RX bit=0
[tick=26000] [HOST_A] TX bit=1
[tick=26000] [HOST_B] RX bit=1
[tick=26100] [HOST_A] TX bit=0
[tick=26100] [HOST_B] RX bit=0
[tick=26200] [HOST_A] TX bit=0
[tick=26200] [HOST_B] RX bit=0
[tick=26300] [HOST_A] TX bit=0
[tick=26300] [HOST_B] RX bit=0
[tick=26400] [HOST_A] TX bit=0
[tick=26400] [HOST_B] RX bit=0
[tick=26500] [HOST_A] TX bit=0
[tick=26500] [HOST_B] RX bit=0
[tick=26600] [HOST_A] TX bit=1
[tick=26600] [HOST_B] RX bit=1
[tick=26700] [HOST_A] TX bit=0
[tick=26700] [HOST_B] RX bit=0
[tick=26800] [HOST_A] TX bit=1
[tick=26800] [HOST_B] RX bit=False
[tick=26900] [HOST_A] TX bit=0
[tick=26900] [HOST_B] RX bit=0
[tick=27000] [HOST_A] TX bit=1
[tick=27000] [HOST_B] RX bit=1
[tick=27100] [HOST_A] TX bit=0
[tick=27100] [HOST_B] RX bit=0
[tick=27100] [HOST_B] RX complete frame=0100010000010010
[tick=27100] [HOST_B] rejected received frame and sends NACK for segment 4 (attempt 1, status=FS)
[tick=27200] [HOST_B] TX bit=0
[tick=27200] [HOST_A] RX bit=0
[tick=27300] [HOST_B] TX bit=1
[tick=27300] [HOST_A] RX bit=1
[tick=27400] [HOST_B] TX bit=0
[tick=27400] [HOST_A] RX bit=0
[tick=27500] [HOST_B] TX bit=1
[tick=27500] [HOST_A] RX bit=1
[tick=27600] [HOST_B] TX bit=0
[tick=27600] [HOST_A] RX bit=0
[tick=27700] [HOST_B] TX bit=1
[tick=27700] [HOST_A] RX bit=1
[tick=27800] [HOST_B] TX bit=0
[tick=27800] [HOST_A] RX bit=0
[tick=27900] [HOST_B] TX bit=0
[tick=27900] [HOST_A] RX bit=0
[tick=28000] [HOST_B] TX bit=0
[tick=28000] [HOST_A] RX bit=0
[tick=28100] [HOST_B] TX bit=0
[tick=28100] [HOST_A] RX bit=0
[tick=28200] [HOST_B] TX bit=0
[tick=28200] [HOST_A] RX bit=0
[tick=28300] [HOST_B] TX bit=0
[tick=28300] [HOST_A] RX bit=0
[tick=28400] [HOST_B] TX bit=1
[tick=28400] [HOST_A] RX bit=1
[tick=28500] [HOST_B] TX bit=0
[tick=28500] [HOST_A] RX bit=0
[tick=28600] [HOST_B] TX bit=1
[tick=28600] [HOST_A] RX bit=1
[tick=28700] [HOST_B] TX bit=0
[tick=28700] [HOST_A] RX bit=0
[tick=28700] [HOST_A] RX complete frame=0101000000101010
[tick=28700] [HOST_A] received NACK for segment 4; retransmitting
[tick=28800] [HOST_A] TX bit=0
[tick=28800] [HOST_B] RX bit=0
[tick=28900] [HOST_A] TX bit=1
[tick=28900] [HOST_B] RX bit=1
[tick=29000] [HOST_A] TX bit=0
[tick=29000] [HOST_B] RX bit=0
[tick=29100] [HOST_A] TX bit=0
[tick=29100] [HOST_B] RX bit=0
[tick=29200] [HOST_A] TX bit=1
[tick=29200] [HOST_B] RX bit=1
[tick=29300] [HOST_A] TX bit=0
[tick=29300] [HOST_B] RX bit=True
[tick=29400] [HOST_A] TX bit=0
[tick=29400] [HOST_B] RX bit=0
[tick=29500] [HOST_A] TX bit=0
[tick=29500] [HOST_B] RX bit=0
[tick=29600] [HOST_A] TX bit=0
[tick=29600] [HOST_B] RX bit=0
[tick=29700] [HOST_A] TX bit=0
[tick=29700] [HOST_B] RX bit=0
[tick=29800] [HOST_A] TX bit=1
[tick=29800] [HOST_B] RX bit=1
[tick=29900] [HOST_A] TX bit=0
[tick=29900] [HOST_B] RX bit=0
[tick=30000] [HOST_A] TX bit=1
[tick=30000] [HOST_B] RX bit=1
[tick=30100] [HOST_A] TX bit=0
[tick=30100] [HOST_B] RX bit=0
[tick=30200] [HOST_A] TX bit=1
[tick=30200] [HOST_B] RX bit=1
[tick=30300] [HOST_A] TX bit=0
[tick=30300] [HOST_B] RX bit=0
[tick=30300] [HOST_B] RX complete frame=0101010000110010
[tick=30300] [HOST_B] rejected received frame and sends NACK for segment 4 (attempt 2, status=PE)
[tick=30400] [HOST_B] TX bit=0
[tick=30400] [HOST_A] RX bit=0
[tick=30500] [HOST_B] TX bit=1
[tick=30500] [HOST_A] RX bit=1
[tick=30600] [HOST_B] TX bit=0
[tick=30600] [HOST_A] RX bit=0
[tick=30700] [HOST_B] TX bit=1
[tick=30700] [HOST_A] RX bit=1
[tick=30800] [HOST_B] TX bit=0
[tick=30800] [HOST_A] RX bit=0
[tick=30900] [HOST_B] TX bit=1
[tick=30900] [HOST_A] RX bit=False
[tick=31000] [HOST_B] TX bit=0
[tick=31000] [HOST_A] RX bit=0
[tick=31100] [HOST_B] TX bit=0
[tick=31100] [HOST_A] RX bit=0
[tick=31200] [HOST_B] TX bit=0
[tick=31200] [HOST_A] RX bit=0
[tick=31300] [HOST_B] TX bit=0
[tick=31300] [HOST_A] RX bit=0
[tick=31400] [HOST_B] TX bit=0
[tick=31400] [HOST_A] RX bit=0
[tick=31500] [HOST_B] TX bit=0
[tick=31500] [HOST_A] RX bit=0
[tick=31600] [HOST_B] TX bit=1
[tick=31600] [HOST_A] RX bit=1
[tick=31700] [HOST_B] TX bit=0
[tick=31700] [HOST_A] RX bit=0
[tick=31800] [HOST_B] TX bit=1
[tick=31800] [HOST_A] RX bit=1
[tick=31900] [HOST_B] TX bit=0
[tick=31900] [HOST_A] RX bit=0
[tick=31900] [HOST_A] RX complete frame=0101000000001010
[tick=31900] [HOST_A] received corrupt ACK/NACK (status=PE); retransmitting segment 4
[tick=32000] [HOST_A] TX bit=0
[tick=32000] [HOST_B] RX bit=0
[tick=32100] [HOST_A] TX bit=1
[tick=32100] [HOST_B] RX bit=1
[tick=32200] [HOST_A] TX bit=0
[tick=32200] [HOST_B] RX bit=0
[tick=32300] [HOST_A] TX bit=0
[tick=32300] [HOST_B] RX bit=0
[tick=32400] [HOST_A] TX bit=1
[tick=32400] [HOST_B] RX bit=1
[tick=32500] [HOST_A] TX bit=0
[tick=32500] [HOST_B] RX bit=0
[tick=32600] [HOST_A] TX bit=0
[tick=32600] [HOST_B] RX bit=0
[tick=32700] [HOST_A] TX bit=0
[tick=32700] [HOST_B] RX bit=0
[tick=32800] [HOST_A] TX bit=0
[tick=32800] [HOST_B] RX bit=0
[tick=32900] [HOST_A] TX bit=0
[tick=32900] [HOST_B] RX bit=0
[tick=33000] [HOST_A] TX bit=1
[tick=33000] [HOST_B] RX bit=1
[tick=33100] [HOST_A] TX bit=0
[tick=33100] [HOST_B] RX bit=0
[tick=33200] [HOST_A] TX bit=1
[tick=33200] [HOST_B] RX bit=1
[tick=33300] [HOST_A] TX bit=0
[tick=33300] [HOST_B] RX bit=0
[tick=33400] [HOST_A] TX bit=1
[tick=33400] [HOST_B] RX bit=1
[tick=33500] [HOST_A] TX bit=0
[tick=33500] [HOST_B] RX bit=0
[tick=33500] [HOST_B] RX complete frame=0101010000010010
[tick=33500] [HOST_B] accepted segment 4 on attempt 3; sending ACK
[tick=33500] [HOST_B] last decoded frame for segment 4: 'A'
[tick=33600] [HOST_B] TX bit=0
[tick=33600] [HOST_A] RX bit=0
[tick=33700] [HOST_B] TX bit=1
[tick=33700] [HOST_A] RX bit=1
[tick=33800] [HOST_B] TX bit=0
[tick=33800] [HOST_A] RX bit=0
[tick=33900] [HOST_B] TX bit=1
[tick=33900] [HOST_A] RX bit=1
[tick=34000] [HOST_B] TX bit=1
[tick=34000] [HOST_A] RX bit=False
[tick=34100] [HOST_B] TX bit=0
[tick=34100] [HOST_A] RX bit=0
[tick=34200] [HOST_B] TX bit=0
[tick=34200] [HOST_A] RX bit=0
[tick=34300] [HOST_B] TX bit=0
[tick=34300] [HOST_A] RX bit=0
[tick=34400] [HOST_B] TX bit=0
[tick=34400] [HOST_A] RX bit=0
[tick=34500] [HOST_B] TX bit=0
[tick=34500] [HOST_A] RX bit=0
[tick=34600] [HOST_B] TX bit=0
[tick=34600] [HOST_A] RX bit=0
[tick=34700] [HOST_B] TX bit=0
[tick=34700] [HOST_A] RX bit=0
[tick=34800] [HOST_B] TX bit=1
[tick=34800] [HOST_A] RX bit=1
[tick=34900] [HOST_B] TX bit=0
[tick=34900] [HOST_A] RX bit=0
[tick=35000] [HOST_B] TX bit=1
[tick=35000] [HOST_A] RX bit=1
[tick=35100] [HOST_B] TX bit=0
[tick=35100] [HOST_A] RX bit=0
[tick=35100] [HOST_A] RX complete frame=0101000000001010
[tick=35100] [HOST_A] received corrupt ACK/NACK (status=PE); retransmitting segment 4
[tick=35200] [HOST_A] TX bit=0
[tick=35200] [HOST_B] RX bit=0
[tick=35300] [HOST_A] TX bit=1
[tick=35300] [HOST_B] RX bit=1
[tick=35400] [HOST_A] TX bit=0
[tick=35400] [HOST_B] RX bit=0
[tick=35500] [HOST_A] TX bit=0
[tick=35500] [HOST_B] RX bit=0
[tick=35600] [HOST_A] TX bit=1
[tick=35600] [HOST_B] RX bit=1
[tick=35700] [HOST_A] TX bit=0
[tick=35700] [HOST_B] RX bit=0
[tick=35800] [HOST_A] TX bit=0
[tick=35800] [HOST_B] RX bit=0
[tick=35900] [HOST_A] TX bit=0
[tick=35900] [HOST_B] RX bit=0
[tick=36000] [HOST_A] TX bit=0
[tick=36000] [HOST_B] RX bit=0
[tick=36100] [HOST_A] TX bit=0
[tick=36100] [HOST_B] RX bit=0
[tick=36200] [HOST_A] TX bit=1
[tick=36200] [HOST_B] RX bit=1
[tick=36300] [HOST_A] TX bit=0
[tick=36300] [HOST_B] RX bit=0
[tick=36400] [HOST_A] TX bit=1
[tick=36400] [HOST_B] RX bit=1
[tick=36500] [HOST_A] TX bit=0
[tick=36500] [HOST_B] RX bit=0
[tick=36600] [HOST_A] TX bit=1
[tick=36600] [HOST_B] RX bit=1
[tick=36700] [HOST_A] TX bit=0
[tick=36700] [HOST_B] RX bit=0
[tick=36700] [HOST_B] RX complete frame=0101010000010010
[tick=36700] [HOST_B] accepted segment 4 on attempt 4; sending ACK
[tick=36800] [HOST_B] TX bit=0
[tick=36800] [HOST_A] RX bit=True
[tick=36900] [HOST_B] TX bit=1
[tick=36900] [HOST_A] RX bit=1
[tick=37000] [HOST_B] TX bit=0
[tick=37000] [HOST_A] RX bit=0
[tick=37100] [HOST_B] TX bit=1
[tick=37100] [HOST_A] RX bit=1
[tick=37200] [HOST_B] TX bit=1
[tick=37200] [HOST_A] RX bit=1
[tick=37300] [HOST_B] TX bit=0
[tick=37300] [HOST_A] RX bit=0
[tick=37400] [HOST_B] TX bit=0
[tick=37400] [HOST_A] RX bit=0
[tick=37500] [HOST_B] TX bit=0
[tick=37500] [HOST_A] RX bit=True
[tick=37600] [HOST_B] TX bit=0
[tick=37600] [HOST_A] RX bit=0
[tick=37700] [HOST_B] TX bit=0
[tick=37700] [HOST_A] RX bit=0
[tick=37800] [HOST_B] TX bit=0
[tick=37800] [HOST_A] RX bit=0
[tick=37900] [HOST_B] TX bit=0
[tick=37900] [HOST_A] RX bit=0
[tick=38000] [HOST_B] TX bit=1
[tick=38000] [HOST_A] RX bit=1
[tick=38100] [HOST_B] TX bit=0
[tick=38100] [HOST_A] RX bit=0
[tick=38200] [HOST_B] TX bit=1
[tick=38200] [HOST_A] RX bit=1
[tick=38300] [HOST_B] TX bit=0
[tick=38300] [HOST_A] RX bit=0
[tick=38300] [HOST_A] RX complete frame=0101000010011011
[tick=38300] [HOST_A] received corrupt ACK/NACK (status=FE); retransmitting segment 4
[tick=38400] [HOST_A] TX bit=0
[tick=38400] [HOST_B] RX bit=0
[tick=38500] [HOST_A] TX bit=1
[tick=38500] [HOST_B] RX bit=1
[tick=38600] [HOST_A] TX bit=0
[tick=38600] [HOST_B] RX bit=0
[tick=38700] [HOST_A] TX bit=0
[tick=38700] [HOST_B] RX bit=0
[tick=38800] [HOST_A] TX bit=1
[tick=38800] [HOST_B] RX bit=1
[tick=38900] [HOST_A] TX bit=0
[tick=38900] [HOST_B] RX bit=0
[tick=39000] [HOST_A] TX bit=0
[tick=39000] [HOST_B] RX bit=0
[tick=39100] [HOST_A] TX bit=0
[tick=39100] [HOST_B] RX bit=True
[tick=39200] [HOST_A] TX bit=0
[tick=39200] [HOST_B] RX bit=0
[tick=39300] [HOST_A] TX bit=0
[tick=39300] [HOST_B] RX bit=True
[tick=39400] [HOST_A] TX bit=1
[tick=39400] [HOST_B] RX bit=1
[tick=39500] [HOST_A] TX bit=0
[tick=39500] [HOST_B] RX bit=0
[tick=39600] [HOST_A] TX bit=1
[tick=39600] [HOST_B] RX bit=False
[tick=39700] [HOST_A] TX bit=0
[tick=39700] [HOST_B] RX bit=0
[tick=39800] [HOST_A] TX bit=1
[tick=39800] [HOST_B] RX bit=1
[tick=39900] [HOST_A] TX bit=0
[tick=39900] [HOST_B] RX bit=0
[tick=39900] [HOST_B] RX complete frame=0100011010010010
[tick=39900] [HOST_B] rejected received frame and sends NACK for segment 4 (attempt 5, status=FS)
[tick=40000] [HOST_B] TX bit=0
[tick=40000] [HOST_A] RX bit=0
[tick=40100] [HOST_B] TX bit=1
[tick=40100] [HOST_A] RX bit=1
[tick=40200] [HOST_B] TX bit=0
[tick=40200] [HOST_A] RX bit=0
[tick=40300] [HOST_B] TX bit=1
[tick=40300] [HOST_A] RX bit=1
[tick=40400] [HOST_B] TX bit=0
[tick=40400] [HOST_A] RX bit=0
[tick=40500] [HOST_B] TX bit=1
[tick=40500] [HOST_A] RX bit=1
[tick=40600] [HOST_B] TX bit=0
[tick=40600] [HOST_A] RX bit=0
[tick=40700] [HOST_B] TX bit=0
[tick=40700] [HOST_A] RX bit=0
[tick=40800] [HOST_B] TX bit=0
[tick=40800] [HOST_A] RX bit=0
[tick=40900] [HOST_B] TX bit=0
[tick=40900] [HOST_A] RX bit=0
[tick=41000] [HOST_B] TX bit=0
[tick=41000] [HOST_A] RX bit=0
[tick=41100] [HOST_B] TX bit=0
[tick=41100] [HOST_A] RX bit=0
[tick=41200] [HOST_B] TX bit=1
[tick=41200] [HOST_A] RX bit=1
[tick=41300] [HOST_B] TX bit=0
[tick=41300] [HOST_A] RX bit=0
[tick=41400] [HOST_B] TX bit=1
[tick=41400] [HOST_A] RX bit=1
[tick=41500] [HOST_B] TX bit=0
[tick=41500] [HOST_A] RX bit=0
[tick=41500] [HOST_A] RX complete frame=0101000000101010
[tick=41500] [HOST_A] received NACK for segment 4; retransmitting
[tick=41600] [HOST_A] TX bit=0
[tick=41600] [HOST_B] RX bit=0
[tick=41700] [HOST_A] TX bit=1
[tick=41700] [HOST_B] RX bit=1
[tick=41800] [HOST_A] TX bit=0
[tick=41800] [HOST_B] RX bit=0
[tick=41900] [HOST_A] TX bit=0
[tick=41900] [HOST_B] RX bit=0
[tick=42000] [HOST_A] TX bit=1
[tick=42000] [HOST_B] RX bit=1
[tick=42100] [HOST_A] TX bit=0
[tick=42100] [HOST_B] RX bit=0
[tick=42200] [HOST_A] TX bit=0
[tick=42200] [HOST_B] RX bit=0
[tick=42300] [HOST_A] TX bit=0
[tick=42300] [HOST_B] RX bit=0
[tick=42400] [HOST_A] TX bit=0
[tick=42400] [HOST_B] RX bit=0
[tick=42500] [HOST_A] TX bit=0
[tick=42500] [HOST_B] RX bit=0
[tick=42600] [HOST_A] TX bit=1
[tick=42600] [HOST_B] RX bit=1
[tick=42700] [HOST_A] TX bit=0
[tick=42700] [HOST_B] RX bit=0
[tick=42800] [HOST_A] TX bit=1
[tick=42800] [HOST_B] RX bit=1
[tick=42900] [HOST_A] TX bit=0
[tick=42900] [HOST_B] RX bit=0
[tick=43000] [HOST_A] TX bit=1
[tick=43000] [HOST_B] RX bit=1
[tick=43100] [HOST_A] TX bit=0
[tick=43100] [HOST_B] RX bit=0
[tick=43100] [HOST_B] RX complete frame=0101010000010010
[tick=43100] [HOST_B] accepted segment 4 on attempt 6; sending ACK
[tick=43200] [HOST_B] TX bit=0
[tick=43200] [HOST_A] RX bit=0
[tick=43300] [HOST_B] TX bit=1
[tick=43300] [HOST_A] RX bit=1
[tick=43400] [HOST_B] TX bit=0
[tick=43400] [HOST_A] RX bit=0
[tick=43500] [HOST_B] TX bit=1
[tick=43500] [HOST_A] RX bit=1
[tick=43600] [HOST_B] TX bit=1
[tick=43600] [HOST_A] RX bit=1
[tick=43700] [HOST_B] TX bit=0
[tick=43700] [HOST_A] RX bit=0
[tick=43800] [HOST_B] TX bit=0
[tick=43800] [HOST_A] RX bit=0
[tick=43900] [HOST_B] TX bit=0
[tick=43900] [HOST_A] RX bit=0
[tick=44000] [HOST_B] TX bit=0
[tick=44000] [HOST_A] RX bit=0
[tick=44100] [HOST_B] TX bit=0
[tick=44100] [HOST_A] RX bit=0
[tick=44200] [HOST_B] TX bit=0
[tick=44200] [HOST_A] RX bit=0
[tick=44300] [HOST_B] TX bit=0
[tick=44300] [HOST_A] RX bit=0
[tick=44400] [HOST_B] TX bit=1
[tick=44400] [HOST_A] RX bit=1
[tick=44500] [HOST_B] TX bit=0
[tick=44500] [HOST_A] RX bit=0
[tick=44600] [HOST_B] TX bit=1
[tick=44600] [HOST_A] RX bit=1
[tick=44700] [HOST_B] TX bit=0
[tick=44700] [HOST_A] RX bit=0
[tick=44700] [HOST_A] RX complete frame=0101000000011010
[tick=44700] [HOST_A] received ACK for segment 4
[tick=44800] [HOST_A] TX bit=0
[tick=44800] [HOST_B] RX bit=0
[tick=44900] [HOST_A] TX bit=1
[tick=44900] [HOST_B] RX bit=1
[tick=45000] [HOST_A] TX bit=0
[tick=45000] [HOST_B] RX bit=0
[tick=45100] [HOST_A] TX bit=1
[tick=45100] [HOST_B] RX bit=1
[tick=45200] [HOST_A] TX bit=0
[tick=45200] [HOST_B] RX bit=0
[tick=45300] [HOST_A] TX bit=1
[tick=45300] [HOST_B] RX bit=1
[tick=45400] [HOST_A] TX bit=1
[tick=45400] [HOST_B] RX bit=1
[tick=45500] [HOST_A] TX bit=1
[tick=45500] [HOST_B] RX bit=1
[tick=45600] [HOST_A] TX bit=0
[tick=45600] [HOST_B] RX bit=0
[tick=45700] [HOST_A] TX bit=1
[tick=45700] [HOST_B] RX bit=1
[tick=45800] [HOST_A] TX bit=1
[tick=45800] [HOST_B] RX bit=1
[tick=45900] [HOST_A] TX bit=0
[tick=45900] [HOST_B] RX bit=0
[tick=46000] [HOST_A] TX bit=1
[tick=46000] [HOST_B] RX bit=1
[tick=46100] [HOST_A] TX bit=0
[tick=46100] [HOST_B] RX bit=0
[tick=46200] [HOST_A] TX bit=1
[tick=46200] [HOST_B] RX bit=1
[tick=46300] [HOST_A] TX bit=0
[tick=46300] [HOST_B] RX bit=0
[tick=46300] [HOST_B] RX complete frame=0101011011101010
[tick=46300] [HOST_B] accepted segment 5 on attempt 1; sending ACK
[tick=46300] [HOST_B] last decoded frame for segment 5: 'n'
[tick=46400] [HOST_B] TX bit=0
[tick=46400] [HOST_A] RX bit=True
[tick=46500] [HOST_B] TX bit=1
[tick=46500] [HOST_A] RX bit=1
[tick=46600] [HOST_B] TX bit=0
[tick=46600] [HOST_A] RX bit=0
[tick=46700] [HOST_B] TX bit=1
[tick=46700] [HOST_A] RX bit=1
[tick=46800] [HOST_B] TX bit=1
[tick=46800] [HOST_A] RX bit=1
[tick=46900] [HOST_B] TX bit=0
[tick=46900] [HOST_A] RX bit=0
[tick=47000] [HOST_B] TX bit=0
[tick=47000] [HOST_A] RX bit=0
[tick=47100] [HOST_B] TX bit=0
[tick=47100] [HOST_A] RX bit=0
[tick=47200] [HOST_B] TX bit=0
[tick=47200] [HOST_A] RX bit=0
[tick=47300] [HOST_B] TX bit=0
[tick=47300] [HOST_A] RX bit=0
[tick=47400] [HOST_B] TX bit=0
[tick=47400] [HOST_A] RX bit=0
[tick=47500] [HOST_B] TX bit=0
[tick=47500] [HOST_A] RX bit=0
[tick=47600] [HOST_B] TX bit=1
[tick=47600] [HOST_A] RX bit=1
[tick=47700] [HOST_B] TX bit=0
[tick=47700] [HOST_A] RX bit=True
[tick=47800] [HOST_B] TX bit=1
[tick=47800] [HOST_A] RX bit=1
[tick=47900] [HOST_B] TX bit=0
[tick=47900] [HOST_A] RX bit=0
[tick=47900] [HOST_A] RX complete frame=0111000000011011
[tick=47900] [HOST_A] received corrupt ACK/NACK (status=FE); retransmitting segment 5
[tick=48000] [HOST_A] TX bit=0
[tick=48000] [HOST_B] RX bit=0
[tick=48100] [HOST_A] TX bit=1
[tick=48100] [HOST_B] RX bit=1
[tick=48200] [HOST_A] TX bit=0
[tick=48200] [HOST_B] RX bit=0
[tick=48300] [HOST_A] TX bit=1
[tick=48300] [HOST_B] RX bit=1
[tick=48400] [HOST_A] TX bit=0
[tick=48400] [HOST_B] RX bit=0
[tick=48500] [HOST_A] TX bit=1
[tick=48500] [HOST_B] RX bit=1
[tick=48600] [HOST_A] TX bit=1
[tick=48600] [HOST_B] RX bit=1
[tick=48700] [HOST_A] TX bit=1
[tick=48700] [HOST_B] RX bit=1
[tick=48800] [HOST_A] TX bit=0
[tick=48800] [HOST_B] RX bit=0
[tick=48900] [HOST_A] TX bit=1
[tick=48900] [HOST_B] RX bit=1
[tick=49000] [HOST_A] TX bit=1
[tick=49000] [HOST_B] RX bit=1
[tick=49100] [HOST_A] TX bit=0
[tick=49100] [HOST_B] RX bit=0
[tick=49200] [HOST_A] TX bit=1
[tick=49200] [HOST_B] RX bit=1
[tick=49300] [HOST_A] TX bit=0
[tick=49300] [HOST_B] RX bit=0
[tick=49400] [HOST_A] TX bit=1
[tick=49400] [HOST_B] RX bit=1
[tick=49500] [HOST_A] TX bit=0
[tick=49500] [HOST_B] RX bit=0
[tick=49500] [HOST_B] RX complete frame=0101011011101010
[tick=49500] [HOST_B] accepted segment 5 on attempt 2; sending ACK
[tick=49600] [HOST_B] TX bit=0
[tick=49600] [HOST_A] RX bit=0
[tick=49700] [HOST_B] TX bit=1
[tick=49700] [HOST_A] RX bit=1
[tick=49800] [HOST_B] TX bit=0
[tick=49800] [HOST_A] RX bit=0
[tick=49900] [HOST_B] TX bit=1
[tick=49900] [HOST_A] RX bit=1
[tick=50000] [HOST_B] TX bit=1
[tick=50000] [HOST_A] RX bit=1
[tick=50100] [HOST_B] TX bit=0
[tick=50100] [HOST_A] RX bit=0
[tick=50200] [HOST_B] TX bit=0
[tick=50200] [HOST_A] RX bit=0
[tick=50300] [HOST_B] TX bit=0
[tick=50300] [HOST_A] RX bit=0
[tick=50400] [HOST_B] TX bit=0
[tick=50400] [HOST_A] RX bit=0
[tick=50500] [HOST_B] TX bit=0
[tick=50500] [HOST_A] RX bit=0
[tick=50600] [HOST_B] TX bit=0
[tick=50600] [HOST_A] RX bit=0
[tick=50700] [HOST_B] TX bit=0
[tick=50700] [HOST_A] RX bit=0
[tick=50800] [HOST_B] TX bit=1
[tick=50800] [HOST_A] RX bit=1
[tick=50900] [HOST_B] TX bit=0
[tick=50900] [HOST_A] RX bit=0
[tick=51000] [HOST_B] TX bit=1
[tick=51000] [HOST_A] RX bit=1
[tick=51100] [HOST_B] TX bit=0
[tick=51100] [HOST_A] RX bit=0
[tick=51100] [HOST_A] RX complete frame=0101000000011010
[tick=51100] [HOST_A] received ACK for segment 5
[tick=51200] [HOST_A] TX bit=0
[tick=51200] [HOST_B] RX bit=0
[tick=51300] [HOST_A] TX bit=1
[tick=51300] [HOST_B] RX bit=1
[tick=51400] [HOST_A] TX bit=0
[tick=51400] [HOST_B] RX bit=0
[tick=51500] [HOST_A] TX bit=0
[tick=51500] [HOST_B] RX bit=0
[tick=51600] [HOST_A] TX bit=1
[tick=51600] [HOST_B] RX bit=1
[tick=51700] [HOST_A] TX bit=0
[tick=51700] [HOST_B] RX bit=0
[tick=51800] [HOST_A] TX bit=1
[tick=51800] [HOST_B] RX bit=1
[tick=51900] [HOST_A] TX bit=1
[tick=51900] [HOST_B] RX bit=1
[tick=52000] [HOST_A] TX bit=0
[tick=52000] [HOST_B] RX bit=0
[tick=52100] [HOST_A] TX bit=1
[tick=52100] [HOST_B] RX bit=1
[tick=52200] [HOST_A] TX bit=0
[tick=52200] [HOST_B] RX bit=0
[tick=52300] [HOST_A] TX bit=0
[tick=52300] [HOST_B] RX bit=0
[tick=52400] [HOST_A] TX bit=1
[tick=52400] [HOST_B] RX bit=1
[tick=52500] [HOST_A] TX bit=0
[tick=52500] [HOST_B] RX bit=0
[tick=52600] [HOST_A] TX bit=1
[tick=52600] [HOST_B] RX bit=1
[tick=52700] [HOST_A] TX bit=0
[tick=52700] [HOST_B] RX bit=0
[tick=52700] [HOST_B] RX complete frame=0101001011010010
[tick=52700] [HOST_B] accepted segment 6 on attempt 1; sending ACK
[tick=52700] [HOST_B] last decoded frame for segment 6: '-'
[tick=52800] [HOST_B] TX bit=0
[tick=52800] [HOST_A] RX bit=0
[tick=52900] [HOST_B] TX bit=1
[tick=52900] [HOST_A] RX bit=1
[tick=53000] [HOST_B] TX bit=0
[tick=53000] [HOST_A] RX bit=0
[tick=53100] [HOST_B] TX bit=1
[tick=53100] [HOST_A] RX bit=1
[tick=53200] [HOST_B] TX bit=1
[tick=53200] [HOST_A] RX bit=False
[tick=53300] [HOST_B] TX bit=0
[tick=53300] [HOST_A] RX bit=0
[tick=53400] [HOST_B] TX bit=0
[tick=53400] [HOST_A] RX bit=0
[tick=53500] [HOST_B] TX bit=0
[tick=53500] [HOST_A] RX bit=0
[tick=53600] [HOST_B] TX bit=0
[tick=53600] [HOST_A] RX bit=0
[tick=53700] [HOST_B] TX bit=0
[tick=53700] [HOST_A] RX bit=0
[tick=53800] [HOST_B] TX bit=0
[tick=53800] [HOST_A] RX bit=0
[tick=53900] [HOST_B] TX bit=0
[tick=53900] [HOST_A] RX bit=0
[tick=54000] [HOST_B] TX bit=1
[tick=54000] [HOST_A] RX bit=1
[tick=54100] [HOST_B] TX bit=0
[tick=54100] [HOST_A] RX bit=0
[tick=54200] [HOST_B] TX bit=1
[tick=54200] [HOST_A] RX bit=1
[tick=54300] [HOST_B] TX bit=0
[tick=54300] [HOST_A] RX bit=0
[tick=54300] [HOST_A] RX complete frame=0101000000001010
[tick=54300] [HOST_A] received corrupt ACK/NACK (status=PE); retransmitting segment 6
[tick=54400] [HOST_A] TX bit=0
[tick=54400] [HOST_B] RX bit=0
[tick=54500] [HOST_A] TX bit=1
[tick=54500] [HOST_B] RX bit=1
[tick=54600] [HOST_A] TX bit=0
[tick=54600] [HOST_B] RX bit=0
[tick=54700] [HOST_A] TX bit=0
[tick=54700] [HOST_B] RX bit=0
[tick=54800] [HOST_A] TX bit=1
[tick=54800] [HOST_B] RX bit=1
[tick=54900] [HOST_A] TX bit=0
[tick=54900] [HOST_B] RX bit=0
[tick=55000] [HOST_A] TX bit=1
[tick=55000] [HOST_B] RX bit=1
[tick=55100] [HOST_A] TX bit=1
[tick=55100] [HOST_B] RX bit=1
[tick=55200] [HOST_A] TX bit=0
[tick=55200] [HOST_B] RX bit=0
[tick=55300] [HOST_A] TX bit=1
[tick=55300] [HOST_B] RX bit=1
[tick=55400] [HOST_A] TX bit=0
[tick=55400] [HOST_B] RX bit=0
[tick=55500] [HOST_A] TX bit=0
[tick=55500] [HOST_B] RX bit=0
[tick=55600] [HOST_A] TX bit=1
[tick=55600] [HOST_B] RX bit=1
[tick=55700] [HOST_A] TX bit=0
[tick=55700] [HOST_B] RX bit=0
[tick=55800] [HOST_A] TX bit=1
[tick=55800] [HOST_B] RX bit=1
[tick=55900] [HOST_A] TX bit=0
[tick=55900] [HOST_B] RX bit=0
[tick=55900] [HOST_B] RX complete frame=0101001011010010
[tick=55900] [HOST_B] accepted segment 6 on attempt 2; sending ACK
[tick=56000] [HOST_B] TX bit=0
[tick=56000] [HOST_A] RX bit=0
[tick=56100] [HOST_B] TX bit=1
[tick=56100] [HOST_A] RX bit=1
[tick=56200] [HOST_B] TX bit=0
[tick=56200] [HOST_A] RX bit=0
[tick=56300] [HOST_B] TX bit=1
[tick=56300] [HOST_A] RX bit=1
[tick=56400] [HOST_B] TX bit=1
[tick=56400] [HOST_A] RX bit=1
[tick=56500] [HOST_B] TX bit=0
[tick=56500] [HOST_A] RX bit=0
[tick=56600] [HOST_B] TX bit=0
[tick=56600] [HOST_A] RX bit=0
[tick=56700] [HOST_B] TX bit=0
[tick=56700] [HOST_A] RX bit=0
[tick=56800] [HOST_B] TX bit=0
[tick=56800] [HOST_A] RX bit=0
[tick=56900] [HOST_B] TX bit=0
[tick=56900] [HOST_A] RX bit=0
[tick=57000] [HOST_B] TX bit=0
[tick=57000] [HOST_A] RX bit=0
[tick=57100] [HOST_B] TX bit=0
[tick=57100] [HOST_A] RX bit=0
[tick=57200] [HOST_B] TX bit=1
[tick=57200] [HOST_A] RX bit=1
[tick=57300] [HOST_B] TX bit=0
[tick=57300] [HOST_A] RX bit=0
[tick=57400] [HOST_B] TX bit=1
[tick=57400] [HOST_A] RX bit=1
[tick=57500] [HOST_B] TX bit=0
[tick=57500] [HOST_A] RX bit=0
[tick=57500] [HOST_A] RX complete frame=0101000000011010
[tick=57500] [HOST_A] received ACK for segment 6
[tick=57600] [HOST_A] TX bit=0
[tick=57600] [HOST_B] RX bit=0
[tick=57700] [HOST_A] TX bit=1
[tick=57700] [HOST_B] RX bit=1
[tick=57800] [HOST_A] TX bit=0
[tick=57800] [HOST_B] RX bit=0
[tick=57900] [HOST_A] TX bit=1
[tick=57900] [HOST_B] RX bit=1
[tick=58000] [HOST_A] TX bit=0
[tick=58000] [HOST_B] RX bit=0
[tick=58100] [HOST_A] TX bit=0
[tick=58100] [HOST_B] RX bit=0
[tick=58200] [HOST_A] TX bit=1
[tick=58200] [HOST_B] RX bit=1
[tick=58300] [HOST_A] TX bit=0
[tick=58300] [HOST_B] RX bit=0
[tick=58400] [HOST_A] TX bit=1
[tick=58400] [HOST_B] RX bit=1
[tick=58500] [HOST_A] TX bit=0
[tick=58500] [HOST_B] RX bit=0
[tick=58600] [HOST_A] TX bit=1
[tick=58600] [HOST_B] RX bit=1
[tick=58700] [HOST_A] TX bit=0
[tick=58700] [HOST_B] RX bit=0
[tick=58800] [HOST_A] TX bit=1
[tick=58800] [HOST_B] RX bit=1
[tick=58900] [HOST_A] TX bit=0
[tick=58900] [HOST_B] RX bit=0
[tick=59000] [HOST_A] TX bit=1
[tick=59000] [HOST_B] RX bit=1
[tick=59100] [HOST_A] TX bit=0
[tick=59100] [HOST_B] RX bit=0
[tick=59100] [HOST_B] RX complete frame=0101010101001010
[tick=59100] [HOST_B] accepted segment 7 on attempt 1; sending ACK
[tick=59100] [HOST_B] last decoded frame for segment 7: 'T'
[tick=59200] [HOST_B] TX bit=0
[tick=59200] [HOST_A] RX bit=0
[tick=59300] [HOST_B] TX bit=1
[tick=59300] [HOST_A] RX bit=1
[tick=59400] [HOST_B] TX bit=0
[tick=59400] [HOST_A] RX bit=0
[tick=59500] [HOST_B] TX bit=1
[tick=59500] [HOST_A] RX bit=1
[tick=59600] [HOST_B] TX bit=1
[tick=59600] [HOST_A] RX bit=1
[tick=59700] [HOST_B] TX bit=0
[tick=59700] [HOST_A] RX bit=0
[tick=59800] [HOST_B] TX bit=0
[tick=59800] [HOST_A] RX bit=0
[tick=59900] [HOST_B] TX bit=0
[tick=59900] [HOST_A] RX bit=True
[tick=60000] [HOST_B] TX bit=0
[tick=60000] [HOST_A] RX bit=0
[tick=60100] [HOST_B] TX bit=0
[tick=60100] [HOST_A] RX bit=0
[tick=60200] [HOST_B] TX bit=0
[tick=60200] [HOST_A] RX bit=0
[tick=60300] [HOST_B] TX bit=0
[tick=60300] [HOST_A] RX bit=0
[tick=60400] [HOST_B] TX bit=1
[tick=60400] [HOST_A] RX bit=1
[tick=60500] [HOST_B] TX bit=0
[tick=60500] [HOST_A] RX bit=0
[tick=60600] [HOST_B] TX bit=1
[tick=60600] [HOST_A] RX bit=1
[tick=60700] [HOST_B] TX bit=0
[tick=60700] [HOST_A] RX bit=0
[tick=60700] [HOST_A] RX complete frame=0101000010011010
[tick=60700] [HOST_A] received corrupt ACK/NACK (status=PE); retransmitting segment 7
[tick=60800] [HOST_A] TX bit=0
[tick=60800] [HOST_B] RX bit=0
[tick=60900] [HOST_A] TX bit=1
[tick=60900] [HOST_B] RX bit=1
[tick=61000] [HOST_A] TX bit=0
[tick=61000] [HOST_B] RX bit=0
[tick=61100] [HOST_A] TX bit=1
[tick=61100] [HOST_B] RX bit=1
[tick=61200] [HOST_A] TX bit=0
[tick=61200] [HOST_B] RX bit=0
[tick=61300] [HOST_A] TX bit=0
[tick=61300] [HOST_B] RX bit=0
[tick=61400] [HOST_A] TX bit=1
[tick=61400] [HOST_B] RX bit=1
[tick=61500] [HOST_A] TX bit=0
[tick=61500] [HOST_B] RX bit=0
[tick=61600] [HOST_A] TX bit=1
[tick=61600] [HOST_B] RX bit=1
[tick=61700] [HOST_A] TX bit=0
[tick=61700] [HOST_B] RX bit=0
[tick=61800] [HOST_A] TX bit=1
[tick=61800] [HOST_B] RX bit=1
[tick=61900] [HOST_A] TX bit=0
[tick=61900] [HOST_B] RX bit=0
[tick=62000] [HOST_A] TX bit=1
[tick=62000] [HOST_B] RX bit=1
[tick=62100] [HOST_A] TX bit=0
[tick=62100] [HOST_B] RX bit=0
[tick=62200] [HOST_A] TX bit=1
[tick=62200] [HOST_B] RX bit=1
[tick=62300] [HOST_A] TX bit=0
[tick=62300] [HOST_B] RX bit=0
[tick=62300] [HOST_B] RX complete frame=0101010101001010
[tick=62300] [HOST_B] accepted segment 7 on attempt 2; sending ACK
[tick=62400] [HOST_B] TX bit=0
[tick=62400] [HOST_A] RX bit=True
[tick=62500] [HOST_B] TX bit=1
[tick=62500] [HOST_A] RX bit=1
[tick=62600] [HOST_B] TX bit=0
[tick=62600] [HOST_A] RX bit=0
[tick=62700] [HOST_B] TX bit=1
[tick=62700] [HOST_A] RX bit=1
[tick=62800] [HOST_B] TX bit=1
[tick=62800] [HOST_A] RX bit=1
[tick=62900] [HOST_B] TX bit=0
[tick=62900] [HOST_A] RX bit=0
[tick=63000] [HOST_B] TX bit=0
[tick=63000] [HOST_A] RX bit=0
[tick=63100] [HOST_B] TX bit=0
[tick=63100] [HOST_A] RX bit=0
[tick=63200] [HOST_B] TX bit=0
[tick=63200] [HOST_A] RX bit=0
[tick=63300] [HOST_B] TX bit=0
[tick=63300] [HOST_A] RX bit=0
[tick=63400] [HOST_B] TX bit=0
[tick=63400] [HOST_A] RX bit=0
[tick=63500] [HOST_B] TX bit=0
[tick=63500] [HOST_A] RX bit=0
[tick=63600] [HOST_B] TX bit=1
[tick=63600] [HOST_A] RX bit=1
[tick=63700] [HOST_B] TX bit=0
[tick=63700] [HOST_A] RX bit=0
[tick=63800] [HOST_B] TX bit=1
[tick=63800] [HOST_A] RX bit=1
[tick=63900] [HOST_B] TX bit=0
[tick=63900] [HOST_A] RX bit=0
[tick=63900] [HOST_A] RX complete frame=0101000000011011
[tick=63900] [HOST_A] received corrupt ACK/NACK (status=FE); retransmitting segment 7
[tick=64000] [HOST_A] TX bit=0
[tick=64000] [HOST_B] RX bit=0
[tick=64100] [HOST_A] TX bit=1
[tick=64100] [HOST_B] RX bit=1
[tick=64200] [HOST_A] TX bit=0
[tick=64200] [HOST_B] RX bit=0
[tick=64300] [HOST_A] TX bit=1
[tick=64300] [HOST_B] RX bit=1
[tick=64400] [HOST_A] TX bit=0
[tick=64400] [HOST_B] RX bit=0
[tick=64500] [HOST_A] TX bit=0
[tick=64500] [HOST_B] RX bit=0
[tick=64600] [HOST_A] TX bit=1
[tick=64600] [HOST_B] RX bit=False
[tick=64700] [HOST_A] TX bit=0
[tick=64700] [HOST_B] RX bit=0
[tick=64800] [HOST_A] TX bit=1
[tick=64800] [HOST_B] RX bit=1
[tick=64900] [HOST_A] TX bit=0
[tick=64900] [HOST_B] RX bit=0
[tick=65000] [HOST_A] TX bit=1
[tick=65000] [HOST_B] RX bit=1
[tick=65100] [HOST_A] TX bit=0
[tick=65100] [HOST_B] RX bit=0
[tick=65200] [HOST_A] TX bit=1
[tick=65200] [HOST_B] RX bit=1
[tick=65300] [HOST_A] TX bit=0
[tick=65300] [HOST_B] RX bit=0
[tick=65400] [HOST_A] TX bit=1
[tick=65400] [HOST_B] RX bit=1
[tick=65500] [HOST_A] TX bit=0
[tick=65500] [HOST_B] RX bit=0
[tick=65500] [HOST_B] RX complete frame=0101010100001010
[tick=65500] [HOST_B] rejected received frame and sends NACK for segment 7 (attempt 3, status=PE)
[tick=65600] [HOST_B] TX bit=0
[tick=65600] [HOST_A] RX bit=0
[tick=65700] [HOST_B] TX bit=1
[tick=65700] [HOST_A] RX bit=1
[tick=65800] [HOST_B] TX bit=0
[tick=65800] [HOST_A] RX bit=0
[tick=65900] [HOST_B] TX bit=1
[tick=65900] [HOST_A] RX bit=1
[tick=66000] [HOST_B] TX bit=0
[tick=66000] [HOST_A] RX bit=0
[tick=66100] [HOST_B] TX bit=1
[tick=66100] [HOST_A] RX bit=1
[tick=66200] [HOST_B] TX bit=0
[tick=66200] [HOST_A] RX bit=0
[tick=66300] [HOST_B] TX bit=0
[tick=66300] [HOST_A] RX bit=0
[tick=66400] [HOST_B] TX bit=0
[tick=66400] [HOST_A] RX bit=0
[tick=66500] [HOST_B] TX bit=0
[tick=66500] [HOST_A] RX bit=0
[tick=66600] [HOST_B] TX bit=0
[tick=66600] [HOST_A] RX bit=0
[tick=66700] [HOST_B] TX bit=0
[tick=66700] [HOST_A] RX bit=0
[tick=66800] [HOST_B] TX bit=1
[tick=66800] [HOST_A] RX bit=1
[tick=66900] [HOST_B] TX bit=0
[tick=66900] [HOST_A] RX bit=0
[tick=67000] [HOST_B] TX bit=1
[tick=67000] [HOST_A] RX bit=1
[tick=67100] [HOST_B] TX bit=0
[tick=67100] [HOST_A] RX bit=0
[tick=67100] [HOST_A] RX complete frame=0101000000101010
[tick=67100] [HOST_A] received NACK for segment 7; retransmitting
[tick=67200] [HOST_A] TX bit=0
[tick=67200] [HOST_B] RX bit=0
[tick=67300] [HOST_A] TX bit=1
[tick=67300] [HOST_B] RX bit=1
[tick=67400] [HOST_A] TX bit=0
[tick=67400] [HOST_B] RX bit=0
[tick=67500] [HOST_A] TX bit=1
[tick=67500] [HOST_B] RX bit=1
[tick=67600] [HOST_A] TX bit=0
[tick=67600] [HOST_B] RX bit=0
[tick=67700] [HOST_A] TX bit=0
[tick=67700] [HOST_B] RX bit=0
[tick=67800] [HOST_A] TX bit=1
[tick=67800] [HOST_B] RX bit=1
[tick=67900] [HOST_A] TX bit=0
[tick=67900] [HOST_B] RX bit=0
[tick=68000] [HOST_A] TX bit=1
[tick=68000] [HOST_B] RX bit=False
[tick=68100] [HOST_A] TX bit=0
[tick=68100] [HOST_B] RX bit=0
[tick=68200] [HOST_A] TX bit=1
[tick=68200] [HOST_B] RX bit=1
[tick=68300] [HOST_A] TX bit=0
[tick=68300] [HOST_B] RX bit=0
[tick=68400] [HOST_A] TX bit=1
[tick=68400] [HOST_B] RX bit=1
[tick=68500] [HOST_A] TX bit=0
[tick=68500] [HOST_B] RX bit=True
[tick=68600] [HOST_A] TX bit=1
[tick=68600] [HOST_B] RX bit=1
[tick=68700] [HOST_A] TX bit=0
[tick=68700] [HOST_B] RX bit=0
[tick=68700] [HOST_B] RX complete frame=0111010001001010
[tick=68700] [HOST_B] rejected received frame and sends NACK for segment 7 (attempt 4, status=PE)
[tick=68800] [HOST_B] TX bit=0
[tick=68800] [HOST_A] RX bit=0
[tick=68900] [HOST_B] TX bit=1
[tick=68900] [HOST_A] RX bit=1
[tick=69000] [HOST_B] TX bit=0
[tick=69000] [HOST_A] RX bit=0
[tick=69100] [HOST_B] TX bit=1
[tick=69100] [HOST_A] RX bit=1
[tick=69200] [HOST_B] TX bit=0
[tick=69200] [HOST_A] RX bit=0
[tick=69300] [HOST_B] TX bit=1
[tick=69300] [HOST_A] RX bit=False
[tick=69400] [HOST_B] TX bit=0
[tick=69400] [HOST_A] RX bit=0
[tick=69500] [HOST_B] TX bit=0
[tick=69500] [HOST_A] RX bit=True
[tick=69600] [HOST_B] TX bit=0
[tick=69600] [HOST_A] RX bit=0
[tick=69700] [HOST_B] TX bit=0
[tick=69700] [HOST_A] RX bit=0
[tick=69800] [HOST_B] TX bit=0
[tick=69800] [HOST_A] RX bit=0
[tick=69900] [HOST_B] TX bit=0
[tick=69900] [HOST_A] RX bit=0
[tick=70000] [HOST_B] TX bit=1
[tick=70000] [HOST_A] RX bit=1
[tick=70100] [HOST_B] TX bit=0
[tick=70100] [HOST_A] RX bit=0
[tick=70200] [HOST_B] TX bit=1
[tick=70200] [HOST_A] RX bit=1
[tick=70300] [HOST_B] TX bit=0
[tick=70300] [HOST_A] RX bit=0
[tick=70300] [HOST_A] RX complete frame=0101000010001010
[tick=70300] [HOST_A] received unknown feedback 8; retransmitting segment 7
[tick=70400] [HOST_A] TX bit=0
[tick=70400] [HOST_B] RX bit=0
[tick=70500] [HOST_A] TX bit=1
[tick=70500] [HOST_B] RX bit=1
[tick=70600] [HOST_A] TX bit=0
[tick=70600] [HOST_B] RX bit=0
[tick=70700] [HOST_A] TX bit=1
[tick=70700] [HOST_B] RX bit=1
[tick=70800] [HOST_A] TX bit=0
[tick=70800] [HOST_B] RX bit=0
[tick=70900] [HOST_A] TX bit=0
[tick=70900] [HOST_B] RX bit=0
[tick=71000] [HOST_A] TX bit=1
[tick=71000] [HOST_B] RX bit=1
[tick=71100] [HOST_A] TX bit=0
[tick=71100] [HOST_B] RX bit=0
[tick=71200] [HOST_A] TX bit=1
[tick=71200] [HOST_B] RX bit=1
[tick=71300] [HOST_A] TX bit=0
[tick=71300] [HOST_B] RX bit=0
[tick=71400] [HOST_A] TX bit=1
[tick=71400] [HOST_B] RX bit=1
[tick=71500] [HOST_A] TX bit=0
[tick=71500] [HOST_B] RX bit=0
[tick=71600] [HOST_A] TX bit=1
[tick=71600] [HOST_B] RX bit=1
[tick=71700] [HOST_A] TX bit=0
[tick=71700] [HOST_B] RX bit=0
[tick=71800] [HOST_A] TX bit=1
[tick=71800] [HOST_B] RX bit=1
[tick=71900] [HOST_A] TX bit=0
[tick=71900] [HOST_B] RX bit=0
[tick=71900] [HOST_B] RX complete frame=0101010101001010
[tick=71900] [HOST_B] accepted segment 7 on attempt 5; sending ACK
[tick=72000] [HOST_B] TX bit=0
[tick=72000] [HOST_A] RX bit=0
[tick=72100] [HOST_B] TX bit=1
[tick=72100] [HOST_A] RX bit=1
[tick=72200] [HOST_B] TX bit=0
[tick=72200] [HOST_A] RX bit=0
[tick=72300] [HOST_B] TX bit=1
[tick=72300] [HOST_A] RX bit=1
[tick=72400] [HOST_B] TX bit=1
[tick=72400] [HOST_A] RX bit=1
[tick=72500] [HOST_B] TX bit=0
[tick=72500] [HOST_A] RX bit=0
[tick=72600] [HOST_B] TX bit=0
[tick=72600] [HOST_A] RX bit=0
[tick=72700] [HOST_B] TX bit=0
[tick=72700] [HOST_A] RX bit=0
[tick=72800] [HOST_B] TX bit=0
[tick=72800] [HOST_A] RX bit=0
[tick=72900] [HOST_B] TX bit=0
[tick=72900] [HOST_A] RX bit=0
[tick=73000] [HOST_B] TX bit=0
[tick=73000] [HOST_A] RX bit=0
[tick=73100] [HOST_B] TX bit=0
[tick=73100] [HOST_A] RX bit=0
[tick=73200] [HOST_B] TX bit=1
[tick=73200] [HOST_A] RX bit=1
[tick=73300] [HOST_B] TX bit=0
[tick=73300] [HOST_A] RX bit=0
[tick=73400] [HOST_B] TX bit=1
[tick=73400] [HOST_A] RX bit=1
[tick=73500] [HOST_B] TX bit=0
[tick=73500] [HOST_A] RX bit=0
[tick=73500] [HOST_A] RX complete frame=0101000000011010
[tick=73500] [HOST_A] received ACK for segment 7
